<CellularAutomaton>
	<Header>
		<name>Self-Reproducing RPCA SR8 RPTx (auto-completed)</name>
		<comment>This is a reversible cellualr space in which self-reproducing R-Worms and R-Loops can live. (Jan. 6, 1995)</comment>
		<creationDate>13/02/13 17:32:09</creationDate>
	</Header>
	<Geometry type="RhombPTFactory">
		<cellRange>{{-16, -16}, {40, 40}}</cellRange>
		<offsetValues>0.000, 0.100, -0.100, 0.200, -0.200</offsetValues>
	</Geometry>
	<CellFile src="sr8RPT-loop-deg4-DB">
	<Rule>
		<defaultValue>0.00, 0.00, 0.00, 0.00, 0.00</defaultValue>
		<parameter>
			alpha, (0.000, 1.000);
			beta, (-1.000, 1.000);
			gamma, (0.000, 2.000);
		</parameter>
		<infixExpression>
			(c, nw, ne, se, sw) = hash(center(), NE().sw, SE().nw, SW().ne, NW().se)
		</infixExpression>
		<Hash>
			<undefinedDefault>0.00, 0.00, 0.00, 0.00, 0.00</undefinedDefault>
			<rotational>YES</rotational>
			<transitionRules>
				%#:0白 A:1青 B:2赤 C:3緑 D:4黄 +:5紫 -:6黒 *:7水色;
				% A:1 B:2 C:3 D:4 +:5 -:6 *:7;
				% (0) Quiescent State;
				(0|0,0,0,0) => (0|0,0,0,0);
				% (1) Signal Propagation ;
				(1|1,0,5,0) => (1|5,0,1,0);
				(1|0,1,0,5) => (1|0,5,0,1);
				(1|5,0,1,0) => (1|1,0,5,0);
				(1|0,5,0,1) => (1|0,1,0,5);
				(1|2,0,5,0) => (2|5,0,1,0);
				(1|0,2,0,5) => (2|0,5,0,1);
				(1|5,0,2,0) => (2|1,0,5,0);
				(1|0,5,0,2) => (2|0,1,0,5);
				(1|3,0,5,0) => (3|5,0,1,0);
				(1|0,3,0,5) => (3|0,5,0,1);
				(1|5,0,3,0) => (3|1,0,5,0);
				(1|0,5,0,3) => (3|0,1,0,5);
				(2|1,0,5,0) => (1|5,0,2,0);
				(2|0,1,0,5) => (1|0,5,0,2);
				(2|5,0,1,0) => (1|2,0,5,0);
				(2|0,5,0,1) => (1|0,2,0,5);
				(2|2,0,5,0) => (2|5,0,2,0);
				(2|0,2,0,5) => (2|0,5,0,2);
				(2|5,0,2,0) => (2|2,0,5,0);
				(2|0,5,0,2) => (2|0,2,0,5);
				(2|3,0,5,0) => (3|5,0,2,0);
				(2|0,3,0,5) => (3|0,5,0,2);
				(2|5,0,3,0) => (3|2,0,5,0);
				(2|0,5,0,3) => (3|0,2,0,5);
				(3|1,0,5,0) => (1|5,0,3,0);
				(3|0,1,0,5) => (1|0,5,0,3);
				(3|5,0,1,0) => (1|3,0,5,0);
				(3|0,5,0,1) => (1|0,3,0,5);
				(3|2,0,5,0) => (2|5,0,3,0);
				(3|0,2,0,5) => (2|0,5,0,3);
				(3|5,0,2,0) => (2|3,0,5,0);
				(3|0,5,0,2) => (2|0,3,0,5);
				(3|3,0,5,0) => (3|5,0,3,0);
				(3|0,3,0,5) => (3|0,5,0,3);
				(3|5,0,3,0) => (3|3,0,5,0);
				(3|0,5,0,3) => (3|0,3,0,5);
				(1|1,5,0,0) => (1|5,1,0,0);
				(1|0,1,5,0) => (1|0,5,1,0);
				(1|0,0,1,5) => (1|0,0,5,1);
				(1|5,0,0,1) => (1|1,0,0,5);
				(1|2,5,0,0) => (2|5,1,0,0);
				(1|0,2,5,0) => (2|0,5,1,0);
				(1|0,0,2,5) => (2|0,0,5,1);
				(1|5,0,0,2) => (2|1,0,0,5);
				(1|3,5,0,0) => (3|5,1,0,0);
				(1|0,3,5,0) => (3|0,5,1,0);
				(1|0,0,3,5) => (3|0,0,5,1);
				(1|5,0,0,3) => (3|1,0,0,5);
				(2|1,5,0,0) => (1|5,2,0,0);
				(2|0,1,5,0) => (1|0,5,2,0);
				(2|0,0,1,5) => (1|0,0,5,2);
				(2|5,0,0,1) => (1|2,0,0,5);
				(2|2,5,0,0) => (2|5,2,0,0);
				(2|0,2,5,0) => (2|0,5,2,0);
				(2|0,0,2,5) => (2|0,0,5,2);
				(2|5,0,0,2) => (2|2,0,0,5);
				(2|3,5,0,0) => (3|5,2,0,0);
				(2|0,3,5,0) => (3|0,5,2,0);
				(2|0,0,3,5) => (3|0,0,5,2);
				(2|5,0,0,3) => (3|2,0,0,5);
				(3|1,5,0,0) => (1|5,3,0,0);
				(3|0,1,5,0) => (1|0,5,3,0);
				(3|0,0,1,5) => (1|0,0,5,3);
				(3|5,0,0,1) => (1|3,0,0,5);
				(3|2,5,0,0) => (2|5,3,0,0);
				(3|0,2,5,0) => (2|0,5,3,0);
				(3|0,0,2,5) => (2|0,0,5,3);
				(3|5,0,0,2) => (2|3,0,0,5);
				(3|3,5,0,0) => (3|5,3,0,0);
				(3|0,3,5,0) => (3|0,5,3,0);
				(3|0,0,3,5) => (3|0,0,5,3);
				(3|5,0,0,3) => (3|3,0,0,5);
				(1|1,0,0,5) => (1|5,0,0,1);
				(1|5,1,0,0) => (1|1,5,0,0);
				(1|0,5,1,0) => (1|0,1,5,0);
				(1|0,0,5,1) => (1|0,0,1,5);
				(1|2,0,0,5) => (2|5,0,0,1);
				(1|5,2,0,0) => (2|1,5,0,0);
				(1|0,5,2,0) => (2|0,1,5,0);
				(1|0,0,5,2) => (2|0,0,1,5);
				(1|3,0,0,5) => (3|5,0,0,1);
				(1|5,3,0,0) => (3|1,5,0,0);
				(1|0,5,3,0) => (3|0,1,5,0);
				(1|0,0,5,3) => (3|0,0,1,5);
				(2|1,0,0,5) => (1|5,0,0,2);
				(2|5,1,0,0) => (1|2,5,0,0);
				(2|0,5,1,0) => (1|0,2,5,0);
				(2|0,0,5,1) => (1|0,0,2,5);
				(2|2,0,0,5) => (2|5,0,0,2);
				(2|5,2,0,0) => (2|2,5,0,0);
				(2|0,5,2,0) => (2|0,2,5,0);
				(2|0,0,5,2) => (2|0,0,2,5);
				(2|3,0,0,5) => (3|5,0,0,2);
				(2|5,3,0,0) => (3|2,5,0,0);
				(2|0,5,3,0) => (3|0,2,5,0);
				(2|0,0,5,3) => (3|0,0,2,5);
				(3|1,0,0,5) => (1|5,0,0,3);
				(3|5,1,0,0) => (1|3,5,0,0);
				(3|0,5,1,0) => (1|0,3,5,0);
				(3|0,0,5,1) => (1|0,0,3,5);
				(3|2,0,0,5) => (2|5,0,0,3);
				(3|5,2,0,0) => (2|3,5,0,0);
				(3|0,5,2,0) => (2|0,3,5,0);
				(3|0,0,5,2) => (2|0,0,3,5);
				(3|3,0,0,5) => (3|5,0,0,3);
				(3|5,3,0,0) => (3|3,5,0,0);
				(3|0,5,3,0) => (3|0,3,5,0);
				(3|0,0,5,3) => (3|0,0,3,5);
				(1|1,5,5,0) => (1|5,1,1,0);
				(1|0,1,5,5) => (1|0,5,1,1);
				(1|5,0,1,5) => (1|1,0,5,1);
				(1|5,5,0,1) => (1|1,1,0,5);
				(1|2,5,5,0) => (2|5,1,1,0);
				(1|0,2,5,5) => (2|0,5,1,1);
				(1|5,0,2,5) => (2|1,0,5,1);
				(1|5,5,0,2) => (2|1,1,0,5);
				(1|3,5,5,0) => (3|5,1,1,0);
				(1|0,3,5,5) => (3|0,5,1,1);
				(1|5,0,3,5) => (3|1,0,5,1);
				(1|5,5,0,3) => (3|1,1,0,5);
				(2|1,5,5,0) => (1|5,2,2,0);
				(2|0,1,5,5) => (1|0,5,2,2);
				(2|5,0,1,5) => (1|2,0,5,2);
				(2|5,5,0,1) => (1|2,2,0,5);
				(2|2,5,5,0) => (2|5,2,2,0);
				(2|0,2,5,5) => (2|0,5,2,2);
				(2|5,0,2,5) => (2|2,0,5,2);
				(2|5,5,0,2) => (2|2,2,0,5);
				(2|3,5,5,0) => (3|5,2,2,0);
				(2|0,3,5,5) => (3|0,5,2,2);
				(2|5,0,3,5) => (3|2,0,5,2);
				(2|5,5,0,3) => (3|2,2,0,5);
				(3|1,5,5,0) => (1|5,3,3,0);
				(3|0,1,5,5) => (1|0,5,3,3);
				(3|5,0,1,5) => (1|3,0,5,3);
				(3|5,5,0,1) => (1|3,3,0,5);
				(3|2,5,5,0) => (2|5,3,3,0);
				(3|0,2,5,5) => (2|0,5,3,3);
				(3|5,0,2,5) => (2|3,0,5,3);
				(3|5,5,0,2) => (2|3,3,0,5);
				(3|3,5,5,0) => (3|5,3,3,0);
				(3|0,3,5,5) => (3|0,5,3,3);
				(3|5,0,3,5) => (3|3,0,5,3);
				(3|5,5,0,3) => (3|3,3,0,5);
				(1|1,0,5,5) => (1|5,0,1,1);
				(1|5,1,0,5) => (1|1,5,0,1);
				(1|5,5,1,0) => (1|1,1,5,0);
				(1|0,5,5,1) => (1|0,1,1,5);
				(1|2,0,5,5) => (2|5,0,1,1);
				(1|5,2,0,5) => (2|1,5,0,1);
				(1|5,5,2,0) => (2|1,1,5,0);
				(1|0,5,5,2) => (2|0,1,1,5);
				(1|3,0,5,5) => (3|5,0,1,1);
				(1|5,3,0,5) => (3|1,5,0,1);
				(1|5,5,3,0) => (3|1,1,5,0);
				(1|0,5,5,3) => (3|0,1,1,5);
				(2|1,0,5,5) => (1|5,0,2,2);
				(2|5,1,0,5) => (1|2,5,0,2);
				(2|5,5,1,0) => (1|2,2,5,0);
				(2|0,5,5,1) => (1|0,2,2,5);
				(2|2,0,5,5) => (2|5,0,2,2);
				(2|5,2,0,5) => (2|2,5,0,2);
				(2|5,5,2,0) => (2|2,2,5,0);
				(2|0,5,5,2) => (2|0,2,2,5);
				(2|3,0,5,5) => (3|5,0,2,2);
				(2|5,3,0,5) => (3|2,5,0,2);
				(2|5,5,3,0) => (3|2,2,5,0);
				(2|0,5,5,3) => (3|0,2,2,5);
				(3|1,0,5,5) => (1|5,0,3,3);
				(3|5,1,0,5) => (1|3,5,0,3);
				(3|5,5,1,0) => (1|3,3,5,0);
				(3|0,5,5,1) => (1|0,3,3,5);
				(3|2,0,5,5) => (2|5,0,3,3);
				(3|5,2,0,5) => (2|3,5,0,3);
				(3|5,5,2,0) => (2|3,3,5,0);
				(3|0,5,5,2) => (2|0,3,3,5);
				(3|3,0,5,5) => (3|5,0,3,3);
				(3|5,3,0,5) => (3|3,5,0,3);
				(3|5,5,3,0) => (3|3,3,5,0);
				(3|0,5,5,3) => (3|0,3,3,5);
				(1|1,5,0,5) => (1|5,1,0,1);
				(1|5,1,5,0) => (1|1,5,1,0);
				(1|0,5,1,5) => (1|0,1,5,1);
				(1|5,0,5,1) => (1|1,0,1,5);
				(1|2,5,0,5) => (2|5,1,0,1);
				(1|5,2,5,0) => (2|1,5,1,0);
				(1|0,5,2,5) => (2|0,1,5,1);
				(1|5,0,5,2) => (2|1,0,1,5);
				(1|3,5,0,5) => (3|5,1,0,1);
				(1|5,3,5,0) => (3|1,5,1,0);
				(1|0,5,3,5) => (3|0,1,5,1);
				(1|5,0,5,3) => (3|1,0,1,5);
				(2|1,5,0,5) => (1|5,2,0,2);
				(2|5,1,5,0) => (1|2,5,2,0);
				(2|0,5,1,5) => (1|0,2,5,2);
				(2|5,0,5,1) => (1|2,0,2,5);
				(2|2,5,0,5) => (2|5,2,0,2);
				(2|5,2,5,0) => (2|2,5,2,0);
				(2|0,5,2,5) => (2|0,2,5,2);
				(2|5,0,5,2) => (2|2,0,2,5);
				(2|3,5,0,5) => (3|5,2,0,2);
				(2|5,3,5,0) => (3|2,5,2,0);
				(2|0,5,3,5) => (3|0,2,5,2);
				(2|5,0,5,3) => (3|2,0,2,5);
				(3|1,5,0,5) => (1|5,3,0,3);
				(3|5,1,5,0) => (1|3,5,3,0);
				(3|0,5,1,5) => (1|0,3,5,3);
				(3|5,0,5,1) => (1|3,0,3,5);
				(3|2,5,0,5) => (2|5,3,0,3);
				(3|5,2,5,0) => (2|3,5,3,0);
				(3|0,5,2,5) => (2|0,3,5,3);
				(3|5,0,5,2) => (2|3,0,3,5);
				(3|3,5,0,5) => (3|5,3,0,3);
				(3|5,3,5,0) => (3|3,5,3,0);
				(3|0,5,3,5) => (3|0,3,5,3);
				(3|5,0,5,3) => (3|3,0,3,5);
				(1|1,5,5,5) => (1|5,1,1,1);
				(1|5,1,5,5) => (1|1,5,1,1);
				(1|5,5,1,5) => (1|1,1,5,1);
				(1|5,5,5,1) => (1|1,1,1,5);
				(1|2,5,5,5) => (2|5,1,1,1);
				(1|5,2,5,5) => (2|1,5,1,1);
				(1|5,5,2,5) => (2|1,1,5,1);
				(1|5,5,5,2) => (2|1,1,1,5);
				(1|3,5,5,5) => (3|5,1,1,1);
				(1|5,3,5,5) => (3|1,5,1,1);
				(1|5,5,3,5) => (3|1,1,5,1);
				(1|5,5,5,3) => (3|1,1,1,5);
				(2|1,5,5,5) => (1|5,2,2,2);
				(2|5,1,5,5) => (1|2,5,2,2);
				(2|5,5,1,5) => (1|2,2,5,2);
				(2|5,5,5,1) => (1|2,2,2,5);
				(2|2,5,5,5) => (2|5,2,2,2);
				(2|5,2,5,5) => (2|2,5,2,2);
				(2|5,5,2,5) => (2|2,2,5,2);
				(2|5,5,5,2) => (2|2,2,2,5);
				(2|3,5,5,5) => (3|5,2,2,2);
				(2|5,3,5,5) => (3|2,5,2,2);
				(2|5,5,3,5) => (3|2,2,5,2);
				(2|5,5,5,3) => (3|2,2,2,5);
				(3|1,5,5,5) => (1|5,3,3,3);
				(3|5,1,5,5) => (1|3,5,3,3);
				(3|5,5,1,5) => (1|3,3,5,3);
				(3|5,5,5,1) => (1|3,3,3,5);
				(3|2,5,5,5) => (2|5,3,3,3);
				(3|5,2,5,5) => (2|3,5,3,3);
				(3|5,5,2,5) => (2|3,3,5,3);
				(3|5,5,5,2) => (2|3,3,3,5);
				(3|3,5,5,5) => (3|5,3,3,3);
				(3|5,3,5,5) => (3|3,5,3,3);
				(3|5,5,3,5) => (3|3,3,5,3);
				(3|5,5,5,3) => (3|3,3,3,5);
				% (2) Advancing a head;
				%  Phase 0;
				(7|1,0,0,0) => (6|5,0,0,0);
				(7|0,1,0,0) => (6|0,5,0,0);
				(7|0,0,1,0) => (6|0,0,5,0);
				(7|0,0,0,1) => (6|0,0,0,5);
				%  Phase 1;
				(6|1,0,0,0) => (1|5,0,6,0);
				(6|0,1,0,0) => (1|0,5,0,6);
				(6|0,0,1,0) => (1|6,0,5,0);
				(6|0,0,0,1) => (1|0,6,0,5);
				(6|2,0,0,0) => (2|5,6,0,0);
				(6|0,2,0,0) => (2|0,5,6,0);
				(6|0,0,2,0) => (2|0,0,5,6);
				(6|0,0,0,2) => (2|6,0,0,5);
				(6|3,0,0,0) => (3|5,0,0,6);
				(6|0,3,0,0) => (3|6,5,0,0);
				(6|0,0,3,0) => (3|0,6,5,0);
				(6|0,0,0,3) => (3|0,0,6,5);
				%  Phase 2;
				(0|6,0,0,0) => (5|5,0,0,0);
				(0|0,6,0,0) => (5|0,5,0,0);
				(0|0,0,6,0) => (5|0,0,5,0);
				(0|0,0,0,6) => (5|0,0,0,5);
				(1|1,0,0,0) => (1|5,0,7,0);
				(1|0,1,0,0) => (1|0,5,0,7);
				(1|0,0,1,0) => (1|7,0,5,0);
				(1|0,0,0,1) => (1|0,7,0,5);
				(1|2,0,0,0) => (2|5,0,7,0);
				(1|0,2,0,0) => (2|0,5,0,7);
				(1|0,0,2,0) => (2|7,0,5,0);
				(1|0,0,0,2) => (2|0,7,0,5);
				(1|3,0,0,0) => (3|5,0,7,0);
				(1|0,3,0,0) => (3|0,5,0,7);
				(1|0,0,3,0) => (3|7,0,5,0);
				(1|0,0,0,3) => (3|0,7,0,5);
				(2|1,0,0,0) => (1|5,7,0,0);
				(2|0,1,0,0) => (1|0,5,7,0);
				(2|0,0,1,0) => (1|0,0,5,7);
				(2|0,0,0,1) => (1|7,0,0,5);
				(2|2,0,0,0) => (2|5,7,0,0);
				(2|0,2,0,0) => (2|0,5,7,0);
				(2|0,0,2,0) => (2|0,0,5,7);
				(2|0,0,0,2) => (2|7,0,0,5);
				(2|3,0,0,0) => (3|5,7,0,0);
				(2|0,3,0,0) => (3|0,5,7,0);
				(2|0,0,3,0) => (3|0,0,5,7);
				(2|0,0,0,3) => (3|7,0,0,5);
				(3|1,0,0,0) => (1|5,0,0,7);
				(3|0,1,0,0) => (1|7,5,0,0);
				(3|0,0,1,0) => (1|0,7,5,0);
				(3|0,0,0,1) => (1|0,0,7,5);
				(3|2,0,0,0) => (2|5,0,0,7);
				(3|0,2,0,0) => (2|7,5,0,0);
				(3|0,0,2,0) => (2|0,7,5,0);
				(3|0,0,0,2) => (2|0,0,7,5);
				(3|3,0,0,0) => (3|5,0,0,7);
				(3|0,3,0,0) => (3|7,5,0,0);
				(3|0,0,3,0) => (3|0,7,5,0);
				(3|0,0,0,3) => (3|0,0,7,5);
				%  Phase 3;
				(5|7,0,0,0) => (7|5,0,0,0);
				(5|0,7,0,0) => (7|0,5,0,0);
				(5|0,0,7,0) => (7|0,0,5,0);
				(5|0,0,0,7) => (7|0,0,0,5);
				% (3) Retracting a tail;
				%  Phase 0;
				(5|5,0,0,0) => (6|7,0,0,0);
				(5|0,5,0,0) => (6|0,7,0,0);
				(5|0,0,5,0) => (6|0,0,7,0);
				(5|0,0,0,5) => (6|0,0,0,7);
				(1|7,0,5,0) => (7|6,0,1,0);
				(1|0,7,0,5) => (7|0,6,0,1);
				(1|5,0,7,0) => (7|1,0,6,0);
				(1|0,5,0,7) => (7|0,1,0,6);
				(2|7,0,5,0) => (7|6,0,2,0);
				(2|0,7,0,5) => (7|0,6,0,2);
				(2|5,0,7,0) => (7|2,0,6,0);
				(2|0,5,0,7) => (7|0,2,0,6);
				(3|7,0,5,0) => (7|6,0,3,0);
				(3|0,7,0,5) => (7|0,6,0,3);
				(3|5,0,7,0) => (7|3,0,6,0);
				(3|0,5,0,7) => (7|0,3,0,6);
				(1|0,7,5,0) => (7|0,6,1,0);
				(1|0,0,7,5) => (7|0,0,6,1);
				(1|5,0,0,7) => (7|1,0,0,6);
				(1|7,5,0,0) => (7|6,1,0,0);
				(2|0,7,5,0) => (7|0,6,2,0);
				(2|0,0,7,5) => (7|0,0,6,2);
				(2|5,0,0,7) => (7|2,0,0,6);
				(2|7,5,0,0) => (7|6,2,0,0);
				(3|0,7,5,0) => (7|0,6,3,0);
				(3|0,0,7,5) => (7|0,0,6,3);
				(3|5,0,0,7) => (7|3,0,0,6);
				(3|7,5,0,0) => (7|6,3,0,0);
				(1|0,0,5,7) => (7|0,0,1,6);
				(1|7,0,0,5) => (7|6,0,0,1);
				(1|5,7,0,0) => (7|1,6,0,0);
				(1|0,5,7,0) => (7|0,1,6,0);
				(2|0,0,5,7) => (7|0,0,2,6);
				(2|7,0,0,5) => (7|6,0,0,2);
				(2|5,7,0,0) => (7|2,6,0,0);
				(2|0,5,7,0) => (7|0,2,6,0);
				(3|0,0,5,7) => (7|0,0,3,6);
				(3|7,0,0,5) => (7|6,0,0,3);
				(3|5,7,0,0) => (7|3,6,0,0);
				(3|0,5,7,0) => (7|0,3,6,0);
				%  Phase 1;
				(6|6,0,0,0) => (0|6,0,0,0);
				(6|0,6,0,0) => (0|0,6,0,0);
				(6|0,0,6,0) => (0|0,0,6,0);
				(6|0,0,0,6) => (0|0,0,0,6);
				(7|7,0,5,0) => (1|0,0,1,0);
				(7|0,7,0,5) => (1|0,0,0,1);
				(7|5,0,7,0) => (1|1,0,0,0);
				(7|0,5,0,7) => (1|0,1,0,0);
				(7|0,7,5,0) => (2|0,0,1,0);
				(7|0,0,7,5) => (2|0,0,0,1);
				(7|5,0,0,7) => (2|1,0,0,0);
				(7|7,5,0,0) => (2|0,1,0,0);
				(7|0,0,5,7) => (3|0,0,1,0);
				(7|7,0,0,5) => (3|0,0,0,1);
				(7|5,7,0,0) => (3|1,0,0,0);
				(7|0,5,7,0) => (3|0,1,0,0);
				%  Phase 2;
				(1|6,0,5,0) => (7|0,0,1,0);
				(1|0,6,0,5) => (7|0,0,0,1);
				(1|5,0,6,0) => (7|1,0,0,0);
				(1|0,5,0,6) => (7|0,1,0,0);
				(2|0,6,5,0) => (7|0,0,2,0);
				(2|0,0,6,5) => (7|0,0,0,2);
				(2|5,0,0,6) => (7|2,0,0,0);
				(2|6,5,0,0) => (7|0,2,0,0);
				(3|0,0,5,6) => (7|0,0,3,0);
				(3|6,0,0,5) => (7|0,0,0,3);
				(3|5,6,0,0) => (7|3,0,0,0);
				(3|0,5,6,0) => (7|0,3,0,0);
				%  Phase 3;
				(7|5,0,0,0) => (5|7,0,0,0);
				(7|0,5,0,0) => (5|0,7,0,0);
				(7|0,0,5,0) => (5|0,0,7,0);
				(7|0,0,0,5) => (5|0,0,0,7);
				% (4) Branching at a head;
				%  Phase 0;
				(7|2,0,0,0) => (5|5,0,2,0);
				(7|0,2,0,0) => (5|0,5,0,2);
				(7|0,0,2,0) => (5|2,0,5,0);
				(7|0,0,0,2) => (5|0,2,0,5);
				%  Phase 1;
				(0|2,0,0,0) => (0|2,0,0,0);
				(0|0,2,0,0) => (0|0,2,0,0);
				(0|0,0,2,0) => (0|0,0,2,0);
				(0|0,0,0,2) => (0|0,0,0,2);
				(5|1,0,0,0) => (1|5,6,6,6);
				(5|0,1,0,0) => (1|6,5,6,6);
				(5|0,0,1,0) => (1|6,6,5,6);
				(5|0,0,0,1) => (1|6,6,6,5);
				(5|2,0,0,0) => (2|5,6,6,0);
				(5|0,2,0,0) => (2|0,5,6,6);
				(5|0,0,2,0) => (2|6,0,5,6);
				(5|0,0,0,2) => (2|6,6,0,5);
				(5|3,0,0,0) => (3|5,0,6,6);
				(5|0,3,0,0) => (3|6,5,0,6);
				(5|0,0,3,0) => (3|6,6,5,0);
				(5|0,0,0,3) => (3|0,6,6,5);
				%  Phase 2;
				(1|1,0,2,0) => (1|5,7,7,7);
				(1|0,1,0,2) => (1|7,5,7,7);
				(1|2,0,1,0) => (1|7,7,5,7);
				(1|0,2,0,1) => (1|7,7,7,5);
				(2|1,0,2,0) => (1|5,7,7,0);
				(2|0,1,0,2) => (1|0,5,7,7);
				(2|2,0,1,0) => (1|7,0,5,7);
				(2|0,2,0,1) => (1|7,7,0,5);
				(3|1,0,2,0) => (1|5,0,7,7);
				(3|0,1,0,2) => (1|7,5,0,7);
				(3|2,0,1,0) => (1|7,7,5,0);
				(3|0,2,0,1) => (1|0,7,7,5);
				% (5) Branching at a tail;
				%  Phase 0;
				(1|7,5,5,5) => (7|6,1,1,1);
				(1|5,7,5,5) => (7|1,6,1,1);
				(1|5,5,7,5) => (7|1,1,6,1);
				(1|5,5,5,7) => (7|1,1,1,6);
				(2|7,5,5,5) => (7|6,2,2,2);
				(2|5,7,5,5) => (7|2,6,2,2);
				(2|5,5,7,5) => (7|2,2,6,2);
				(2|5,5,5,7) => (7|2,2,2,6);
				(3|7,5,5,5) => (7|6,3,3,3);
				(3|5,7,5,5) => (7|3,6,3,3);
				(3|5,5,7,5) => (7|3,3,6,3);
				(3|5,5,5,7) => (7|3,3,3,6);
				(1|7,5,5,0) => (7|6,1,1,0);
				(1|0,7,5,5) => (7|0,6,1,1);
				(1|5,0,7,5) => (7|1,0,6,1);
				(1|5,5,0,7) => (7|1,1,0,6);
				(2|7,5,5,0) => (7|6,2,2,0);
				(2|0,7,5,5) => (7|0,6,2,2);
				(2|5,0,7,5) => (7|2,0,6,2);
				(2|5,5,0,7) => (7|2,2,0,6);
				(3|7,5,5,0) => (7|6,3,3,0);
				(3|0,7,5,5) => (7|0,6,3,3);
				(3|5,0,7,5) => (7|3,0,6,3);
				(3|5,5,0,7) => (7|3,3,0,6);
				(1|7,0,5,5) => (7|6,0,1,1);
				(1|5,7,0,5) => (7|1,6,0,1);
				(1|5,5,7,0) => (7|1,1,6,0);
				(1|0,5,5,7) => (7|0,1,1,6);
				(2|7,0,5,5) => (7|6,0,2,2);
				(2|5,7,0,5) => (7|2,6,0,2);
				(2|5,5,7,0) => (7|2,2,6,0);
				(2|0,5,5,7) => (7|0,2,2,6);
				(3|7,0,5,5) => (7|6,0,3,3);
				(3|5,7,0,5) => (7|3,6,0,3);
				(3|5,5,7,0) => (7|3,3,6,0);
				(3|0,5,5,7) => (7|0,3,3,6);
				%  Phase 1;
				(7|7,5,5,5) => (1|0,2,2,2);
				(7|5,7,5,5) => (1|2,0,2,2);
				(7|5,5,7,5) => (1|2,2,0,2);
				(7|5,5,5,7) => (1|2,2,2,0);
				(7|7,5,5,0) => (2|0,1,2,0);
				(7|0,7,5,5) => (2|0,0,1,2);
				(7|5,0,7,5) => (2|2,0,0,1);
				(7|5,5,0,7) => (2|1,2,0,0);
				(7|7,0,5,5) => (3|0,0,2,1);
				(7|5,7,0,5) => (3|1,0,0,2);
				(7|5,5,7,0) => (3|2,1,0,0);
				(7|0,5,5,7) => (3|0,2,1,0);
				%  Phase 2;
				(1|6,5,5,5) => (7|0,2,1,3);
				(1|5,6,5,5) => (7|3,0,2,1);
				(1|5,5,6,5) => (7|1,3,0,2);
				(1|5,5,5,6) => (7|2,1,3,0);
				(2|6,5,5,0) => (7|0,1,2,0);
				(2|0,6,5,5) => (7|0,0,1,2);
				(2|5,0,6,5) => (7|2,0,0,1);
				(2|5,5,0,6) => (7|1,2,0,0);
				(3|6,0,5,5) => (7|0,0,3,1);
				(3|5,6,0,5) => (7|1,0,0,3);
				(3|5,5,6,0) => (7|3,1,0,0);
				(3|0,5,5,6) => (7|0,3,1,0);
				%  Phase 3;
				(7|0,5,5,5) => (5|0,7,7,7);
				(7|5,0,5,5) => (5|7,0,7,7);
				(7|5,5,0,5) => (5|7,7,0,7);
				(7|5,5,5,0) => (5|7,7,7,0);
				(7|0,5,5,0) => (5|0,7,7,0);
				(7|0,0,5,5) => (5|0,0,7,7);
				(7|5,0,0,5) => (5|7,0,0,7);
				(7|5,5,0,0) => (5|7,7,0,0);
				%  Phase 4;
				(5|0,5,5,5) => (6|0,7,7,7);
				(5|5,0,5,5) => (6|7,0,7,7);
				(5|5,5,0,5) => (6|7,7,0,7);
				(5|5,5,5,0) => (6|7,7,7,0);
				(5|0,5,5,0) => (6|0,7,7,0);
				(5|0,0,5,5) => (6|0,0,7,7);
				(5|5,0,0,5) => (6|7,0,0,7);
				(5|5,5,0,0) => (6|7,7,0,0);
				%  Phase 5;
				(6|0,6,6,6) => (0|0,6,6,6);
				(6|6,0,6,6) => (0|6,0,6,6);
				(6|6,6,0,6) => (0|6,6,0,6);
				(6|6,6,6,0) => (0|6,6,6,0);
				(6|0,6,6,0) => (0|0,6,6,0);
				(6|0,0,6,6) => (0|0,0,6,6);
				(6|6,0,0,6) => (0|6,0,0,6);
				(6|6,6,0,0) => (0|6,6,0,0);
				% (5) Reproduction of R-Loop;
				%  Phase 0;
				(1|4,0,5,0) => (4|5,0,1,0);
				(1|0,4,0,5) => (4|0,5,0,1);
				(1|5,0,4,0) => (4|1,0,5,0);
				(1|0,5,0,4) => (4|0,1,0,5);
				(2|4,0,5,0) => (4|5,0,2,0);
				(2|0,4,0,5) => (4|0,5,0,2);
				(2|5,0,4,0) => (4|2,0,5,0);
				(2|0,5,0,4) => (4|0,2,0,5);
				(3|4,0,5,0) => (4|5,0,3,0);
				(3|0,4,0,5) => (4|0,5,0,3);
				(3|5,0,4,0) => (4|3,0,5,0);
				(3|0,5,0,4) => (4|0,3,0,5);
				(1|4,5,0,0) => (4|5,1,0,0);
				(1|0,4,5,0) => (4|0,5,1,0);
				(1|0,0,4,5) => (4|0,0,5,1);
				(1|5,0,0,4) => (4|1,0,0,5);
				(2|4,5,0,0) => (4|5,2,0,0);
				(2|0,4,5,0) => (4|0,5,2,0);
				(2|0,0,4,5) => (4|0,0,5,2);
				(2|5,0,0,4) => (4|2,0,0,5);
				(3|4,5,0,0) => (4|5,3,0,0);
				(3|0,4,5,0) => (4|0,5,3,0);
				(3|0,0,4,5) => (4|0,0,5,3);
				(3|5,0,0,4) => (4|3,0,0,5);
				(1|4,0,0,5) => (4|5,0,0,1);
				(1|5,4,0,0) => (4|1,5,0,0);
				(1|0,5,4,0) => (4|0,1,5,0);
				(1|0,0,5,4) => (4|0,0,1,5);
				(2|4,0,0,5) => (4|5,0,0,2);
				(2|5,4,0,0) => (4|2,5,0,0);
				(2|0,5,4,0) => (4|0,2,5,0);
				(2|0,0,5,4) => (4|0,0,2,5);
				(3|4,0,0,5) => (4|5,0,0,3);
				(3|5,4,0,0) => (4|3,5,0,0);
				(3|0,5,4,0) => (4|0,3,5,0);
				(3|0,0,5,4) => (4|0,0,3,5);
				%  Phase 1;
				(4|2,0,5,0) => (2|5,0,4,0);
				(4|0,2,0,5) => (2|0,5,0,4);
				(4|5,0,2,0) => (2|4,0,5,0);
				(4|0,5,0,2) => (2|0,4,0,5);
				(4|2,5,0,0) => (0|5,1,4,0);
				(4|0,2,5,0) => (0|0,5,1,4);
				(4|0,0,2,5) => (0|4,0,5,1);
				(4|5,0,0,2) => (0|1,4,0,5);
				(4|2,0,0,5) => (0|5,0,4,1);
				(4|5,2,0,0) => (0|1,5,0,4);
				(4|0,5,2,0) => (0|4,1,5,0);
				(4|0,0,5,2) => (0|0,4,1,5);
				%  Phase 2;
				(0|4,0,0,0) => (0|4,0,0,0);
				(0|0,4,0,0) => (0|0,4,0,0);
				(0|0,0,4,0) => (0|0,0,4,0);
				(0|0,0,0,4) => (0|0,0,0,4);
				(0|1,5,0,0) => (6|5,2,2,0);
				(0|0,1,5,0) => (6|0,5,2,2);
				(0|0,0,1,5) => (6|2,0,5,2);
				(0|5,0,0,1) => (6|2,2,0,5);
				(0|1,0,0,5) => (6|5,0,2,3);
				(0|5,1,0,0) => (6|3,5,0,2);
				(0|0,5,1,0) => (6|2,3,5,0);
				(0|0,0,5,1) => (6|0,2,3,5);
				%  Phase 3;
				(6|1,5,4,0) => (6|5,4,6,0);
				(6|0,1,5,4) => (6|0,5,4,6);
				(6|4,0,1,5) => (6|6,0,5,4);
				(6|5,4,0,1) => (6|4,6,0,5);
				(6|1,0,4,5) => (6|5,0,6,4);
				(6|5,1,0,4) => (6|4,5,0,6);
				(6|4,5,1,0) => (6|6,4,5,0);
				(6|0,4,5,1) => (6|0,6,4,5);
				%  Phase 4;
				(6|1,5,2,0) => (7|5,3,7,0);
				(6|0,1,5,2) => (7|0,5,3,7);
				(6|2,0,1,5) => (7|7,0,5,3);
				(6|5,2,0,1) => (7|3,7,0,5);
				(6|1,0,2,5) => (7|5,0,7,3);
				(6|5,1,0,2) => (7|3,5,0,7);
				(6|2,5,1,0) => (7|7,3,5,0);
				(6|0,2,5,1) => (7|0,7,3,5);
				%  Phase 5;
				(7|1,5,5,0) => (7|5,1,1,0);
				(7|0,1,5,5) => (7|0,5,1,1);
				(7|5,0,1,5) => (7|1,0,5,1);
				(7|5,5,0,1) => (7|1,1,0,5);
				(6|1,5,5,0) => (7|5,1,2,0);
				(6|0,1,5,5) => (7|0,5,1,2);
				(6|5,0,1,5) => (7|2,0,5,1);
				(6|5,5,0,1) => (7|1,2,0,5);
				(5|1,5,5,0) => (7|5,1,3,0);
				(5|0,1,5,5) => (7|0,5,1,3);
				(5|5,0,1,5) => (7|3,0,5,1);
				(5|5,5,0,1) => (7|1,3,0,5);
				(7|2,5,5,0) => (6|5,1,1,0);
				(7|0,2,5,5) => (6|0,5,1,1);
				(7|5,0,2,5) => (6|1,0,5,1);
				(7|5,5,0,2) => (6|1,1,0,5);
				(6|2,5,5,0) => (6|5,1,2,0);
				(6|0,2,5,5) => (6|0,5,1,2);
				(6|5,0,2,5) => (6|2,0,5,1);
				(6|5,5,0,2) => (6|1,2,0,5);
				(5|2,5,5,0) => (6|5,1,3,0);
				(5|0,2,5,5) => (6|0,5,1,3);
				(5|5,0,2,5) => (6|3,0,5,1);
				(5|5,5,0,2) => (6|1,3,0,5);
				(7|3,5,5,0) => (5|5,1,1,0);
				(7|0,3,5,5) => (5|0,5,1,1);
				(7|5,0,3,5) => (5|1,0,5,1);
				(7|5,5,0,3) => (5|1,1,0,5);
				(6|3,5,5,0) => (5|5,1,2,0);
				(6|0,3,5,5) => (5|0,5,1,2);
				(6|5,0,3,5) => (5|2,0,5,1);
				(6|5,5,0,3) => (5|1,2,0,5);
				(5|3,5,5,0) => (5|5,1,3,0);
				(5|0,3,5,5) => (5|0,5,1,3);
				(5|5,0,3,5) => (5|3,0,5,1);
				(5|5,5,0,3) => (5|1,3,0,5);
				(7|1,0,5,5) => (7|5,0,1,1);
				(7|5,1,0,5) => (7|1,5,0,1);
				(7|5,5,1,0) => (7|1,1,5,0);
				(7|0,5,5,1) => (7|0,1,1,5);
				(6|1,0,5,5) => (7|5,0,2,1);
				(6|5,1,0,5) => (7|1,5,0,2);
				(6|5,5,1,0) => (7|2,1,5,0);
				(6|0,5,5,1) => (7|0,2,1,5);
				(5|1,0,5,5) => (7|5,0,3,1);
				(5|5,1,0,5) => (7|1,5,0,3);
				(5|5,5,1,0) => (7|3,1,5,0);
				(5|0,5,5,1) => (7|0,3,1,5);
				(7|2,0,5,5) => (6|5,0,1,1);
				(7|5,2,0,5) => (6|1,5,0,1);
				(7|5,5,2,0) => (6|1,1,5,0);
				(7|0,5,5,2) => (6|0,1,1,5);
				(6|2,0,5,5) => (6|5,0,2,1);
				(6|5,2,0,5) => (6|1,5,0,2);
				(6|5,5,2,0) => (6|2,1,5,0);
				(6|0,5,5,2) => (6|0,2,1,5);
				(5|2,0,5,5) => (6|5,0,3,1);
				(5|5,2,0,5) => (6|1,5,0,3);
				(5|5,5,2,0) => (6|3,1,5,0);
				(5|0,5,5,2) => (6|0,3,1,5);
				(7|3,0,5,5) => (5|5,0,1,1);
				(7|5,3,0,5) => (5|1,5,0,1);
				(7|5,5,3,0) => (5|1,1,5,0);
				(7|0,5,5,3) => (5|0,1,1,5);
				(6|3,0,5,5) => (5|5,0,2,1);
				(6|5,3,0,5) => (5|1,5,0,2);
				(6|5,5,3,0) => (5|2,1,5,0);
				(6|0,5,5,3) => (5|0,2,1,5);
				(5|3,0,5,5) => (5|5,0,3,1);
				(5|5,3,0,5) => (5|1,5,0,3);
				(5|5,5,3,0) => (5|3,1,5,0);
				(5|0,5,5,3) => (5|0,3,1,5);
				(4|3,0,5,0) => (5|5,0,1,0);
				(4|0,3,0,5) => (5|0,5,0,1);
				(4|5,0,3,0) => (5|1,0,5,0);
				(4|0,5,0,3) => (5|0,1,0,5);
				(4|3,5,0,0) => (5|5,1,0,0);
				(4|0,3,5,0) => (5|0,5,1,0);
				(4|0,0,3,5) => (5|0,0,5,1);
				(4|5,0,0,3) => (5|1,0,0,5);
				(4|3,0,0,5) => (5|5,0,0,1);
				(4|5,3,0,0) => (5|1,5,0,0);
				(4|0,5,3,0) => (5|0,1,5,0);
				(4|0,0,5,3) => (5|0,0,1,5);
				%  Phase 6;
				(5|1,0,5,0) => (6|5,0,1,0);
				(5|0,1,0,5) => (6|0,5,0,1);
				(5|5,0,1,0) => (6|1,0,5,0);
				(5|0,5,0,1) => (6|0,1,0,5);
				(5|1,5,0,0) => (6|5,2,0,0);
				(5|0,1,5,0) => (6|0,5,2,0);
				(5|0,0,1,5) => (6|0,0,5,2);
				(5|5,0,0,1) => (6|2,0,0,5);
				(5|1,0,0,5) => (6|5,0,0,3);
				(5|5,1,0,0) => (6|3,5,0,0);
				(5|0,5,1,0) => (6|0,3,5,0);
				(5|0,0,5,1) => (6|0,0,3,5);
				%  Phase 7;
				(6|1,0,5,0) => (3|5,0,4,0);
				(6|0,1,0,5) => (3|0,5,0,4);
				(6|5,0,1,0) => (3|4,0,5,0);
				(6|0,5,0,1) => (3|0,4,0,5);
				(6|1,5,0,0) => (3|5,4,0,0);
				(6|0,1,5,0) => (3|0,5,4,0);
				(6|0,0,1,5) => (3|0,0,5,4);
				(6|5,0,0,1) => (3|4,0,0,5);
				(6|1,0,0,5) => (3|5,0,0,4);
				(6|5,1,0,0) => (3|4,5,0,0);
				(6|0,5,1,0) => (3|0,4,5,0);
				(6|0,0,5,1) => (3|0,0,4,5);
				%  Phase 16;
				(7|4,5,5,0) => (4|5,1,1,0);
				(7|0,4,5,5) => (4|0,5,1,1);
				(7|5,0,4,5) => (4|1,0,5,1);
				(7|5,5,0,4) => (4|1,1,0,5);
				(6|4,5,5,0) => (4|5,1,2,0);
				(6|0,4,5,5) => (4|0,5,1,2);
				(6|5,0,4,5) => (4|2,0,5,1);
				(6|5,5,0,4) => (4|1,2,0,5);
				(5|4,5,5,0) => (4|5,1,3,0);
				(5|0,4,5,5) => (4|0,5,1,3);
				(5|5,0,4,5) => (4|3,0,5,1);
				(5|5,5,0,4) => (4|1,3,0,5);
				(7|4,0,5,5) => (4|5,0,1,1);
				(7|5,4,0,5) => (4|1,5,0,1);
				(7|5,5,4,0) => (4|1,1,5,0);
				(7|0,5,5,4) => (4|0,1,1,5);
				(6|4,0,5,5) => (4|5,0,2,1);
				(6|5,4,0,5) => (4|1,5,0,2);
				(6|5,5,4,0) => (4|2,1,5,0);
				(6|0,5,5,4) => (4|0,2,1,5);
				(5|4,0,5,5) => (4|5,0,3,1);
				(5|5,4,0,5) => (4|1,5,0,3);
				(5|5,5,4,0) => (4|3,1,5,0);
				(5|0,5,5,4) => (4|0,3,1,5);
				%  Phase 17;
				(4|3,5,5,0) => (4|5,1,7,0);
				(4|0,3,5,5) => (4|0,5,1,7);
				(4|5,0,3,5) => (4|7,0,5,1);
				(4|5,5,0,3) => (4|1,7,0,5);
				(4|3,0,5,5) => (4|5,0,7,1);
				(4|5,3,0,5) => (4|1,5,0,7);
				(4|5,5,3,0) => (4|7,1,5,0);
				(4|0,5,5,3) => (4|0,7,1,5);
				%  Phase 18;
				(4|1,5,5,0) => (0|5,1,7,0);
				(4|0,1,5,5) => (0|0,5,1,7);
				(4|5,0,1,5) => (0|7,0,5,1);
				(4|5,5,0,1) => (0|1,7,0,5);
				(4|1,0,5,5) => (0|5,0,7,1);
				(4|5,1,0,5) => (0|1,5,0,7);
				(4|5,5,1,0) => (0|7,1,5,0);
				(4|0,5,5,1) => (0|0,7,1,5);
				%  Phase 19;
				(0|1,5,6,0) => (1|5,1,6,0);
				(0|0,1,5,6) => (1|0,5,1,6);
				(0|6,0,1,5) => (1|6,0,5,1);
				(0|5,6,0,1) => (1|1,6,0,5);
				(0|1,0,6,5) => (1|5,0,6,1);
				(0|5,1,0,6) => (1|1,5,0,6);
				(0|6,5,1,0) => (1|6,1,5,0);
				(0|0,6,5,1) => (1|0,6,1,5);
				%  Phase 24;
				(1|6,6,5,0) => (0|4,5,1,0);
				(1|0,6,6,5) => (0|0,4,5,1);
				(1|5,0,6,6) => (0|1,0,4,5);
				(1|6,5,0,6) => (0|5,1,0,4);
				(1|6,0,5,6) => (0|4,0,1,5);
				(1|6,6,0,5) => (0|5,4,0,1);
				(1|5,6,6,0) => (0|1,5,4,0);
				(1|0,5,6,6) => (0|0,1,5,4);
				%  Phase 25;
				(0|0,7,5,0) => (5|4,5,1,0);
				(0|0,0,7,5) => (5|0,4,5,1);
				(0|5,0,0,7) => (5|1,0,4,5);
				(0|7,5,0,0) => (5|5,1,0,4);
				(0|0,0,5,7) => (5|4,0,1,5);
				(0|7,0,0,5) => (5|5,4,0,1);
				(0|5,7,0,0) => (5|1,5,4,0);
				(0|0,5,7,0) => (5|0,1,5,4);
				%  Phase 26;
				(5|4,1,5,0) => (0|0,5,1,0);
				(5|0,4,1,5) => (0|0,0,5,1);
				(5|5,0,4,1) => (0|1,0,0,5);
				(5|1,5,0,4) => (0|5,1,0,0);
				(5|4,0,5,1) => (0|0,0,1,5);
				(5|1,4,0,5) => (0|5,0,0,1);
				(5|5,1,4,0) => (0|1,5,0,0);
				(5|0,5,1,4) => (0|0,1,5,0);
				%  Phase 27;
				(0|4,2,5,0) => (2|0,5,4,0);
				(0|0,4,2,5) => (2|0,0,5,4);
				(0|5,0,4,2) => (2|4,0,0,5);
				(0|2,5,0,4) => (2|5,4,0,0);
				(0|4,0,5,3) => (2|0,0,4,5);
				(0|3,4,0,5) => (2|5,0,0,4);
				(0|5,3,4,0) => (2|4,5,0,0);
				(0|0,5,3,4) => (2|0,4,5,0);
				%  There are 765 rules. ;
				% (8) RPTx auto-completion: reflect/freeze semantics for inputs
				% reached on the rhombic Penrose tiling; injectivity verified. ;
				(0|0,0,0,1) => (0|0,0,0,1);
				(0|0,0,0,3) => (1|0,0,0,3);
				(0|0,0,0,5) => (0|0,0,0,5);
				(0|0,0,0,7) => (1|0,0,0,7);
				(0|0,0,1,0) => (0|0,0,1,0);
				(0|0,0,1,1) => (0|0,0,1,1);
				(0|0,0,1,2) => (6|0,0,1,2);
				(0|0,0,1,3) => (0|0,0,1,3);
				(0|0,0,1,6) => (0|0,0,1,6);
				(0|0,0,1,7) => (0|0,0,1,7);
				(0|0,0,2,2) => (0|0,0,2,2);
				(0|0,0,2,3) => (0|0,0,2,3);
				(0|0,0,2,4) => (0|0,0,2,4);
				(0|0,0,2,5) => (0|0,0,2,5);
				(0|0,0,2,6) => (2|0,0,2,6);
				(0|0,0,2,7) => (0|0,0,2,7);
				(0|0,0,3,0) => (1|0,0,3,0);
				(0|0,0,3,1) => (0|0,0,3,1);
				(0|0,0,3,3) => (0|0,0,3,3);
				(0|0,0,3,6) => (0|0,0,3,6);
				(0|0,0,3,7) => (0|0,0,3,7);
				(0|0,0,4,1) => (0|0,0,4,1);
				(0|0,0,4,3) => (0|0,0,4,3);
				(0|0,0,4,5) => (0|0,0,4,5);
				(0|0,0,4,6) => (0|0,0,4,6);
				(0|0,0,5,0) => (0|0,0,5,0);
				(0|0,0,5,2) => (0|0,0,5,2);
				(0|0,0,5,3) => (0|0,0,5,3);
				(0|0,0,5,4) => (0|0,0,5,4);
				(0|0,0,5,5) => (0|0,0,5,5);
				(0|0,0,5,6) => (0|0,0,5,6);
				(0|0,0,6,1) => (1|0,0,6,1);
				(0|0,0,6,2) => (2|0,0,6,2);
				(0|0,0,6,3) => (2|0,0,6,3);
				(0|0,0,6,5) => (2|0,0,6,5);
				(0|0,0,6,6) => (1|0,0,6,6);
				(0|0,0,6,7) => (0|0,0,6,7);
				(0|0,0,7,0) => (1|0,0,7,0);
				(0|0,0,7,1) => (0|0,0,7,1);
				(0|0,0,7,2) => (0|0,0,7,2);
				(0|0,0,7,3) => (0|0,0,7,3);
				(0|0,0,7,6) => (0|0,0,7,6);
				(0|0,0,7,7) => (2|0,0,7,7);
				(0|0,1,0,0) => (0|0,1,0,0);
				(0|0,1,0,1) => (0|0,1,0,1);
				(0|0,1,0,2) => (0|0,1,0,2);
				(0|0,1,0,3) => (0|0,1,0,3);
				(0|0,1,0,4) => (0|0,1,0,4);
				(0|0,1,0,5) => (0|0,1,0,5);
				(0|0,1,0,6) => (0|0,1,0,6);
				(0|0,1,0,7) => (0|0,1,0,7);
				(0|0,1,1,0) => (0|0,1,1,0);
				(0|0,1,1,4) => (0|0,1,1,4);
				(0|0,1,1,6) => (1|0,1,1,6);
				(0|0,1,1,7) => (0|0,1,1,7);
				(0|0,1,2,0) => (6|0,1,2,0);
				(0|0,1,2,6) => (0|0,1,2,6);
				(0|0,1,2,7) => (0|0,1,2,7);
				(0|0,1,3,0) => (0|0,1,3,0);
				(0|0,1,4,7) => (0|0,1,4,7);
				(0|0,1,5,2) => (0|0,1,5,2);
				(0|0,1,5,4) => (1|0,1,5,4);
				(0|0,1,5,7) => (0|0,1,5,7);
				(0|0,1,6,0) => (0|0,1,6,0);
				(0|0,1,6,1) => (0|0,1,6,1);
				(0|0,1,6,6) => (0|0,1,6,6);
				(0|0,1,6,7) => (0|0,1,6,7);
				(0|0,1,7,0) => (0|0,1,7,0);
				(0|0,1,7,1) => (0|0,1,7,1);
				(0|0,1,7,5) => (0|0,1,7,5);
				(0|0,1,7,6) => (0|0,1,7,6);
				(0|0,1,7,7) => (0|0,1,7,7);
				(0|0,2,0,1) => (0|0,2,0,1);
				(0|0,2,0,2) => (0|0,2,0,2);
				(0|0,2,0,3) => (0|0,2,0,3);
				(0|0,2,0,6) => (2|0,2,0,6);
				(0|0,2,0,7) => (0|0,2,0,7);
				(0|0,2,1,7) => (0|0,2,1,7);
				(0|0,2,2,0) => (0|0,2,2,0);
				(0|0,2,3,0) => (0|0,2,3,0);
				(0|0,2,3,5) => (1|0,2,3,5);
				(0|0,2,3,7) => (0|0,2,3,7);
				(0|0,2,4,0) => (0|0,2,4,0);
				(0|0,2,5,0) => (0|0,2,5,0);
				(0|0,2,5,1) => (0|0,2,5,1);
				(0|0,2,5,2) => (0|0,2,5,2);
				(0|0,2,5,3) => (0|0,2,5,3);
				(0|0,2,5,5) => (0|0,2,5,5);
				(0|0,2,5,7) => (0|0,2,5,7);
				(0|0,2,6,0) => (2|0,2,6,0);
				(0|0,2,6,6) => (0|0,2,6,6);
				(0|0,2,7,0) => (0|0,2,7,0);
				(0|0,3,0,0) => (1|0,3,0,0);
				(0|0,3,0,1) => (0|0,3,0,1);
				(0|0,3,0,2) => (0|0,3,0,2);
				(0|0,3,0,3) => (0|0,3,0,3);
				(0|0,3,0,4) => (0|0,3,0,4);
				(0|0,3,0,5) => (0|0,3,0,5);
				(0|0,3,0,6) => (2|0,3,0,6);
				(0|0,3,0,7) => (0|0,3,0,7);
				(0|0,3,1,0) => (0|0,3,1,0);
				(0|0,3,1,5) => (1|0,3,1,5);
				(0|0,3,1,6) => (0|0,3,1,6);
				(0|0,3,3,0) => (0|0,3,3,0);
				(0|0,3,5,6) => (0|0,3,5,6);
				(0|0,3,6,0) => (0|0,3,6,0);
				(0|0,3,6,5) => (0|0,3,6,5);
				(0|0,3,6,6) => (0|0,3,6,6);
				(0|0,3,6,7) => (0|0,3,6,7);
				(0|0,3,7,0) => (0|0,3,7,0);
				(0|0,3,7,5) => (0|0,3,7,5);
				(0|0,4,0,1) => (0|0,4,0,1);
				(0|0,4,0,3) => (0|0,4,0,3);
				(0|0,4,0,5) => (0|0,4,0,5);
				(0|0,4,0,6) => (0|0,4,0,6);
				(0|0,4,0,7) => (0|0,4,0,7);
				(0|0,4,1,0) => (0|0,4,1,0);
				(0|0,4,1,1) => (0|0,4,1,1);
				(0|0,4,1,5) => (1|0,4,1,5);
				(0|0,4,3,0) => (0|0,4,3,0);
				(0|0,4,4,6) => (0|0,4,4,6);
				(0|0,4,5,0) => (0|0,4,5,0);
				(0|0,4,5,1) => (2|0,4,5,1);
				(0|0,4,5,5) => (0|0,4,5,5);
				(0|0,4,6,0) => (0|0,4,6,0);
				(0|0,5,0,0) => (0|0,5,0,0);
				(0|0,5,0,1) => (0|0,5,0,1);
				(0|0,5,0,3) => (0|0,5,0,3);
				(0|0,5,0,4) => (0|0,5,0,4);
				(0|0,5,0,5) => (0|0,5,0,5);
				(0|0,5,0,6) => (0|0,5,0,6);
				(0|0,5,0,7) => (0|0,5,0,7);
				(0|0,5,1,3) => (1|0,5,1,3);
				(0|0,5,1,4) => (1|0,5,1,4);
				(0|0,5,1,5) => (0|0,5,1,5);
				(0|0,5,2,0) => (0|0,5,2,0);
				(0|0,5,2,2) => (4|0,5,2,2);
				(0|0,5,2,6) => (0|0,5,2,6);
				(0|0,5,3,0) => (0|0,5,3,0);
				(0|0,5,3,5) => (0|0,5,3,5);
				(0|0,5,4,0) => (0|0,5,4,0);
				(0|0,5,4,6) => (1|0,5,4,6);
				(0|0,5,5,0) => (0|0,5,5,0);
				(0|0,5,5,1) => (0|0,5,5,1);
				(0|0,5,5,2) => (0|0,5,5,2);
				(0|0,5,5,4) => (0|0,5,5,4);
				(0|0,5,5,5) => (0|0,5,5,5);
				(0|0,5,6,0) => (0|0,5,6,0);
				(0|0,5,6,1) => (0|0,5,6,1);
				(0|0,5,6,5) => (0|0,5,6,5);
				(0|0,5,6,6) => (0|0,5,6,6);
				(0|0,5,6,7) => (0|0,5,6,7);
				(0|0,5,7,6) => (0|0,5,7,6);
				(0|0,6,0,1) => (0|0,6,0,1);
				(0|0,6,0,2) => (2|0,6,0,2);
				(0|0,6,0,3) => (2|0,6,0,3);
				(0|0,6,0,4) => (0|0,6,0,4);
				(0|0,6,0,5) => (0|0,6,0,5);
				(0|0,6,0,6) => (0|0,6,0,6);
				(0|0,6,0,7) => (0|0,6,0,7);
				(0|0,6,1,0) => (1|0,6,1,0);
				(0|0,6,1,2) => (0|0,6,1,2);
				(0|0,6,1,3) => (0|0,6,1,3);
				(0|0,6,1,5) => (0|0,6,1,5);
				(0|0,6,2,0) => (2|0,6,2,0);
				(0|0,6,2,2) => (0|0,6,2,2);
				(0|0,6,3,0) => (2|0,6,3,0);
				(0|0,6,5,0) => (2|0,6,5,0);
				(0|0,6,5,5) => (0|0,6,5,5);
				(0|0,6,5,6) => (0|0,6,5,6);
				(0|0,6,6,0) => (1|0,6,6,0);
				(0|0,6,6,1) => (0|0,6,6,1);
				(0|0,6,6,2) => (0|0,6,6,2);
				(0|0,6,6,5) => (0|0,6,6,5);
				(0|0,6,7,0) => (0|0,6,7,0);
				(0|0,6,7,1) => (0|0,6,7,1);
				(0|0,6,7,5) => (0|0,6,7,5);
				(0|0,6,7,6) => (0|0,6,7,6);
				(0|0,7,0,0) => (1|0,7,0,0);
				(0|0,7,0,1) => (0|0,7,0,1);
				(0|0,7,0,2) => (0|0,7,0,2);
				(0|0,7,0,3) => (0|0,7,0,3);
				(0|0,7,0,4) => (0|0,7,0,4);
				(0|0,7,0,5) => (0|0,7,0,5);
				(0|0,7,0,6) => (0|0,7,0,6);
				(0|0,7,0,7) => (0|0,7,0,7);
				(0|0,7,1,0) => (0|0,7,1,0);
				(0|0,7,1,5) => (1|0,7,1,5);
				(0|0,7,1,6) => (0|0,7,1,6);
				(0|0,7,2,0) => (0|0,7,2,0);
				(0|0,7,3,0) => (0|0,7,3,0);
				(0|0,7,5,1) => (0|0,7,5,1);
				(0|0,7,5,2) => (0|0,7,5,2);
				(0|0,7,5,5) => (0|0,7,5,5);
				(0|0,7,5,6) => (0|0,7,5,6);
				(0|0,7,5,7) => (0|0,7,5,7);
				(0|0,7,6,0) => (0|0,7,6,0);
				(0|0,7,6,1) => (0|0,7,6,1);
				(0|0,7,6,5) => (0|0,7,6,5);
				(0|0,7,6,6) => (0|0,7,6,6);
				(0|0,7,6,7) => (0|0,7,6,7);
				(0|0,7,7,0) => (2|0,7,7,0);
				(0|0,7,7,1) => (0|0,7,7,1);
				(0|0,7,7,3) => (0|0,7,7,3);
				(0|0,7,7,5) => (0|0,7,7,5);
				(0|0,7,7,6) => (0|0,7,7,6);
				(0|0,7,7,7) => (1|0,7,7,7);
				(0|1,0,0,0) => (0|1,0,0,0);
				(0|1,0,0,1) => (0|1,0,0,1);
				(0|1,0,0,3) => (0|1,0,0,3);
				(0|1,0,0,4) => (0|1,0,0,4);
				(0|1,0,0,6) => (1|1,0,0,6);
				(0|1,0,0,7) => (0|1,0,0,7);
				(0|1,0,1,0) => (0|1,0,1,0);
				(0|1,0,1,6) => (0|1,0,1,6);
				(0|1,0,1,7) => (0|1,0,1,7);
				(0|1,0,2,0) => (0|1,0,2,0);
				(0|1,0,2,5) => (0|1,0,2,5);
				(0|1,0,3,0) => (0|1,0,3,0);
				(0|1,0,4,0) => (0|1,0,4,0);
				(0|1,0,4,1) => (0|1,0,4,1);
				(0|1,0,4,5) => (2|1,0,4,5);
				(0|1,0,5,0) => (0|1,0,5,0);
				(0|1,0,5,5) => (0|1,0,5,5);
				(0|1,0,5,6) => (0|1,0,5,6);
				(0|1,0,6,0) => (0|1,0,6,0);
				(0|1,0,6,6) => (0|1,0,6,6);
				(0|1,0,6,7) => (0|1,0,6,7);
				(0|1,0,7,0) => (0|1,0,7,0);
				(0|1,0,7,5) => (0|1,0,7,5);
				(0|1,0,7,6) => (0|1,0,7,6);
				(0|1,0,7,7) => (0|1,0,7,7);
				(0|1,1,0,0) => (0|1,1,0,0);
				(0|1,1,0,4) => (0|1,1,0,4);
				(0|1,1,1,7) => (0|1,1,1,7);
				(0|1,1,4,0) => (0|1,1,4,0);
				(0|1,1,6,0) => (1|1,1,6,0);
				(0|1,1,7,0) => (0|1,1,7,0);
				(0|1,1,7,1) => (0|1,1,7,1);
				(0|1,1,7,5) => (0|1,1,7,5);
				(0|1,2,0,0) => (6|1,2,0,0);
				(0|1,2,0,6) => (0|1,2,0,6);
				(0|1,2,5,2) => (0|1,2,5,2);
				(0|1,2,6,0) => (0|1,2,6,0);
				(0|1,2,7,0) => (0|1,2,7,0);
				(0|1,3,0,0) => (0|1,3,0,0);
				(0|1,3,0,5) => (1|1,3,0,5);
				(0|1,3,0,6) => (0|1,3,0,6);
				(0|1,4,0,1) => (0|1,4,0,1);
				(0|1,4,0,5) => (1|1,4,0,5);
				(0|1,4,7,0) => (0|1,4,7,0);
				(0|1,5,0,3) => (1|1,5,0,3);
				(0|1,5,0,4) => (1|1,5,0,4);
				(0|1,5,0,5) => (0|1,5,0,5);
				(0|1,5,0,6) => (0|1,5,0,6);
				(0|1,5,0,7) => (1|1,5,0,7);
				(0|1,5,2,0) => (0|1,5,2,0);
				(0|1,5,4,0) => (1|1,5,4,0);
				(0|1,5,5,5) => (0|1,5,5,5);
				(0|1,5,7,0) => (0|1,5,7,0);
				(0|1,6,0,0) => (0|1,6,0,0);
				(0|1,6,0,1) => (1|1,6,0,1);
				(0|1,6,0,3) => (0|1,6,0,3);
				(0|1,6,0,7) => (0|1,6,0,7);
				(0|1,6,1,0) => (0|1,6,1,0);
				(0|1,6,6,0) => (0|1,6,6,0);
				(0|1,6,7,0) => (0|1,6,7,0);
				(0|1,6,7,7) => (0|1,6,7,7);
				(0|1,7,0,0) => (0|1,7,0,0);
				(0|1,7,0,1) => (0|1,7,0,1);
				(0|1,7,0,2) => (0|1,7,0,2);
				(0|1,7,1,0) => (0|1,7,1,0);
				(0|1,7,1,1) => (0|1,7,1,1);
				(0|1,7,5,0) => (0|1,7,5,0);
				(0|1,7,5,1) => (0|1,7,5,1);
				(0|1,7,5,5) => (0|1,7,5,5);
				(0|1,7,6,0) => (0|1,7,6,0);
				(0|1,7,6,6) => (0|1,7,6,6);
				(0|1,7,6,7) => (0|1,7,6,7);
				(0|1,7,7,0) => (0|1,7,7,0);
				(0|1,7,7,7) => (0|1,7,7,7);
				(0|2,0,0,1) => (6|2,0,0,1);
				(0|2,0,0,2) => (0|2,0,0,2);
				(0|2,0,0,5) => (0|2,0,0,5);
				(0|2,0,0,6) => (2|2,0,0,6);
				(0|2,0,0,7) => (0|2,0,0,7);
				(0|2,0,1,0) => (0|2,0,1,0);
				(0|2,0,1,5) => (0|2,0,1,5);
				(0|2,0,2,0) => (0|2,0,2,0);
				(0|2,0,2,5) => (0|2,0,2,5);
				(0|2,0,3,0) => (0|2,0,3,0);
				(0|2,0,5,2) => (4|2,0,5,2);
				(0|2,0,5,5) => (0|2,0,5,5);
				(0|2,0,6,0) => (2|2,0,6,0);
				(0|2,0,6,1) => (0|2,0,6,1);
				(0|2,0,6,2) => (0|2,0,6,2);
				(0|2,0,6,6) => (0|2,0,6,6);
				(0|2,0,7,0) => (0|2,0,7,0);
				(0|2,0,7,5) => (0|2,0,7,5);
				(0|2,1,2,5) => (0|2,1,2,5);
				(0|2,1,7,0) => (0|2,1,7,0);
				(0|2,2,0,0) => (0|2,2,0,0);
				(0|2,2,0,5) => (4|2,2,0,5);
				(0|2,2,0,6) => (0|2,2,0,6);
				(0|2,2,2,5) => (0|2,2,2,5);
				(0|2,2,5,2) => (0|2,2,5,2);
				(0|2,3,0,0) => (0|2,3,0,0);
				(0|2,3,5,0) => (1|2,3,5,0);
				(0|2,3,7,0) => (0|2,3,7,0);
				(0|2,4,0,0) => (0|2,4,0,0);
				(0|2,5,0,0) => (0|2,5,0,0);
				(0|2,5,1,0) => (0|2,5,1,0);
				(0|2,5,2,0) => (0|2,5,2,0);
				(0|2,5,2,1) => (0|2,5,2,1);
				(0|2,5,2,2) => (0|2,5,2,2);
				(0|2,5,2,5) => (0|2,5,2,5);
				(0|2,5,3,0) => (0|2,5,3,0);
				(0|2,5,5,0) => (0|2,5,5,0);
				(0|2,5,5,5) => (0|2,5,5,5);
				(0|2,5,7,0) => (0|2,5,7,0);
				(0|2,6,0,0) => (2|2,6,0,0);
				(0|2,6,0,1) => (0|2,6,0,1);
				(0|2,6,0,5) => (0|2,6,0,5);
				(0|2,6,6,0) => (0|2,6,6,0);
				(0|2,7,0,0) => (0|2,7,0,0);
				(0|2,7,0,1) => (0|2,7,0,1);
				(0|2,7,6,6) => (0|2,7,6,6);
				(0|2,7,7,7) => (0|2,7,7,7);
				(0|3,0,0,0) => (1|3,0,0,0);
				(0|3,0,0,1) => (0|3,0,0,1);
				(0|3,0,0,2) => (0|3,0,0,2);
				(0|3,0,0,3) => (0|3,0,0,3);
				(0|3,0,0,4) => (0|3,0,0,4);
				(0|3,0,0,5) => (0|3,0,0,5);
				(0|3,0,0,6) => (2|3,0,0,6);
				(0|3,0,0,7) => (0|3,0,0,7);
				(0|3,0,1,0) => (0|3,0,1,0);
				(0|3,0,2,0) => (0|3,0,2,0);
				(0|3,0,2,5) => (0|3,0,2,5);
				(0|3,0,3,0) => (0|3,0,3,0);
				(0|3,0,4,0) => (0|3,0,4,0);
				(0|3,0,5,0) => (0|3,0,5,0);
				(0|3,0,5,1) => (1|3,0,5,1);
				(0|3,0,6,0) => (2|3,0,6,0);
				(0|3,0,6,1) => (0|3,0,6,1);
				(0|3,0,7,0) => (0|3,0,7,0);
				(0|3,0,7,7) => (0|3,0,7,7);
				(0|3,1,0,0) => (0|3,1,0,0);
				(0|3,1,5,0) => (1|3,1,5,0);
				(0|3,1,6,0) => (0|3,1,6,0);
				(0|3,3,0,0) => (0|3,3,0,0);
				(0|3,3,7,5) => (0|3,3,7,5);
				(0|3,5,0,2) => (1|3,5,0,2);
				(0|3,5,0,5) => (0|3,5,0,5);
				(0|3,5,5,5) => (0|3,5,5,5);
				(0|3,5,6,0) => (0|3,5,6,0);
				(0|3,6,0,0) => (0|3,6,0,0);
				(0|3,6,5,0) => (0|3,6,5,0);
				(0|3,6,6,0) => (0|3,6,6,0);
				(0|3,6,6,7) => (0|3,6,6,7);
				(0|3,6,7,0) => (0|3,6,7,0);
				(0|3,7,0,0) => (0|3,7,0,0);
				(0|3,7,0,2) => (0|3,7,0,2);
				(0|3,7,5,0) => (0|3,7,5,0);
				(0|3,7,5,3) => (0|3,7,5,3);
				(0|4,0,0,2) => (0|4,0,0,2);
				(0|4,0,0,5) => (0|4,0,0,5);
				(0|4,0,1,0) => (0|4,0,1,0);
				(0|4,0,1,1) => (0|4,0,1,1);
				(0|4,0,1,5) => (1|4,0,1,5);
				(0|4,0,3,0) => (0|4,0,3,0);
				(0|4,0,5,0) => (0|4,0,5,0);
				(0|4,0,5,1) => (1|4,0,5,1);
				(0|4,0,5,5) => (0|4,0,5,5);
				(0|4,0,6,0) => (0|4,0,6,0);
				(0|4,0,7,0) => (0|4,0,7,0);
				(0|4,1,0,0) => (0|4,1,0,0);
				(0|4,1,1,0) => (0|4,1,1,0);
				(0|4,1,5,0) => (1|4,1,5,0);
				(0|4,3,0,0) => (0|4,3,0,0);
				(0|4,4,6,0) => (0|4,4,6,0);
				(0|4,5,0,0) => (0|4,5,0,0);
				(0|4,5,1,0) => (2|4,5,1,0);
				(0|4,5,5,0) => (0|4,5,5,0);
				(0|4,6,0,0) => (0|4,6,0,0);
				(0|4,6,0,4) => (0|4,6,0,4);
				(0|4,6,0,5) => (1|4,6,0,5);
				(0|4,7,0,1) => (0|4,7,0,1);
				(0|5,0,0,0) => (0|5,0,0,0);
				(0|5,0,0,2) => (0|5,0,0,2);
				(0|5,0,0,4) => (0|5,0,0,4);
				(0|5,0,0,5) => (0|5,0,0,5);
				(0|5,0,0,6) => (2|5,0,0,6);
				(0|5,0,1,0) => (0|5,0,1,0);
				(0|5,0,1,7) => (0|5,0,1,7);
				(0|5,0,2,3) => (1|5,0,2,3);
				(0|5,0,2,5) => (0|5,0,2,5);
				(0|5,0,3,0) => (0|5,0,3,0);
				(0|5,0,3,1) => (1|5,0,3,1);
				(0|5,0,3,6) => (0|5,0,3,6);
				(0|5,0,3,7) => (0|5,0,3,7);
				(0|5,0,4,0) => (0|5,0,4,0);
				(0|5,0,4,1) => (1|5,0,4,1);
				(0|5,0,4,5) => (0|5,0,4,5);
				(0|5,0,5,0) => (0|5,0,5,0);
				(0|5,0,5,1) => (0|5,0,5,1);
				(0|5,0,5,3) => (0|5,0,5,3);
				(0|5,0,5,5) => (0|5,0,5,5);
				(0|5,0,5,6) => (0|5,0,5,6);
				(0|5,0,6,0) => (0|5,0,6,0);
				(0|5,0,6,1) => (0|5,0,6,1);
				(0|5,0,6,5) => (0|5,0,6,5);
				(0|5,0,6,6) => (0|5,0,6,6);
				(0|5,0,6,7) => (0|5,0,6,7);
				(0|5,0,7,0) => (0|5,0,7,0);
				(0|5,0,7,1) => (1|5,0,7,1);
				(0|5,0,7,5) => (0|5,0,7,5);
				(0|5,0,7,6) => (0|5,0,7,6);
				(0|5,0,7,7) => (0|5,0,7,7);
				(0|5,1,0,2) => (0|5,1,0,2);
				(0|5,1,0,4) => (2|5,1,0,4);
				(0|5,1,0,5) => (0|5,1,0,5);
				(0|5,1,0,7) => (0|5,1,0,7);
				(0|5,1,1,7) => (0|5,1,1,7);
				(0|5,1,3,0) => (1|5,1,3,0);
				(0|5,1,4,0) => (1|5,1,4,0);
				(0|5,1,5,0) => (0|5,1,5,0);
				(0|5,1,5,5) => (0|5,1,5,5);
				(0|5,1,7,5) => (0|5,1,7,5);
				(0|5,2,0,0) => (0|5,2,0,0);
				(0|5,2,0,1) => (0|5,2,0,1);
				(0|5,2,0,2) => (0|5,2,0,2);
				(0|5,2,0,5) => (0|5,2,0,5);
				(0|5,2,0,7) => (0|5,2,0,7);
				(0|5,2,1,2) => (0|5,2,1,2);
				(0|5,2,2,0) => (4|5,2,2,0);
				(0|5,2,2,2) => (0|5,2,2,2);
				(0|5,2,5,2) => (0|5,2,5,2);
				(0|5,2,5,5) => (0|5,2,5,5);
				(0|5,2,6,0) => (0|5,2,6,0);
				(0|5,3,0,0) => (0|5,3,0,0);
				(0|5,3,0,2) => (0|5,3,0,2);
				(0|5,3,3,7) => (0|5,3,3,7);
				(0|5,3,5,0) => (0|5,3,5,0);
				(0|5,3,5,5) => (0|5,3,5,5);
				(0|5,4,0,0) => (0|5,4,0,0);
				(0|5,4,0,1) => (1|5,4,0,1);
				(0|5,4,0,5) => (0|5,4,0,5);
				(0|5,4,6,0) => (1|5,4,6,0);
				(0|5,5,0,0) => (0|5,5,0,0);
				(0|5,5,0,2) => (0|5,5,0,2);
				(0|5,5,0,4) => (0|5,5,0,4);
				(0|5,5,0,5) => (0|5,5,0,5);
				(0|5,5,0,6) => (0|5,5,0,6);
				(0|5,5,0,7) => (0|5,5,0,7);
				(0|5,5,1,0) => (0|5,5,1,0);
				(0|5,5,1,5) => (0|5,5,1,5);
				(0|5,5,1,7) => (0|5,5,1,7);
				(0|5,5,2,0) => (0|5,5,2,0);
				(0|5,5,2,5) => (0|5,5,2,5);
				(0|5,5,3,5) => (0|5,5,3,5);
				(0|5,5,4,0) => (0|5,5,4,0);
				(0|5,5,5,0) => (0|5,5,5,0);
				(0|5,5,5,1) => (0|5,5,5,1);
				(0|5,5,5,2) => (0|5,5,5,2);
				(0|5,5,5,3) => (0|5,5,5,3);
				(0|5,5,5,5) => (0|5,5,5,5);
				(0|5,5,5,7) => (0|5,5,5,7);
				(0|5,5,7,5) => (0|5,5,7,5);
				(0|5,6,0,0) => (0|5,6,0,0);
				(0|5,6,0,3) => (0|5,6,0,3);
				(0|5,6,0,6) => (0|5,6,0,6);
				(0|5,6,0,7) => (0|5,6,0,7);
				(0|5,6,1,0) => (0|5,6,1,0);
				(0|5,6,5,0) => (0|5,6,5,0);
				(0|5,6,6,0) => (0|5,6,6,0);
				(0|5,6,6,6) => (0|5,6,6,6);
				(0|5,6,6,7) => (0|5,6,6,7);
				(0|5,6,7,0) => (0|5,6,7,0);
				(0|5,6,7,6) => (0|5,6,7,6);
				(0|5,6,7,7) => (0|5,6,7,7);
				(0|5,7,0,1) => (0|5,7,0,1);
				(0|5,7,0,2) => (0|5,7,0,2);
				(0|5,7,0,7) => (0|5,7,0,7);
				(0|5,7,5,5) => (0|5,7,5,5);
				(0|5,7,6,0) => (0|5,7,6,0);
				(0|5,7,6,6) => (0|5,7,6,6);
				(0|5,7,6,7) => (0|5,7,6,7);
				(0|5,7,7,6) => (0|5,7,7,6);
				(0|5,7,7,7) => (0|5,7,7,7);
				(0|6,0,0,1) => (0|6,0,0,1);
				(0|6,0,0,2) => (2|6,0,0,2);
				(0|6,0,0,3) => (0|6,0,0,3);
				(0|6,0,0,4) => (0|6,0,0,4);
				(0|6,0,0,5) => (0|6,0,0,5);
				(0|6,0,0,6) => (1|6,0,0,6);
				(0|6,0,0,7) => (0|6,0,0,7);
				(0|6,0,1,0) => (0|6,0,1,0);
				(0|6,0,1,1) => (1|6,0,1,1);
				(0|6,0,1,2) => (0|6,0,1,2);
				(0|6,0,1,6) => (0|6,0,1,6);
				(0|6,0,1,7) => (0|6,0,1,7);
				(0|6,0,2,0) => (2|6,0,2,0);
				(0|6,0,2,6) => (0|6,0,2,6);
				(0|6,0,3,0) => (2|6,0,3,0);
				(0|6,0,3,1) => (0|6,0,3,1);
				(0|6,0,3,5) => (0|6,0,3,5);
				(0|6,0,3,6) => (0|6,0,3,6);
				(0|6,0,4,0) => (0|6,0,4,0);
				(0|6,0,4,4) => (0|6,0,4,4);
				(0|6,0,5,0) => (0|6,0,5,0);
				(0|6,0,5,2) => (0|6,0,5,2);
				(0|6,0,5,4) => (1|6,0,5,4);
				(0|6,0,5,6) => (0|6,0,5,6);
				(0|6,0,5,7) => (0|6,0,5,7);
				(0|6,0,6,0) => (0|6,0,6,0);
				(0|6,0,6,5) => (0|6,0,6,5);
				(0|6,0,6,7) => (0|6,0,6,7);
				(0|6,0,7,0) => (0|6,0,7,0);
				(0|6,0,7,1) => (0|6,0,7,1);
				(0|6,0,7,5) => (0|6,0,7,5);
				(0|6,0,7,6) => (0|6,0,7,6);
				(0|6,0,7,7) => (0|6,0,7,7);
				(0|6,1,0,0) => (1|6,1,0,0);
				(0|6,1,0,1) => (0|6,1,0,1);
				(0|6,1,0,5) => (0|6,1,0,5);
				(0|6,1,0,6) => (0|6,1,0,6);
				(0|6,1,0,7) => (0|6,1,0,7);
				(0|6,1,2,0) => (0|6,1,2,0);
				(0|6,1,3,0) => (0|6,1,3,0);
				(0|6,1,5,0) => (0|6,1,5,0);
				(0|6,1,7,6) => (0|6,1,7,6);
				(0|6,2,0,0) => (2|6,2,0,0);
				(0|6,2,0,6) => (0|6,2,0,6);
				(0|6,2,2,0) => (0|6,2,2,0);
				(0|6,2,7,6) => (0|6,2,7,6);
				(0|6,3,0,0) => (2|6,3,0,0);
				(0|6,5,0,0) => (2|6,5,0,0);
				(0|6,5,0,3) => (0|6,5,0,3);
				(0|6,5,0,5) => (0|6,5,0,5);
				(0|6,5,0,6) => (0|6,5,0,6);
				(0|6,5,0,7) => (0|6,5,0,7);
				(0|6,5,5,0) => (0|6,5,5,0);
				(0|6,5,6,0) => (0|6,5,6,0);
				(0|6,5,6,6) => (0|6,5,6,6);
				(0|6,5,6,7) => (0|6,5,6,7);
				(0|6,5,7,6) => (0|6,5,7,6);
				(0|6,5,7,7) => (0|6,5,7,7);
				(0|6,6,0,0) => (1|6,6,0,0);
				(0|6,6,0,1) => (0|6,6,0,1);
				(0|6,6,0,2) => (0|6,6,0,2);
				(0|6,6,0,3) => (0|6,6,0,3);
				(0|6,6,0,5) => (0|6,6,0,5);
				(0|6,6,0,7) => (0|6,6,0,7);
				(0|6,6,1,0) => (0|6,6,1,0);
				(0|6,6,1,7) => (0|6,6,1,7);
				(0|6,6,2,0) => (0|6,6,2,0);
				(0|6,6,2,7) => (0|6,6,2,7);
				(0|6,6,5,0) => (0|6,6,5,0);
				(0|6,6,5,6) => (0|6,6,5,6);
				(0|6,6,5,7) => (0|6,6,5,7);
				(0|6,6,6,5) => (0|6,6,6,5);
				(0|6,6,7,3) => (0|6,6,7,3);
				(0|6,6,7,5) => (0|6,6,7,5);
				(0|6,7,0,0) => (0|6,7,0,0);
				(0|6,7,0,1) => (0|6,7,0,1);
				(0|6,7,0,3) => (0|6,7,0,3);
				(0|6,7,0,5) => (0|6,7,0,5);
				(0|6,7,0,7) => (0|6,7,0,7);
				(0|6,7,1,0) => (0|6,7,1,0);
				(0|6,7,1,7) => (0|6,7,1,7);
				(0|6,7,3,6) => (0|6,7,3,6);
				(0|6,7,5,0) => (0|6,7,5,0);
				(0|6,7,5,6) => (0|6,7,5,6);
				(0|6,7,5,7) => (0|6,7,5,7);
				(0|6,7,6,0) => (0|6,7,6,0);
				(0|6,7,6,5) => (0|6,7,6,5);
				(0|6,7,6,7) => (0|6,7,6,7);
				(0|6,7,7,1) => (0|6,7,7,1);
				(0|6,7,7,5) => (0|6,7,7,5);
				(0|6,7,7,7) => (0|6,7,7,7);
				(0|7,0,0,0) => (1|7,0,0,0);
				(0|7,0,0,1) => (0|7,0,0,1);
				(0|7,0,0,2) => (0|7,0,0,2);
				(0|7,0,0,3) => (0|7,0,0,3);
				(0|7,0,0,6) => (0|7,0,0,6);
				(0|7,0,0,7) => (2|7,0,0,7);
				(0|7,0,1,0) => (0|7,0,1,0);
				(0|7,0,1,1) => (0|7,0,1,1);
				(0|7,0,1,2) => (0|7,0,1,2);
				(0|7,0,1,4) => (0|7,0,1,4);
				(0|7,0,1,5) => (0|7,0,1,5);
				(0|7,0,1,6) => (0|7,0,1,6);
				(0|7,0,1,7) => (0|7,0,1,7);
				(0|7,0,2,0) => (0|7,0,2,0);
				(0|7,0,2,1) => (0|7,0,2,1);
				(0|7,0,2,3) => (0|7,0,2,3);
				(0|7,0,2,5) => (0|7,0,2,5);
				(0|7,0,3,0) => (0|7,0,3,0);
				(0|7,0,3,6) => (0|7,0,3,6);
				(0|7,0,4,0) => (0|7,0,4,0);
				(0|7,0,5,0) => (0|7,0,5,0);
				(0|7,0,5,6) => (0|7,0,5,6);
				(0|7,0,6,0) => (0|7,0,6,0);
				(0|7,0,7,0) => (0|7,0,7,0);
				(0|7,0,7,5) => (0|7,0,7,5);
				(0|7,0,7,6) => (0|7,0,7,6);
				(0|7,0,7,7) => (1|7,0,7,7);
				(0|7,1,0,0) => (0|7,1,0,0);
				(0|7,1,0,1) => (0|7,1,0,1);
				(0|7,1,0,6) => (0|7,1,0,6);
				(0|7,1,0,7) => (0|7,1,0,7);
				(0|7,1,1,1) => (0|7,1,1,1);
				(0|7,1,5,0) => (1|7,1,5,0);
				(0|7,1,6,0) => (0|7,1,6,0);
				(0|7,1,6,7) => (0|7,1,6,7);
				(0|7,1,7,6) => (0|7,1,7,6);
				(0|7,1,7,7) => (0|7,1,7,7);
				(0|7,2,0,0) => (0|7,2,0,0);
				(0|7,2,7,7) => (0|7,2,7,7);
				(0|7,3,0,0) => (0|7,3,0,0);
				(0|7,3,0,7) => (0|7,3,0,7);
				(0|7,3,6,6) => (0|7,3,6,6);
				(0|7,5,0,1) => (0|7,5,0,1);
				(0|7,5,0,3) => (0|7,5,0,3);
				(0|7,5,0,6) => (0|7,5,0,6);
				(0|7,5,0,7) => (0|7,5,0,7);
				(0|7,5,1,0) => (0|7,5,1,0);
				(0|7,5,1,1) => (0|7,5,1,1);
				(0|7,5,2,0) => (0|7,5,2,0);
				(0|7,5,3,3) => (0|7,5,3,3);
				(0|7,5,5,0) => (0|7,5,5,0);
				(0|7,5,5,1) => (0|7,5,5,1);
				(0|7,5,5,5) => (0|7,5,5,5);
				(0|7,5,6,0) => (0|7,5,6,0);
				(0|7,5,6,6) => (0|7,5,6,6);
				(0|7,5,6,7) => (0|7,5,6,7);
				(0|7,5,7,0) => (0|7,5,7,0);
				(0|7,5,7,6) => (0|7,5,7,6);
				(0|7,5,7,7) => (0|7,5,7,7);
				(0|7,6,0,0) => (0|7,6,0,0);
				(0|7,6,0,1) => (0|7,6,0,1);
				(0|7,6,0,5) => (0|7,6,0,5);
				(0|7,6,0,6) => (0|7,6,0,6);
				(0|7,6,0,7) => (0|7,6,0,7);
				(0|7,6,1,0) => (0|7,6,1,0);
				(0|7,6,5,0) => (0|7,6,5,0);
				(0|7,6,5,6) => (0|7,6,5,6);
				(0|7,6,5,7) => (0|7,6,5,7);
				(0|7,6,6,0) => (0|7,6,6,0);
				(0|7,6,6,1) => (0|7,6,6,1);
				(0|7,6,6,2) => (0|7,6,6,2);
				(0|7,6,6,5) => (0|7,6,6,5);
				(0|7,6,7,0) => (0|7,6,7,0);
				(0|7,6,7,1) => (0|7,6,7,1);
				(0|7,6,7,5) => (0|7,6,7,5);
				(0|7,6,7,6) => (0|7,6,7,6);
				(0|7,6,7,7) => (0|7,6,7,7);
				(0|7,7,0,0) => (2|7,7,0,0);
				(0|7,7,0,1) => (0|7,7,0,1);
				(0|7,7,0,7) => (1|7,7,0,7);
				(0|7,7,1,0) => (0|7,7,1,0);
				(0|7,7,1,6) => (0|7,7,1,6);
				(0|7,7,1,7) => (0|7,7,1,7);
				(0|7,7,2,7) => (0|7,7,2,7);
				(0|7,7,3,0) => (0|7,7,3,0);
				(0|7,7,5,0) => (0|7,7,5,0);
				(0|7,7,5,6) => (0|7,7,5,6);
				(0|7,7,5,7) => (0|7,7,5,7);
				(0|7,7,6,0) => (0|7,7,6,0);
				(0|7,7,6,5) => (0|7,7,6,5);
				(0|7,7,6,7) => (0|7,7,6,7);
				(0|7,7,7,0) => (1|7,7,7,0);
				(0|7,7,7,1) => (0|7,7,7,1);
				(0|7,7,7,2) => (0|7,7,7,2);
				(0|7,7,7,5) => (0|7,7,7,5);
				(0|7,7,7,6) => (0|7,7,7,6);
				(1|0,0,0,0) => (1|0,0,0,0);
				(1|0,0,0,4) => (1|0,0,0,4);
				(1|0,0,0,5) => (1|0,0,0,5);
				(1|0,0,0,6) => (1|0,0,0,6);
				(1|0,0,0,7) => (2|0,0,0,7);
				(1|0,0,1,1) => (1|0,0,1,1);
				(1|0,0,1,2) => (1|0,0,1,2);
				(1|0,0,1,3) => (1|0,0,1,3);
				(1|0,0,1,4) => (1|0,0,1,4);
				(1|0,0,1,6) => (2|0,0,1,6);
				(1|0,0,1,7) => (1|0,0,1,7);
				(1|0,0,2,1) => (1|0,0,2,1);
				(1|0,0,2,2) => (1|0,0,2,2);
				(1|0,0,2,3) => (1|0,0,2,3);
				(1|0,0,2,4) => (1|0,0,2,4);
				(1|0,0,2,6) => (1|0,0,2,6);
				(1|0,0,2,7) => (1|0,0,2,7);
				(1|0,0,3,1) => (1|0,0,3,1);
				(1|0,0,3,2) => (1|0,0,3,2);
				(1|0,0,3,3) => (1|0,0,3,3);
				(1|0,0,3,6) => (3|0,0,3,6);
				(1|0,0,3,7) => (1|0,0,3,7);
				(1|0,0,4,0) => (1|0,0,4,0);
				(1|0,0,4,1) => (1|0,0,4,1);
				(1|0,0,4,6) => (1|0,0,4,6);
				(1|0,0,5,0) => (1|0,0,5,0);
				(1|0,0,5,5) => (1|0,0,5,5);
				(1|0,0,5,6) => (1|0,0,5,6);
				(1|0,0,6,0) => (1|0,0,6,0);
				(1|0,0,6,1) => (2|0,0,6,1);
				(1|0,0,6,2) => (1|0,0,6,2);
				(1|0,0,6,3) => (1|0,0,6,3);
				(1|0,0,6,4) => (1|0,0,6,4);
				(1|0,0,6,5) => (1|0,0,6,5);
				(1|0,0,6,6) => (2|0,0,6,6);
				(1|0,0,6,7) => (1|0,0,6,7);
				(1|0,0,7,0) => (2|0,0,7,0);
				(1|0,0,7,1) => (1|0,0,7,1);
				(1|0,0,7,2) => (1|0,0,7,2);
				(1|0,0,7,3) => (1|0,0,7,3);
				(1|0,0,7,6) => (1|0,0,7,6);
				(1|0,0,7,7) => (1|0,0,7,7);
				(1|0,1,0,1) => (1|0,1,0,1);
				(1|0,1,0,3) => (1|0,1,0,3);
				(1|0,1,0,4) => (1|0,1,0,4);
				(1|0,1,0,6) => (5|0,1,0,6);
				(1|0,1,0,7) => (1|0,1,0,7);
				(1|0,1,1,0) => (1|0,1,1,0);
				(1|0,1,1,1) => (1|0,1,1,1);
				(1|0,1,1,2) => (1|0,1,1,2);
				(1|0,1,2,0) => (1|0,1,2,0);
				(1|0,1,2,2) => (1|0,1,2,2);
				(1|0,1,2,5) => (1|0,1,2,5);
				(1|0,1,2,6) => (1|0,1,2,6);
				(1|0,1,2,7) => (1|0,1,2,7);
				(1|0,1,3,0) => (1|0,1,3,0);
				(1|0,1,3,1) => (1|0,1,3,1);
				(1|0,1,3,3) => (1|0,1,3,3);
				(1|0,1,4,0) => (1|0,1,4,0);
				(1|0,1,4,1) => (1|0,1,4,1);
				(1|0,1,5,1) => (4|0,1,5,1);
				(1|0,1,5,4) => (2|0,1,5,4);
				(1|0,1,5,6) => (1|0,1,5,6);
				(1|0,1,6,0) => (2|0,1,6,0);
				(1|0,1,6,1) => (1|0,1,6,1);
				(1|0,1,6,5) => (1|0,1,6,5);
				(1|0,1,6,6) => (1|0,1,6,6);
				(1|0,1,6,7) => (1|0,1,6,7);
				(1|0,1,7,0) => (1|0,1,7,0);
				(1|0,1,7,1) => (1|0,1,7,1);
				(1|0,1,7,5) => (1|0,1,7,5);
				(1|0,1,7,6) => (1|0,1,7,6);
				(1|0,1,7,7) => (1|0,1,7,7);
				(1|0,2,0,2) => (1|0,2,0,2);
				(1|0,2,0,3) => (1|0,2,0,3);
				(1|0,2,0,6) => (1|0,2,0,6);
				(1|0,2,0,7) => (1|0,2,0,7);
				(1|0,2,1,0) => (1|0,2,1,0);
				(1|0,2,1,5) => (1|0,2,1,5);
				(1|0,2,2,0) => (1|0,2,2,0);
				(1|0,2,3,0) => (1|0,2,3,0);
				(1|0,2,3,3) => (1|0,2,3,3);
				(1|0,2,3,5) => (2|0,2,3,5);
				(1|0,2,4,0) => (1|0,2,4,0);
				(1|0,2,5,1) => (1|0,2,5,1);
				(1|0,2,5,2) => (4|0,2,5,2);
				(1|0,2,5,6) => (1|0,2,5,6);
				(1|0,2,6,0) => (1|0,2,6,0);
				(1|0,2,6,1) => (1|0,2,6,1);
				(1|0,2,6,6) => (1|0,2,6,6);
				(1|0,2,7,0) => (1|0,2,7,0);
				(1|0,3,0,1) => (1|0,3,0,1);
				(1|0,3,0,2) => (1|0,3,0,2);
				(1|0,3,0,3) => (1|0,3,0,3);
				(1|0,3,0,6) => (1|0,3,0,6);
				(1|0,3,0,7) => (1|0,3,0,7);
				(1|0,3,1,0) => (1|0,3,1,0);
				(1|0,3,1,5) => (2|0,3,1,5);
				(1|0,3,2,0) => (1|0,3,2,0);
				(1|0,3,3,0) => (1|0,3,3,0);
				(1|0,3,3,5) => (0|0,3,3,5);
				(1|0,3,3,6) => (1|0,3,3,6);
				(1|0,3,5,1) => (1|0,3,5,1);
				(1|0,3,5,3) => (5|0,3,5,3);
				(1|0,3,5,6) => (1|0,3,5,6);
				(1|0,3,6,0) => (3|0,3,6,0);
				(1|0,3,6,1) => (1|0,3,6,1);
				(1|0,3,6,5) => (1|0,3,6,5);
				(1|0,3,6,6) => (1|0,3,6,6);
				(1|0,3,6,7) => (1|0,3,6,7);
				(1|0,3,7,0) => (1|0,3,7,0);
				(1|0,3,7,1) => (1|0,3,7,1);
				(1|0,3,7,5) => (1|0,3,7,5);
				(1|0,3,7,7) => (1|0,3,7,7);
				(1|0,4,0,0) => (1|0,4,0,0);
				(1|0,4,0,1) => (1|0,4,0,1);
				(1|0,4,0,6) => (1|0,4,0,6);
				(1|0,4,0,7) => (1|0,4,0,7);
				(1|0,4,1,0) => (1|0,4,1,0);
				(1|0,4,1,5) => (5|0,4,1,5);
				(1|0,4,4,6) => (1|0,4,4,6);
				(1|0,4,5,1) => (1|0,4,5,1);
				(1|0,4,6,0) => (1|0,4,6,0);
				(1|0,4,6,6) => (1|0,4,6,6);
				(1|0,5,0,0) => (1|0,5,0,0);
				(1|0,5,0,5) => (1|0,5,0,5);
				(1|0,5,1,1) => (0|0,5,1,1);
				(1|0,5,1,2) => (1|0,5,1,2);
				(1|0,5,1,4) => (5|0,5,1,4);
				(1|0,5,1,6) => (2|0,5,1,6);
				(1|0,5,2,6) => (1|0,5,2,6);
				(1|0,5,4,6) => (2|0,5,4,6);
				(1|0,5,5,0) => (1|0,5,5,0);
				(1|0,5,5,5) => (1|0,5,5,5);
				(1|0,5,5,6) => (1|0,5,5,6);
				(1|0,5,6,0) => (1|0,5,6,0);
				(1|0,5,6,1) => (1|0,5,6,1);
				(1|0,5,6,3) => (1|0,5,6,3);
				(1|0,5,6,5) => (1|0,5,6,5);
				(1|0,5,6,7) => (1|0,5,6,7);
				(1|0,5,7,1) => (1|0,5,7,1);
				(1|0,5,7,2) => (1|0,5,7,2);
				(1|0,5,7,3) => (1|0,5,7,3);
				(1|0,5,7,5) => (1|0,5,7,5);
				(1|0,5,7,6) => (1|0,5,7,6);
				(1|0,5,7,7) => (3|0,5,7,7);
				(1|0,6,0,0) => (1|0,6,0,0);
				(1|0,6,0,1) => (5|0,6,0,1);
				(1|0,6,0,2) => (1|0,6,0,2);
				(1|0,6,0,3) => (1|0,6,0,3);
				(1|0,6,0,4) => (1|0,6,0,4);
				(1|0,6,0,6) => (1|0,6,0,6);
				(1|0,6,0,7) => (1|0,6,0,7);
				(1|0,6,1,0) => (2|0,6,1,0);
				(1|0,6,1,1) => (1|0,6,1,1);
				(1|0,6,1,5) => (2|0,6,1,5);
				(1|0,6,1,6) => (1|0,6,1,6);
				(1|0,6,2,0) => (1|0,6,2,0);
				(1|0,6,2,4) => (1|0,6,2,4);
				(1|0,6,2,5) => (1|0,6,2,5);
				(1|0,6,3,0) => (1|0,6,3,0);
				(1|0,6,3,1) => (1|0,6,3,1);
				(1|0,6,3,5) => (1|0,6,3,5);
				(1|0,6,4,0) => (1|0,6,4,0);
				(1|0,6,4,5) => (1|0,6,4,5);
				(1|0,6,5,0) => (1|0,6,5,0);
				(1|0,6,5,1) => (1|0,6,5,1);
				(1|0,6,5,2) => (1|0,6,5,2);
				(1|0,6,5,3) => (1|0,6,5,3);
				(1|0,6,5,4) => (1|0,6,5,4);
				(1|0,6,5,5) => (1|0,6,5,5);
				(1|0,6,5,6) => (1|0,6,5,6);
				(1|0,6,5,7) => (1|0,6,5,7);
				(1|0,6,6,0) => (2|0,6,6,0);
				(1|0,6,6,2) => (1|0,6,6,2);
				(1|0,6,6,6) => (1|0,6,6,6);
				(1|0,6,6,7) => (1|0,6,6,7);
				(1|0,6,7,0) => (1|0,6,7,0);
				(1|0,6,7,1) => (1|0,6,7,1);
				(1|0,6,7,2) => (1|0,6,7,2);
				(1|0,6,7,3) => (1|0,6,7,3);
				(1|0,6,7,5) => (1|0,6,7,5);
				(1|0,6,7,6) => (1|0,6,7,6);
				(1|0,6,7,7) => (1|0,6,7,7);
				(1|0,7,0,0) => (2|0,7,0,0);
				(1|0,7,0,1) => (1|0,7,0,1);
				(1|0,7,0,2) => (1|0,7,0,2);
				(1|0,7,0,3) => (1|0,7,0,3);
				(1|0,7,0,4) => (1|0,7,0,4);
				(1|0,7,0,6) => (1|0,7,0,6);
				(1|0,7,0,7) => (1|0,7,0,7);
				(1|0,7,1,0) => (1|0,7,1,0);
				(1|0,7,1,5) => (2|0,7,1,5);
				(1|0,7,1,6) => (1|0,7,1,6);
				(1|0,7,2,0) => (1|0,7,2,0);
				(1|0,7,3,0) => (1|0,7,3,0);
				(1|0,7,3,5) => (1|0,7,3,5);
				(1|0,7,3,7) => (1|0,7,3,7);
				(1|0,7,5,1) => (1|0,7,5,1);
				(1|0,7,5,6) => (1|0,7,5,6);
				(1|0,7,5,7) => (1|0,7,5,7);
				(1|0,7,6,0) => (1|0,7,6,0);
				(1|0,7,6,1) => (1|0,7,6,1);
				(1|0,7,6,5) => (1|0,7,6,5);
				(1|0,7,6,6) => (1|0,7,6,6);
				(1|0,7,7,0) => (1|0,7,7,0);
				(1|0,7,7,1) => (1|0,7,7,1);
				(1|0,7,7,2) => (1|0,7,7,2);
				(1|0,7,7,5) => (2|0,7,7,5);
				(1|0,7,7,6) => (1|0,7,7,6);
				(1|0,7,7,7) => (3|0,7,7,7);
				(1|1,0,0,1) => (1|1,0,0,1);
				(1|1,0,0,2) => (1|1,0,0,2);
				(1|1,0,0,3) => (1|1,0,0,3);
				(1|1,0,0,4) => (1|1,0,0,4);
				(1|1,0,0,6) => (2|1,0,0,6);
				(1|1,0,0,7) => (1|1,0,0,7);
				(1|1,0,1,0) => (1|1,0,1,0);
				(1|1,0,1,1) => (1|1,0,1,1);
				(1|1,0,1,3) => (1|1,0,1,3);
				(1|1,0,1,4) => (1|1,0,1,4);
				(1|1,0,1,5) => (4|1,0,1,5);
				(1|1,0,1,6) => (1|1,0,1,6);
				(1|1,0,1,7) => (1|1,0,1,7);
				(1|1,0,2,5) => (1|1,0,2,5);
				(1|1,0,2,6) => (1|1,0,2,6);
				(1|1,0,3,0) => (1|1,0,3,0);
				(1|1,0,3,5) => (1|1,0,3,5);
				(1|1,0,3,6) => (1|1,0,3,6);
				(1|1,0,3,7) => (1|1,0,3,7);
				(1|1,0,4,0) => (1|1,0,4,0);
				(1|1,0,4,5) => (1|1,0,4,5);
				(1|1,0,5,1) => (0|1,0,5,1);
				(1|1,0,5,6) => (1|1,0,5,6);
				(1|1,0,5,7) => (1|1,0,5,7);
				(1|1,0,6,0) => (5|1,0,6,0);
				(1|1,0,6,1) => (1|1,0,6,1);
				(1|1,0,6,3) => (1|1,0,6,3);
				(1|1,0,6,5) => (1|1,0,6,5);
				(1|1,0,6,7) => (1|1,0,6,7);
				(1|1,0,7,0) => (1|1,0,7,0);
				(1|1,0,7,5) => (1|1,0,7,5);
				(1|1,0,7,6) => (1|1,0,7,6);
				(1|1,0,7,7) => (1|1,0,7,7);
				(1|1,1,0,0) => (1|1,1,0,0);
				(1|1,1,0,1) => (1|1,1,0,1);
				(1|1,1,0,5) => (0|1,1,0,5);
				(1|1,1,0,6) => (1|1,1,0,6);
				(1|1,1,1,0) => (1|1,1,1,0);
				(1|1,1,1,1) => (1|1,1,1,1);
				(1|1,1,1,5) => (4|1,1,1,5);
				(1|1,1,2,0) => (1|1,1,2,0);
				(1|1,1,5,1) => (4|1,1,5,1);
				(1|1,1,5,5) => (1|1,1,5,5);
				(1|1,1,7,5) => (1|1,1,7,5);
				(1|1,2,0,0) => (1|1,2,0,0);
				(1|1,2,0,1) => (1|1,2,0,1);
				(1|1,2,0,5) => (1|1,2,0,5);
				(1|1,2,2,0) => (1|1,2,2,0);
				(1|1,2,3,2) => (1|1,2,3,2);
				(1|1,2,5,0) => (1|1,2,5,0);
				(1|1,2,6,0) => (1|1,2,6,0);
				(1|1,2,7,0) => (1|1,2,7,0);
				(1|1,3,0,0) => (1|1,3,0,0);
				(1|1,3,1,0) => (1|1,3,1,0);
				(1|1,3,3,0) => (1|1,3,3,0);
				(1|1,4,0,0) => (1|1,4,0,0);
				(1|1,4,0,5) => (5|1,4,0,5);
				(1|1,4,1,0) => (1|1,4,1,0);
				(1|1,5,0,2) => (1|1,5,0,2);
				(1|1,5,0,3) => (2|1,5,0,3);
				(1|1,5,0,4) => (5|1,5,0,4);
				(1|1,5,0,6) => (2|1,5,0,6);
				(1|1,5,0,7) => (2|1,5,0,7);
				(1|1,5,1,0) => (4|1,5,1,0);
				(1|1,5,1,1) => (4|1,5,1,1);
				(1|1,5,4,0) => (2|1,5,4,0);
				(1|1,5,5,1) => (1|1,5,5,1);
				(1|1,5,5,6) => (1|1,5,5,6);
				(1|1,5,6,0) => (1|1,5,6,0);
				(1|1,5,6,5) => (1|1,5,6,5);
				(1|1,5,6,6) => (1|1,5,6,6);
				(1|1,5,6,7) => (1|1,5,6,7);
				(1|1,6,0,0) => (2|1,6,0,0);
				(1|1,6,0,5) => (2|1,6,0,5);
				(1|1,6,0,6) => (1|1,6,0,6);
				(1|1,6,0,7) => (1|1,6,0,7);
				(1|1,6,1,0) => (1|1,6,1,0);
				(1|1,6,5,0) => (1|1,6,5,0);
				(1|1,6,5,5) => (1|1,6,5,5);
				(1|1,6,5,6) => (1|1,6,5,6);
				(1|1,6,6,0) => (1|1,6,6,0);
				(1|1,6,6,5) => (1|1,6,6,5);
				(1|1,6,6,6) => (1|1,6,6,6);
				(1|1,6,6,7) => (1|1,6,6,7);
				(1|1,6,7,0) => (1|1,6,7,0);
				(1|1,6,7,5) => (1|1,6,7,5);
				(1|1,6,7,6) => (1|1,6,7,6);
				(1|1,6,7,7) => (1|1,6,7,7);
				(1|1,7,0,0) => (1|1,7,0,0);
				(1|1,7,1,0) => (1|1,7,1,0);
				(1|1,7,5,0) => (1|1,7,5,0);
				(1|1,7,5,1) => (1|1,7,5,1);
				(1|1,7,5,7) => (1|1,7,5,7);
				(1|1,7,6,0) => (1|1,7,6,0);
				(1|1,7,6,5) => (1|1,7,6,5);
				(1|1,7,6,6) => (1|1,7,6,6);
				(1|1,7,6,7) => (1|1,7,6,7);
				(1|1,7,7,0) => (1|1,7,7,0);
				(1|1,7,7,5) => (1|1,7,7,5);
				(1|1,7,7,6) => (1|1,7,7,6);
				(1|1,7,7,7) => (1|1,7,7,7);
				(1|2,0,0,1) => (1|2,0,0,1);
				(1|2,0,0,2) => (1|2,0,0,2);
				(1|2,0,0,3) => (1|2,0,0,3);
				(1|2,0,0,6) => (1|2,0,0,6);
				(1|2,0,0,7) => (1|2,0,0,7);
				(1|2,0,1,1) => (1|2,0,1,1);
				(1|2,0,1,2) => (1|2,0,1,2);
				(1|2,0,2,0) => (1|2,0,2,0);
				(1|2,0,2,5) => (4|2,0,2,5);
				(1|2,0,3,0) => (1|2,0,3,0);
				(1|2,0,5,1) => (1|2,0,5,1);
				(1|2,0,5,7) => (1|2,0,5,7);
				(1|2,0,6,0) => (1|2,0,6,0);
				(1|2,0,6,5) => (1|2,0,6,5);
				(1|2,0,6,6) => (1|2,0,6,6);
				(1|2,0,6,7) => (1|2,0,6,7);
				(1|2,0,7,0) => (1|2,0,7,0);
				(1|2,0,7,7) => (1|2,0,7,7);
				(1|2,1,0,0) => (1|2,1,0,0);
				(1|2,1,2,3) => (1|2,1,2,3);
				(1|2,1,5,0) => (1|2,1,5,0);
				(1|2,2,0,0) => (1|2,2,0,0);
				(1|2,2,0,1) => (1|2,2,0,1);
				(1|2,3,0,0) => (1|2,3,0,0);
				(1|2,3,2,1) => (1|2,3,2,1);
				(1|2,3,3,0) => (1|2,3,3,0);
				(1|2,3,5,0) => (2|2,3,5,0);
				(1|2,3,5,3) => (1|2,3,5,3);
				(1|2,4,0,0) => (1|2,4,0,0);
				(1|2,4,0,6) => (1|2,4,0,6);
				(1|2,5,0,1) => (1|2,5,0,1);
				(1|2,5,0,6) => (1|2,5,0,6);
				(1|2,5,1,0) => (1|2,5,1,0);
				(1|2,5,2,0) => (4|2,5,2,0);
				(1|2,5,6,0) => (1|2,5,6,0);
				(1|2,6,0,0) => (1|2,6,0,0);
				(1|2,6,0,1) => (1|2,6,0,1);
				(1|2,6,0,5) => (1|2,6,0,5);
				(1|2,6,1,0) => (1|2,6,1,0);
				(1|2,6,6,0) => (1|2,6,6,0);
				(1|2,6,6,5) => (1|2,6,6,5);
				(1|2,6,6,6) => (1|2,6,6,6);
				(1|2,7,0,0) => (1|2,7,0,0);
				(1|2,7,0,1) => (1|2,7,0,1);
				(1|2,7,6,6) => (1|2,7,6,6);
				(1|2,7,7,6) => (1|2,7,7,6);
				(1|3,0,0,1) => (1|3,0,0,1);
				(1|3,0,0,2) => (1|3,0,0,2);
				(1|3,0,0,3) => (1|3,0,0,3);
				(1|3,0,0,6) => (1|3,0,0,6);
				(1|3,0,0,7) => (1|3,0,0,7);
				(1|3,0,1,0) => (1|3,0,1,0);
				(1|3,0,1,3) => (1|3,0,1,3);
				(1|3,0,2,0) => (1|3,0,2,0);
				(1|3,0,2,3) => (1|3,0,2,3);
				(1|3,0,3,0) => (1|3,0,3,0);
				(1|3,0,3,5) => (5|3,0,3,5);
				(1|3,0,5,6) => (1|3,0,5,6);
				(1|3,0,5,7) => (1|3,0,5,7);
				(1|3,0,6,0) => (1|3,0,6,0);
				(1|3,0,6,5) => (1|3,0,6,5);
				(1|3,0,6,7) => (1|3,0,6,7);
				(1|3,0,7,0) => (1|3,0,7,0);
				(1|3,1,0,0) => (1|3,1,0,0);
				(1|3,1,0,1) => (1|3,1,0,1);
				(1|3,1,0,6) => (1|3,1,0,6);
				(1|3,1,5,0) => (2|3,1,5,0);
				(1|3,2,0,0) => (1|3,2,0,0);
				(1|3,2,1,2) => (1|3,2,1,2);
				(1|3,2,3,5) => (1|3,2,3,5);
				(1|3,3,0,0) => (1|3,3,0,0);
				(1|3,3,0,1) => (1|3,3,0,1);
				(1|3,3,0,2) => (1|3,3,0,2);
				(1|3,3,5,0) => (0|3,3,5,0);
				(1|3,3,6,0) => (1|3,3,6,0);
				(1|3,5,0,2) => (2|3,5,0,2);
				(1|3,5,0,3) => (0|3,5,0,3);
				(1|3,5,0,6) => (1|3,5,0,6);
				(1|3,5,0,7) => (1|3,5,0,7);
				(1|3,5,1,0) => (1|3,5,1,0);
				(1|3,5,3,0) => (5|3,5,3,0);
				(1|3,5,3,2) => (1|3,5,3,2);
				(1|3,5,5,6) => (1|3,5,5,6);
				(1|3,5,6,0) => (1|3,5,6,0);
				(1|3,6,0,0) => (3|3,6,0,0);
				(1|3,6,0,3) => (1|3,6,0,3);
				(1|3,6,1,0) => (1|3,6,1,0);
				(1|3,6,5,0) => (1|3,6,5,0);
				(1|3,6,6,0) => (1|3,6,6,0);
				(1|3,6,6,7) => (1|3,6,6,7);
				(1|3,6,7,0) => (1|3,6,7,0);
				(1|3,7,0,0) => (1|3,7,0,0);
				(1|3,7,0,7) => (1|3,7,0,7);
				(1|3,7,1,0) => (1|3,7,1,0);
				(1|3,7,5,0) => (1|3,7,5,0);
				(1|3,7,6,7) => (1|3,7,6,7);
				(1|3,7,7,0) => (1|3,7,7,0);
				(1|3,7,7,6) => (1|3,7,7,6);
				(1|4,0,0,0) => (1|4,0,0,0);
				(1|4,0,0,1) => (1|4,0,0,1);
				(1|4,0,0,2) => (1|4,0,0,2);
				(1|4,0,0,6) => (1|4,0,0,6);
				(1|4,0,1,0) => (1|4,0,1,0);
				(1|4,0,1,5) => (2|4,0,1,5);
				(1|4,0,5,1) => (5|4,0,5,1);
				(1|4,0,6,0) => (1|4,0,6,0);
				(1|4,0,6,2) => (1|4,0,6,2);
				(1|4,0,6,5) => (1|4,0,6,5);
				(1|4,0,7,0) => (1|4,0,7,0);
				(1|4,1,0,0) => (1|4,1,0,0);
				(1|4,1,0,1) => (1|4,1,0,1);
				(1|4,1,5,0) => (5|4,1,5,0);
				(1|4,4,6,0) => (1|4,4,6,0);
				(1|4,5,0,6) => (1|4,5,0,6);
				(1|4,5,1,0) => (1|4,5,1,0);
				(1|4,5,6,5) => (1|4,5,6,5);
				(1|4,6,0,0) => (1|4,6,0,0);
				(1|4,6,0,4) => (1|4,6,0,4);
				(1|4,6,0,5) => (2|4,6,0,5);
				(1|4,6,6,0) => (1|4,6,6,0);
				(1|4,6,6,5) => (1|4,6,6,5);
				(1|4,7,6,7) => (1|4,7,6,7);
				(1|5,0,0,0) => (1|5,0,0,0);
				(1|5,0,0,5) => (1|5,0,0,5);
				(1|5,0,0,6) => (1|5,0,0,6);
				(1|5,0,1,2) => (1|5,0,1,2);
				(1|5,0,1,6) => (1|5,0,1,6);
				(1|5,0,1,7) => (1|5,0,1,7);
				(1|5,0,2,1) => (1|5,0,2,1);
				(1|5,0,2,3) => (2|5,0,2,3);
				(1|5,0,3,1) => (2|5,0,3,1);
				(1|5,0,3,3) => (0|5,0,3,3);
				(1|5,0,3,6) => (1|5,0,3,6);
				(1|5,0,3,7) => (1|5,0,3,7);
				(1|5,0,4,1) => (5|5,0,4,1);
				(1|5,0,5,0) => (1|5,0,5,0);
				(1|5,0,5,5) => (1|5,0,5,5);
				(1|5,0,5,6) => (1|5,0,5,6);
				(1|5,0,5,7) => (1|5,0,5,7);
				(1|5,0,6,1) => (2|5,0,6,1);
				(1|5,0,6,2) => (1|5,0,6,2);
				(1|5,0,6,3) => (1|5,0,6,3);
				(1|5,0,6,4) => (1|5,0,6,4);
				(1|5,0,6,5) => (1|5,0,6,5);
				(1|5,0,6,7) => (1|5,0,6,7);
				(1|5,0,7,1) => (2|5,0,7,1);
				(1|5,0,7,3) => (1|5,0,7,3);
				(1|5,0,7,6) => (1|5,0,7,6);
				(1|5,0,7,7) => (2|5,0,7,7);
				(1|5,1,0,1) => (4|5,1,0,1);
				(1|5,1,0,2) => (1|5,1,0,2);
				(1|5,1,0,3) => (1|5,1,0,3);
				(1|5,1,0,4) => (1|5,1,0,4);
				(1|5,1,0,6) => (1|5,1,0,6);
				(1|5,1,0,7) => (1|5,1,0,7);
				(1|5,1,1,0) => (0|5,1,1,0);
				(1|5,1,1,1) => (4|5,1,1,1);
				(1|5,1,1,5) => (1|5,1,1,5);
				(1|5,1,1,7) => (1|5,1,1,7);
				(1|5,1,2,0) => (1|5,1,2,0);
				(1|5,1,4,0) => (5|5,1,4,0);
				(1|5,1,5,6) => (1|5,1,5,6);
				(1|5,1,6,0) => (2|5,1,6,0);
				(1|5,1,6,5) => (1|5,1,6,5);
				(1|5,1,6,6) => (1|5,1,6,6);
				(1|5,1,6,7) => (1|5,1,6,7);
				(1|5,1,7,6) => (1|5,1,7,6);
				(1|5,1,7,7) => (1|5,1,7,7);
				(1|5,2,0,2) => (4|5,2,0,2);
				(1|5,2,0,6) => (1|5,2,0,6);
				(1|5,2,6,0) => (1|5,2,6,0);
				(1|5,2,6,6) => (1|5,2,6,6);
				(1|5,3,0,3) => (5|5,3,0,3);
				(1|5,3,0,6) => (1|5,3,0,6);
				(1|5,3,2,3) => (1|5,3,2,3);
				(1|5,4,0,1) => (2|5,4,0,1);
				(1|5,4,0,6) => (1|5,4,0,6);
				(1|5,4,5,6) => (1|5,4,5,6);
				(1|5,4,6,0) => (2|5,4,6,0);
				(1|5,4,6,6) => (1|5,4,6,6);
				(1|5,5,0,0) => (1|5,5,0,0);
				(1|5,5,0,5) => (1|5,5,0,5);
				(1|5,5,0,6) => (1|5,5,0,6);
				(1|5,5,1,1) => (1|5,5,1,1);
				(1|5,5,1,6) => (1|5,5,1,6);
				(1|5,5,5,0) => (1|5,5,5,0);
				(1|5,5,5,5) => (1|5,5,5,5);
				(1|5,5,6,0) => (1|5,5,6,0);
				(1|5,5,6,1) => (1|5,5,6,1);
				(1|5,5,6,3) => (1|5,5,6,3);
				(1|5,5,6,6) => (1|5,5,6,6);
				(1|5,5,6,7) => (1|5,5,6,7);
				(1|5,5,7,6) => (1|5,5,7,6);
				(1|5,5,7,7) => (1|5,5,7,7);
				(1|5,6,0,0) => (1|5,6,0,0);
				(1|5,6,0,1) => (1|5,6,0,1);
				(1|5,6,0,2) => (1|5,6,0,2);
				(1|5,6,0,3) => (1|5,6,0,3);
				(1|5,6,0,5) => (1|5,6,0,5);
				(1|5,6,0,6) => (1|5,6,0,6);
				(1|5,6,0,7) => (1|5,6,0,7);
				(1|5,6,1,0) => (1|5,6,1,0);
				(1|5,6,1,5) => (1|5,6,1,5);
				(1|5,6,1,6) => (1|5,6,1,6);
				(1|5,6,3,0) => (1|5,6,3,0);
				(1|5,6,3,5) => (1|5,6,3,5);
				(1|5,6,5,0) => (1|5,6,5,0);
				(1|5,6,5,1) => (1|5,6,5,1);
				(1|5,6,5,4) => (1|5,6,5,4);
				(1|5,6,5,6) => (1|5,6,5,6);
				(1|5,6,5,7) => (1|5,6,5,7);
				(1|5,6,6,1) => (1|5,6,6,1);
				(1|5,6,6,5) => (1|5,6,6,5);
				(1|5,6,6,6) => (2|5,6,6,6);
				(1|5,6,6,7) => (1|5,6,6,7);
				(1|5,6,7,0) => (1|5,6,7,0);
				(1|5,6,7,1) => (1|5,6,7,1);
				(1|5,6,7,5) => (1|5,6,7,5);
				(1|5,6,7,6) => (1|5,6,7,6);
				(1|5,6,7,7) => (1|5,6,7,7);
				(1|5,7,0,6) => (1|5,7,0,6);
				(1|5,7,0,7) => (1|5,7,0,7);
				(1|5,7,1,0) => (1|5,7,1,0);
				(1|5,7,1,7) => (1|5,7,1,7);
				(1|5,7,2,0) => (1|5,7,2,0);
				(1|5,7,3,0) => (1|5,7,3,0);
				(1|5,7,5,0) => (1|5,7,5,0);
				(1|5,7,5,6) => (1|5,7,5,6);
				(1|5,7,6,0) => (1|5,7,6,0);
				(1|5,7,6,5) => (1|5,7,6,5);
				(1|5,7,6,6) => (1|5,7,6,6);
				(1|5,7,6,7) => (1|5,7,6,7);
				(1|5,7,7,0) => (3|5,7,7,0);
				(1|5,7,7,5) => (1|5,7,7,5);
				(1|5,7,7,6) => (1|5,7,7,6);
				(1|5,7,7,7) => (6|5,7,7,7);
				(1|6,0,0,0) => (1|6,0,0,0);
				(1|6,0,0,1) => (2|6,0,0,1);
				(1|6,0,0,2) => (1|6,0,0,2);
				(1|6,0,0,3) => (3|6,0,0,3);
				(1|6,0,0,4) => (1|6,0,0,4);
				(1|6,0,0,5) => (1|6,0,0,5);
				(1|6,0,0,6) => (2|6,0,0,6);
				(1|6,0,0,7) => (1|6,0,0,7);
				(1|6,0,1,0) => (5|6,0,1,0);
				(1|6,0,1,2) => (1|6,0,1,2);
				(1|6,0,1,5) => (1|6,0,1,5);
				(1|6,0,1,6) => (1|6,0,1,6);
				(1|6,0,1,7) => (1|6,0,1,7);
				(1|6,0,2,0) => (1|6,0,2,0);
				(1|6,0,2,5) => (1|6,0,2,5);
				(1|6,0,2,6) => (1|6,0,2,6);
				(1|6,0,3,0) => (1|6,0,3,0);
				(1|6,0,3,3) => (1|6,0,3,3);
				(1|6,0,3,5) => (1|6,0,3,5);
				(1|6,0,3,6) => (1|6,0,3,6);
				(1|6,0,4,0) => (1|6,0,4,0);
				(1|6,0,4,4) => (1|6,0,4,4);
				(1|6,0,4,6) => (1|6,0,4,6);
				(1|6,0,5,1) => (2|6,0,5,1);
				(1|6,0,5,2) => (1|6,0,5,2);
				(1|6,0,5,4) => (2|6,0,5,4);
				(1|6,0,5,5) => (1|6,0,5,5);
				(1|6,0,5,7) => (1|6,0,5,7);
				(1|6,0,6,0) => (1|6,0,6,0);
				(1|6,0,6,1) => (1|6,0,6,1);
				(1|6,0,6,5) => (1|6,0,6,5);
				(1|6,0,6,6) => (1|6,0,6,6);
				(1|6,0,6,7) => (1|6,0,6,7);
				(1|6,0,7,0) => (1|6,0,7,0);
				(1|6,0,7,1) => (1|6,0,7,1);
				(1|6,0,7,5) => (1|6,0,7,5);
				(1|6,0,7,6) => (1|6,0,7,6);
				(1|6,0,7,7) => (1|6,0,7,7);
				(1|6,1,0,0) => (2|6,1,0,0);
				(1|6,1,0,1) => (1|6,1,0,1);
				(1|6,1,0,2) => (1|6,1,0,2);
				(1|6,1,0,3) => (1|6,1,0,3);
				(1|6,1,0,5) => (1|6,1,0,5);
				(1|6,1,0,7) => (1|6,1,0,7);
				(1|6,1,1,0) => (1|6,1,1,0);
				(1|6,1,5,0) => (2|6,1,5,0);
				(1|6,1,5,5) => (1|6,1,5,5);
				(1|6,1,5,6) => (1|6,1,5,6);
				(1|6,1,6,0) => (1|6,1,6,0);
				(1|6,1,6,5) => (1|6,1,6,5);
				(1|6,1,6,6) => (1|6,1,6,6);
				(1|6,1,6,7) => (1|6,1,6,7);
				(1|6,1,7,6) => (1|6,1,7,6);
				(1|6,1,7,7) => (1|6,1,7,7);
				(1|6,2,0,0) => (1|6,2,0,0);
				(1|6,2,0,6) => (1|6,2,0,6);
				(1|6,2,4,0) => (1|6,2,4,0);
				(1|6,2,5,0) => (1|6,2,5,0);
				(1|6,2,6,6) => (1|6,2,6,6);
				(1|6,2,7,6) => (1|6,2,7,6);
				(1|6,2,7,7) => (1|6,2,7,7);
				(1|6,3,0,0) => (1|6,3,0,0);
				(1|6,3,0,5) => (1|6,3,0,5);
				(1|6,3,1,0) => (1|6,3,1,0);
				(1|6,3,5,0) => (1|6,3,5,0);
				(1|6,3,5,5) => (1|6,3,5,5);
				(1|6,3,7,7) => (1|6,3,7,7);
				(1|6,4,0,0) => (1|6,4,0,0);
				(1|6,4,5,0) => (1|6,4,5,0);
				(1|6,5,0,0) => (1|6,5,0,0);
				(1|6,5,0,1) => (1|6,5,0,1);
				(1|6,5,0,3) => (1|6,5,0,3);
				(1|6,5,0,5) => (1|6,5,0,5);
				(1|6,5,0,7) => (1|6,5,0,7);
				(1|6,5,1,0) => (1|6,5,1,0);
				(1|6,5,1,5) => (1|6,5,1,5);
				(1|6,5,1,6) => (1|6,5,1,6);
				(1|6,5,1,7) => (1|6,5,1,7);
				(1|6,5,2,0) => (1|6,5,2,0);
				(1|6,5,2,6) => (1|6,5,2,6);
				(1|6,5,3,0) => (1|6,5,3,0);
				(1|6,5,4,0) => (1|6,5,4,0);
				(1|6,5,4,5) => (1|6,5,4,5);
				(1|6,5,4,6) => (1|6,5,4,6);
				(1|6,5,5,0) => (1|6,5,5,0);
				(1|6,5,5,1) => (1|6,5,5,1);
				(1|6,5,5,6) => (1|6,5,5,6);
				(1|6,5,5,7) => (1|6,5,5,7);
				(1|6,5,6,0) => (1|6,5,6,0);
				(1|6,5,6,1) => (1|6,5,6,1);
				(1|6,5,6,5) => (1|6,5,6,5);
				(1|6,5,6,6) => (2|6,5,6,6);
				(1|6,5,6,7) => (1|6,5,6,7);
				(1|6,5,7,0) => (1|6,5,7,0);
				(1|6,5,7,5) => (1|6,5,7,5);
				(1|6,5,7,6) => (1|6,5,7,6);
				(1|6,5,7,7) => (1|6,5,7,7);
				(1|6,6,0,0) => (2|6,6,0,0);
				(1|6,6,0,1) => (1|6,6,0,1);
				(1|6,6,0,2) => (1|6,6,0,2);
				(1|6,6,0,3) => (1|6,6,0,3);
				(1|6,6,0,4) => (1|6,6,0,4);
				(1|6,6,0,6) => (1|6,6,0,6);
				(1|6,6,0,7) => (1|6,6,0,7);
				(1|6,6,1,5) => (1|6,6,1,5);
				(1|6,6,1,6) => (1|6,6,1,6);
				(1|6,6,1,7) => (1|6,6,1,7);
				(1|6,6,2,0) => (1|6,6,2,0);
				(1|6,6,2,6) => (1|6,6,2,6);
				(1|6,6,2,7) => (1|6,6,2,7);
				(1|6,6,5,1) => (1|6,6,5,1);
				(1|6,6,5,2) => (1|6,6,5,2);
				(1|6,6,5,4) => (1|6,6,5,4);
				(1|6,6,5,5) => (1|6,6,5,5);
				(1|6,6,5,6) => (2|6,6,5,6);
				(1|6,6,5,7) => (1|6,6,5,7);
				(1|6,6,6,0) => (1|6,6,6,0);
				(1|6,6,6,1) => (1|6,6,6,1);
				(1|6,6,6,2) => (1|6,6,6,2);
				(1|6,6,6,5) => (2|6,6,6,5);
				(1|6,6,7,0) => (1|6,6,7,0);
				(1|6,6,7,1) => (1|6,6,7,1);
				(1|6,6,7,3) => (1|6,6,7,3);
				(1|6,6,7,5) => (1|6,6,7,5);
				(1|6,6,7,7) => (1|6,6,7,7);
				(1|6,7,0,0) => (1|6,7,0,0);
				(1|6,7,0,1) => (1|6,7,0,1);
				(1|6,7,0,3) => (1|6,7,0,3);
				(1|6,7,0,5) => (1|6,7,0,5);
				(1|6,7,0,6) => (1|6,7,0,6);
				(1|6,7,1,0) => (1|6,7,1,0);
				(1|6,7,1,5) => (1|6,7,1,5);
				(1|6,7,1,6) => (1|6,7,1,6);
				(1|6,7,1,7) => (1|6,7,1,7);
				(1|6,7,2,0) => (1|6,7,2,0);
				(1|6,7,3,0) => (1|6,7,3,0);
				(1|6,7,3,6) => (1|6,7,3,6);
				(1|6,7,3,7) => (1|6,7,3,7);
				(1|6,7,4,7) => (1|6,7,4,7);
				(1|6,7,5,0) => (1|6,7,5,0);
				(1|6,7,5,1) => (1|6,7,5,1);
				(1|6,7,5,5) => (1|6,7,5,5);
				(1|6,7,5,6) => (1|6,7,5,6);
				(1|6,7,5,7) => (1|6,7,5,7);
				(1|6,7,6,0) => (1|6,7,6,0);
				(1|6,7,6,1) => (1|6,7,6,1);
				(1|6,7,6,5) => (1|6,7,6,5);
				(1|6,7,6,7) => (1|6,7,6,7);
				(1|6,7,7,0) => (1|6,7,7,0);
				(1|6,7,7,1) => (1|6,7,7,1);
				(1|6,7,7,5) => (1|6,7,7,5);
				(1|6,7,7,6) => (1|6,7,7,6);
				(1|6,7,7,7) => (1|6,7,7,7);
				(1|7,0,0,0) => (2|7,0,0,0);
				(1|7,0,0,1) => (1|7,0,0,1);
				(1|7,0,0,2) => (1|7,0,0,2);
				(1|7,0,0,3) => (1|7,0,0,3);
				(1|7,0,0,6) => (1|7,0,0,6);
				(1|7,0,0,7) => (1|7,0,0,7);
				(1|7,0,1,0) => (1|7,0,1,0);
				(1|7,0,1,2) => (1|7,0,1,2);
				(1|7,0,1,6) => (1|7,0,1,6);
				(1|7,0,1,7) => (1|7,0,1,7);
				(1|7,0,2,0) => (1|7,0,2,0);
				(1|7,0,3,0) => (1|7,0,3,0);
				(1|7,0,3,6) => (1|7,0,3,6);
				(1|7,0,3,7) => (1|7,0,3,7);
				(1|7,0,4,0) => (1|7,0,4,0);
				(1|7,0,5,6) => (1|7,0,5,6);
				(1|7,0,5,7) => (3|7,0,5,7);
				(1|7,0,6,0) => (1|7,0,6,0);
				(1|7,0,6,5) => (1|7,0,6,5);
				(1|7,0,6,6) => (1|7,0,6,6);
				(1|7,0,6,7) => (1|7,0,6,7);
				(1|7,0,7,0) => (1|7,0,7,0);
				(1|7,0,7,3) => (1|7,0,7,3);
				(1|7,0,7,5) => (1|7,0,7,5);
				(1|7,0,7,7) => (3|7,0,7,7);
				(1|7,1,0,0) => (1|7,1,0,0);
				(1|7,1,0,1) => (1|7,1,0,1);
				(1|7,1,0,3) => (1|7,1,0,3);
				(1|7,1,0,5) => (1|7,1,0,5);
				(1|7,1,0,6) => (1|7,1,0,6);
				(1|7,1,0,7) => (1|7,1,0,7);
				(1|7,1,5,0) => (2|7,1,5,0);
				(1|7,1,5,6) => (1|7,1,5,6);
				(1|7,1,6,0) => (1|7,1,6,0);
				(1|7,1,6,6) => (1|7,1,6,6);
				(1|7,1,6,7) => (1|7,1,6,7);
				(1|7,1,7,5) => (1|7,1,7,5);
				(1|7,1,7,6) => (1|7,1,7,6);
				(1|7,1,7,7) => (1|7,1,7,7);
				(1|7,2,0,0) => (1|7,2,0,0);
				(1|7,2,0,5) => (1|7,2,0,5);
				(1|7,2,0,6) => (1|7,2,0,6);
				(1|7,2,0,7) => (1|7,2,0,7);
				(1|7,3,0,0) => (1|7,3,0,0);
				(1|7,3,0,5) => (1|7,3,0,5);
				(1|7,3,0,6) => (1|7,3,0,6);
				(1|7,3,5,0) => (1|7,3,5,0);
				(1|7,3,6,6) => (1|7,3,6,6);
				(1|7,3,7,0) => (1|7,3,7,0);
				(1|7,3,7,6) => (1|7,3,7,6);
				(1|7,4,7,6) => (1|7,4,7,6);
				(1|7,5,0,1) => (1|7,5,0,1);
				(1|7,5,0,3) => (1|7,5,0,3);
				(1|7,5,0,5) => (1|7,5,0,5);
				(1|7,5,0,6) => (1|7,5,0,6);
				(1|7,5,0,7) => (2|7,5,0,7);
				(1|7,5,1,0) => (1|7,5,1,0);
				(1|7,5,1,1) => (1|7,5,1,1);
				(1|7,5,1,6) => (1|7,5,1,6);
				(1|7,5,1,7) => (1|7,5,1,7);
				(1|7,5,5,6) => (1|7,5,5,6);
				(1|7,5,5,7) => (1|7,5,5,7);
				(1|7,5,6,0) => (1|7,5,6,0);
				(1|7,5,6,5) => (1|7,5,6,5);
				(1|7,5,6,6) => (1|7,5,6,6);
				(1|7,5,6,7) => (1|7,5,6,7);
				(1|7,5,7,0) => (1|7,5,7,0);
				(1|7,5,7,1) => (1|7,5,7,1);
				(1|7,5,7,6) => (1|7,5,7,6);
				(1|7,5,7,7) => (6|7,5,7,7);
				(1|7,6,0,0) => (1|7,6,0,0);
				(1|7,6,0,1) => (1|7,6,0,1);
				(1|7,6,0,5) => (1|7,6,0,5);
				(1|7,6,0,6) => (1|7,6,0,6);
				(1|7,6,0,7) => (1|7,6,0,7);
				(1|7,6,1,0) => (1|7,6,1,0);
				(1|7,6,1,6) => (1|7,6,1,6);
				(1|7,6,1,7) => (1|7,6,1,7);
				(1|7,6,2,7) => (1|7,6,2,7);
				(1|7,6,3,7) => (1|7,6,3,7);
				(1|7,6,5,0) => (1|7,6,5,0);
				(1|7,6,5,1) => (1|7,6,5,1);
				(1|7,6,5,5) => (1|7,6,5,5);
				(1|7,6,5,6) => (1|7,6,5,6);
				(1|7,6,5,7) => (1|7,6,5,7);
				(1|7,6,6,0) => (1|7,6,6,0);
				(1|7,6,6,1) => (1|7,6,6,1);
				(1|7,6,6,2) => (1|7,6,6,2);
				(1|7,6,6,5) => (1|7,6,6,5);
				(1|7,6,6,7) => (1|7,6,6,7);
				(1|7,6,7,1) => (1|7,6,7,1);
				(1|7,6,7,3) => (1|7,6,7,3);
				(1|7,6,7,4) => (1|7,6,7,4);
				(1|7,6,7,5) => (1|7,6,7,5);
				(1|7,6,7,6) => (1|7,6,7,6);
				(1|7,6,7,7) => (1|7,6,7,7);
				(1|7,7,0,0) => (1|7,7,0,0);
				(1|7,7,0,1) => (1|7,7,0,1);
				(1|7,7,0,3) => (1|7,7,0,3);
				(1|7,7,0,5) => (3|7,7,0,5);
				(1|7,7,0,6) => (1|7,7,0,6);
				(1|7,7,0,7) => (3|7,7,0,7);
				(1|7,7,1,0) => (1|7,7,1,0);
				(1|7,7,1,6) => (1|7,7,1,6);
				(1|7,7,1,7) => (1|7,7,1,7);
				(1|7,7,2,0) => (1|7,7,2,0);
				(1|7,7,5,0) => (2|7,7,5,0);
				(1|7,7,5,1) => (1|7,7,5,1);
				(1|7,7,5,5) => (1|7,7,5,5);
				(1|7,7,5,6) => (1|7,7,5,6);
				(1|7,7,5,7) => (6|7,7,5,7);
				(1|7,7,6,0) => (1|7,7,6,0);
				(1|7,7,6,1) => (1|7,7,6,1);
				(1|7,7,6,2) => (1|7,7,6,2);
				(1|7,7,6,3) => (1|7,7,6,3);
				(1|7,7,6,5) => (1|7,7,6,5);
				(1|7,7,6,6) => (1|7,7,6,6);
				(1|7,7,6,7) => (1|7,7,6,7);
				(1|7,7,7,0) => (3|7,7,7,0);
				(1|7,7,7,1) => (1|7,7,7,1);
				(1|7,7,7,5) => (6|7,7,7,5);
				(1|7,7,7,6) => (1|7,7,7,6);
				(1|7,7,7,7) => (1|7,7,7,7);
				(2|0,0,0,0) => (2|0,0,0,0);
				(2|0,0,0,4) => (2|0,0,0,4);
				(2|0,0,0,5) => (2|0,0,0,5);
				(2|0,0,0,6) => (2|0,0,0,6);
				(2|0,0,0,7) => (3|0,0,0,7);
				(2|0,0,1,1) => (2|0,0,1,1);
				(2|0,0,1,2) => (4|0,0,1,2);
				(2|0,0,1,3) => (2|0,0,1,3);
				(2|0,0,1,6) => (3|0,0,1,6);
				(2|0,0,1,7) => (2|0,0,1,7);
				(2|0,0,2,1) => (2|0,0,2,1);
				(2|0,0,2,6) => (3|0,0,2,6);
				(2|0,0,2,7) => (2|0,0,2,7);
				(2|0,0,3,1) => (2|0,0,3,1);
				(2|0,0,3,3) => (2|0,0,3,3);
				(2|0,0,3,4) => (2|0,0,3,4);
				(2|0,0,3,6) => (2|0,0,3,6);
				(2|0,0,3,7) => (2|0,0,3,7);
				(2|0,0,4,0) => (2|0,0,4,0);
				(2|0,0,4,1) => (2|0,0,4,1);
				(2|0,0,5,0) => (2|0,0,5,0);
				(2|0,0,5,5) => (2|0,0,5,5);
				(2|0,0,5,6) => (3|0,0,5,6);
				(2|0,0,6,0) => (2|0,0,6,0);
				(2|0,0,6,1) => (3|0,0,6,1);
				(2|0,0,6,2) => (4|0,0,6,2);
				(2|0,0,6,3) => (3|0,0,6,3);
				(2|0,0,6,4) => (2|0,0,6,4);
				(2|0,0,6,6) => (3|0,0,6,6);
				(2|0,0,6,7) => (2|0,0,6,7);
				(2|0,0,7,0) => (3|0,0,7,0);
				(2|0,0,7,1) => (2|0,0,7,1);
				(2|0,0,7,2) => (2|0,0,7,2);
				(2|0,0,7,3) => (2|0,0,7,3);
				(2|0,0,7,6) => (2|0,0,7,6);
				(2|0,0,7,7) => (3|0,0,7,7);
				(2|0,1,0,1) => (2|0,1,0,1);
				(2|0,1,0,3) => (2|0,1,0,3);
				(2|0,1,0,6) => (2|0,1,0,6);
				(2|0,1,0,7) => (2|0,1,0,7);
				(2|0,1,1,0) => (2|0,1,1,0);
				(2|0,1,2,0) => (4|0,1,2,0);
				(2|0,1,3,0) => (2|0,1,3,0);
				(2|0,1,5,4) => (3|0,1,5,4);
				(2|0,1,5,6) => (2|0,1,5,6);
				(2|0,1,5,7) => (2|0,1,5,7);
				(2|0,1,6,0) => (3|0,1,6,0);
				(2|0,1,6,1) => (2|0,1,6,1);
				(2|0,1,6,5) => (2|0,1,6,5);
				(2|0,1,6,7) => (2|0,1,6,7);
				(2|0,1,7,0) => (2|0,1,7,0);
				(2|0,1,7,1) => (2|0,1,7,1);
				(2|0,1,7,5) => (2|0,1,7,5);
				(2|0,1,7,6) => (2|0,1,7,6);
				(2|0,1,7,7) => (2|0,1,7,7);
				(2|0,2,0,2) => (2|0,2,0,2);
				(2|0,2,0,3) => (2|0,2,0,3);
				(2|0,2,0,4) => (2|0,2,0,4);
				(2|0,2,0,6) => (3|0,2,0,6);
				(2|0,2,0,7) => (2|0,2,0,7);
				(2|0,2,1,0) => (2|0,2,1,0);
				(2|0,2,1,1) => (2|0,2,1,1);
				(2|0,2,1,2) => (2|0,2,1,2);
				(2|0,2,2,2) => (2|0,2,2,2);
				(2|0,2,3,5) => (3|0,2,3,5);
				(2|0,2,5,6) => (2|0,2,5,6);
				(2|0,2,6,0) => (3|0,2,6,0);
				(2|0,2,6,5) => (2|0,2,6,5);
				(2|0,2,6,6) => (2|0,2,6,6);
				(2|0,2,6,7) => (2|0,2,6,7);
				(2|0,2,7,0) => (2|0,2,7,0);
				(2|0,2,7,7) => (2|0,2,7,7);
				(2|0,3,0,1) => (2|0,3,0,1);
				(2|0,3,0,2) => (2|0,3,0,2);
				(2|0,3,0,3) => (2|0,3,0,3);
				(2|0,3,0,6) => (3|0,3,0,6);
				(2|0,3,0,7) => (2|0,3,0,7);
				(2|0,3,1,0) => (2|0,3,1,0);
				(2|0,3,1,3) => (2|0,3,1,3);
				(2|0,3,1,5) => (3|0,3,1,5);
				(2|0,3,3,0) => (2|0,3,3,0);
				(2|0,3,4,0) => (2|0,3,4,0);
				(2|0,3,5,3) => (4|0,3,5,3);
				(2|0,3,5,6) => (2|0,3,5,6);
				(2|0,3,6,0) => (2|0,3,6,0);
				(2|0,3,6,5) => (2|0,3,6,5);
				(2|0,3,6,6) => (2|0,3,6,6);
				(2|0,3,6,7) => (2|0,3,6,7);
				(2|0,3,7,0) => (2|0,3,7,0);
				(2|0,3,7,5) => (2|0,3,7,5);
				(2|0,3,7,7) => (2|0,3,7,7);
				(2|0,4,0,0) => (2|0,4,0,0);
				(2|0,4,0,2) => (2|0,4,0,2);
				(2|0,4,0,6) => (2|0,4,0,6);
				(2|0,4,1,0) => (2|0,4,1,0);
				(2|0,4,1,5) => (2|0,4,1,5);
				(2|0,4,4,6) => (2|0,4,4,6);
				(2|0,4,5,1) => (3|0,4,5,1);
				(2|0,5,0,0) => (2|0,5,0,0);
				(2|0,5,0,5) => (2|0,5,0,5);
				(2|0,5,0,6) => (2|0,5,0,6);
				(2|0,5,1,2) => (2|0,5,1,2);
				(2|0,5,1,4) => (2|0,5,1,4);
				(2|0,5,1,6) => (3|0,5,1,6);
				(2|0,5,1,7) => (2|0,5,1,7);
				(2|0,5,2,4) => (2|0,5,2,4);
				(2|0,5,3,6) => (2|0,5,3,6);
				(2|0,5,4,6) => (3|0,5,4,6);
				(2|0,5,5,0) => (2|0,5,5,0);
				(2|0,5,5,5) => (2|0,5,5,5);
				(2|0,5,5,6) => (2|0,5,5,6);
				(2|0,5,6,0) => (3|0,5,6,0);
				(2|0,5,6,1) => (2|0,5,6,1);
				(2|0,5,6,2) => (2|0,5,6,2);
				(2|0,5,6,5) => (2|0,5,6,5);
				(2|0,5,6,6) => (3|0,5,6,6);
				(2|0,5,6,7) => (2|0,5,6,7);
				(2|0,5,7,1) => (2|0,5,7,1);
				(2|0,5,7,6) => (2|0,5,7,6);
				(2|0,5,7,7) => (2|0,5,7,7);
				(2|0,6,0,0) => (2|0,6,0,0);
				(2|0,6,0,1) => (2|0,6,0,1);
				(2|0,6,0,2) => (3|0,6,0,2);
				(2|0,6,0,3) => (3|0,6,0,3);
				(2|0,6,0,4) => (2|0,6,0,4);
				(2|0,6,0,5) => (2|0,6,0,5);
				(2|0,6,0,6) => (2|0,6,0,6);
				(2|0,6,0,7) => (2|0,6,0,7);
				(2|0,6,1,0) => (3|0,6,1,0);
				(2|0,6,1,1) => (2|0,6,1,1);
				(2|0,6,1,2) => (2|0,6,1,2);
				(2|0,6,1,3) => (2|0,6,1,3);
				(2|0,6,1,5) => (3|0,6,1,5);
				(2|0,6,1,7) => (2|0,6,1,7);
				(2|0,6,2,0) => (4|0,6,2,0);
				(2|0,6,2,3) => (2|0,6,2,3);
				(2|0,6,3,0) => (3|0,6,3,0);
				(2|0,6,3,5) => (2|0,6,3,5);
				(2|0,6,4,0) => (2|0,6,4,0);
				(2|0,6,5,1) => (2|0,6,5,1);
				(2|0,6,5,6) => (2|0,6,5,6);
				(2|0,6,6,0) => (3|0,6,6,0);
				(2|0,6,6,2) => (2|0,6,6,2);
				(2|0,6,6,5) => (2|0,6,6,5);
				(2|0,6,6,6) => (2|0,6,6,6);
				(2|0,6,7,0) => (2|0,6,7,0);
				(2|0,6,7,1) => (2|0,6,7,1);
				(2|0,6,7,5) => (2|0,6,7,5);
				(2|0,6,7,6) => (2|0,6,7,6);
				(2|0,7,0,0) => (3|0,7,0,0);
				(2|0,7,0,1) => (2|0,7,0,1);
				(2|0,7,0,2) => (2|0,7,0,2);
				(2|0,7,0,3) => (2|0,7,0,3);
				(2|0,7,0,6) => (2|0,7,0,6);
				(2|0,7,0,7) => (2|0,7,0,7);
				(2|0,7,1,0) => (2|0,7,1,0);
				(2|0,7,1,5) => (3|0,7,1,5);
				(2|0,7,1,7) => (2|0,7,1,7);
				(2|0,7,2,0) => (2|0,7,2,0);
				(2|0,7,2,7) => (2|0,7,2,7);
				(2|0,7,3,0) => (2|0,7,3,0);
				(2|0,7,5,7) => (2|0,7,5,7);
				(2|0,7,6,0) => (2|0,7,6,0);
				(2|0,7,6,1) => (2|0,7,6,1);
				(2|0,7,6,2) => (2|0,7,6,2);
				(2|0,7,6,5) => (2|0,7,6,5);
				(2|0,7,6,6) => (2|0,7,6,6);
				(2|0,7,6,7) => (2|0,7,6,7);
				(2|0,7,7,0) => (3|0,7,7,0);
				(2|0,7,7,3) => (2|0,7,7,3);
				(2|0,7,7,7) => (2|0,7,7,7);
				(2|1,0,0,1) => (2|1,0,0,1);
				(2|1,0,0,2) => (2|1,0,0,2);
				(2|1,0,0,3) => (2|1,0,0,3);
				(2|1,0,0,4) => (2|1,0,0,4);
				(2|1,0,0,6) => (3|1,0,0,6);
				(2|1,0,0,7) => (2|1,0,0,7);
				(2|1,0,1,0) => (2|1,0,1,0);
				(2|1,0,1,6) => (2|1,0,1,6);
				(2|1,0,1,7) => (2|1,0,1,7);
				(2|1,0,2,1) => (2|1,0,2,1);
				(2|1,0,3,0) => (2|1,0,3,0);
				(2|1,0,4,5) => (3|1,0,4,5);
				(2|1,0,5,6) => (2|1,0,5,6);
				(2|1,0,5,7) => (2|1,0,5,7);
				(2|1,0,6,0) => (2|1,0,6,0);
				(2|1,0,6,1) => (2|1,0,6,1);
				(2|1,0,6,5) => (2|1,0,6,5);
				(2|1,0,6,7) => (2|1,0,6,7);
				(2|1,0,7,0) => (2|1,0,7,0);
				(2|1,0,7,6) => (2|1,0,7,6);
				(2|1,1,0,0) => (2|1,1,0,0);
				(2|1,1,0,2) => (2|1,1,0,2);
				(2|1,1,0,6) => (2|1,1,0,6);
				(2|1,1,1,7) => (2|1,1,1,7);
				(2|1,1,7,1) => (2|1,1,7,1);
				(2|1,2,0,0) => (4|1,2,0,0);
				(2|1,2,0,2) => (2|1,2,0,2);
				(2|1,2,0,5) => (2|1,2,0,5);
				(2|1,2,0,6) => (2|1,2,0,6);
				(2|1,2,5,2) => (2|1,2,5,2);
				(2|1,2,5,5) => (2|1,2,5,5);
				(2|1,3,0,0) => (2|1,3,0,0);
				(2|1,3,0,3) => (2|1,3,0,3);
				(2|1,3,0,6) => (2|1,3,0,6);
				(2|1,4,0,5) => (2|1,4,0,5);
				(2|1,5,0,3) => (3|1,5,0,3);
				(2|1,5,0,4) => (2|1,5,0,4);
				(2|1,5,0,6) => (3|1,5,0,6);
				(2|1,5,0,7) => (3|1,5,0,7);
				(2|1,5,4,0) => (3|1,5,4,0);
				(2|1,5,5,2) => (2|1,5,5,2);
				(2|1,5,5,6) => (2|1,5,5,6);
				(2|1,5,5,7) => (2|1,5,5,7);
				(2|1,5,6,0) => (2|1,5,6,0);
				(2|1,5,6,5) => (2|1,5,6,5);
				(2|1,5,6,6) => (2|1,5,6,6);
				(2|1,5,7,0) => (2|1,5,7,0);
				(2|1,6,0,0) => (3|1,6,0,0);
				(2|1,6,0,5) => (3|1,6,0,5);
				(2|1,6,1,0) => (2|1,6,1,0);
				(2|1,6,5,0) => (2|1,6,5,0);
				(2|1,6,5,5) => (2|1,6,5,5);
				(2|1,6,6,5) => (2|1,6,6,5);
				(2|1,6,6,6) => (2|1,6,6,6);
				(2|1,6,7,0) => (2|1,6,7,0);
				(2|1,7,0,0) => (2|1,7,0,0);
				(2|1,7,0,5) => (2|1,7,0,5);
				(2|1,7,0,6) => (2|1,7,0,6);
				(2|1,7,0,7) => (2|1,7,0,7);
				(2|1,7,1,0) => (2|1,7,1,0);
				(2|1,7,1,1) => (2|1,7,1,1);
				(2|1,7,5,0) => (2|1,7,5,0);
				(2|1,7,6,0) => (2|1,7,6,0);
				(2|1,7,6,6) => (2|1,7,6,6);
				(2|1,7,6,7) => (2|1,7,6,7);
				(2|1,7,7,0) => (2|1,7,7,0);
				(2|1,7,7,7) => (2|1,7,7,7);
				(2|2,0,0,1) => (4|2,0,0,1);
				(2|2,0,0,6) => (4|2,0,0,6);
				(2|2,0,0,7) => (2|2,0,0,7);
				(2|2,0,2,0) => (2|2,0,2,0);
				(2|2,0,2,1) => (2|2,0,2,1);
				(2|2,0,2,2) => (2|2,0,2,2);
				(2|2,0,3,0) => (2|2,0,3,0);
				(2|2,0,4,0) => (2|2,0,4,0);
				(2|2,0,5,1) => (2|2,0,5,1);
				(2|2,0,5,6) => (2|2,0,5,6);
				(2|2,0,6,0) => (3|2,0,6,0);
				(2|2,0,6,1) => (2|2,0,6,1);
				(2|2,0,6,6) => (2|2,0,6,6);
				(2|2,0,7,0) => (2|2,0,7,0);
				(2|2,0,7,6) => (2|2,0,7,6);
				(2|2,1,0,0) => (2|2,1,0,0);
				(2|2,1,1,0) => (2|2,1,1,0);
				(2|2,1,2,0) => (2|2,1,2,0);
				(2|2,1,2,5) => (2|2,1,2,5);
				(2|2,1,5,5) => (2|2,1,5,5);
				(2|2,2,0,2) => (2|2,2,0,2);
				(2|2,2,2,0) => (2|2,2,2,0);
				(2|2,2,2,5) => (4|2,2,2,5);
				(2|2,2,5,2) => (4|2,2,5,2);
				(2|2,3,0,6) => (2|2,3,0,6);
				(2|2,3,5,0) => (3|2,3,5,0);
				(2|2,4,0,5) => (2|2,4,0,5);
				(2|2,5,2,1) => (2|2,5,2,1);
				(2|2,5,2,2) => (4|2,5,2,2);
				(2|2,5,5,1) => (2|2,5,5,1);
				(2|2,5,5,6) => (2|2,5,5,6);
				(2|2,5,6,0) => (2|2,5,6,0);
				(2|2,6,0,0) => (3|2,6,0,0);
				(2|2,6,5,0) => (2|2,6,5,0);
				(2|2,6,6,0) => (2|2,6,6,0);
				(2|2,6,6,6) => (2|2,6,6,6);
				(2|2,6,7,0) => (2|2,6,7,0);
				(2|2,7,0,0) => (2|2,7,0,0);
				(2|2,7,0,7) => (2|2,7,0,7);
				(2|2,7,7,0) => (2|2,7,7,0);
				(2|3,0,0,1) => (2|3,0,0,1);
				(2|3,0,0,3) => (2|3,0,0,3);
				(2|3,0,0,6) => (3|3,0,0,6);
				(2|3,0,0,7) => (2|3,0,0,7);
				(2|3,0,1,0) => (2|3,0,1,0);
				(2|3,0,2,0) => (2|3,0,2,0);
				(2|3,0,3,0) => (2|3,0,3,0);
				(2|3,0,3,1) => (2|3,0,3,1);
				(2|3,0,3,5) => (4|3,0,3,5);
				(2|3,0,6,0) => (3|3,0,6,0);
				(2|3,0,6,1) => (2|3,0,6,1);
				(2|3,0,6,2) => (2|3,0,6,2);
				(2|3,0,7,0) => (2|3,0,7,0);
				(2|3,0,7,7) => (2|3,0,7,7);
				(2|3,1,0,0) => (2|3,1,0,0);
				(2|3,1,3,0) => (2|3,1,3,0);
				(2|3,1,5,0) => (3|3,1,5,0);
				(2|3,3,0,0) => (2|3,3,0,0);
				(2|3,4,0,0) => (2|3,4,0,0);
				(2|3,5,0,2) => (3|3,5,0,2);
				(2|3,5,0,6) => (2|3,5,0,6);
				(2|3,5,3,0) => (4|3,5,3,0);
				(2|3,5,5,6) => (2|3,5,5,6);
				(2|3,5,6,0) => (2|3,5,6,0);
				(2|3,6,0,0) => (2|3,6,0,0);
				(2|3,6,0,5) => (2|3,6,0,5);
				(2|3,6,5,0) => (2|3,6,5,0);
				(2|3,6,6,0) => (2|3,6,6,0);
				(2|3,6,6,7) => (2|3,6,6,7);
				(2|3,6,7,0) => (2|3,6,7,0);
				(2|3,7,0,0) => (2|3,7,0,0);
				(2|3,7,5,0) => (2|3,7,5,0);
				(2|3,7,7,0) => (2|3,7,7,0);
				(2|4,0,0,0) => (2|4,0,0,0);
				(2|4,0,0,3) => (2|4,0,0,3);
				(2|4,0,0,6) => (2|4,0,0,6);
				(2|4,0,1,5) => (3|4,0,1,5);
				(2|4,0,2,0) => (2|4,0,2,0);
				(2|4,0,5,1) => (2|4,0,5,1);
				(2|4,0,5,2) => (2|4,0,5,2);
				(2|4,0,6,0) => (2|4,0,6,0);
				(2|4,1,0,0) => (2|4,1,0,0);
				(2|4,1,5,0) => (2|4,1,5,0);
				(2|4,4,6,0) => (2|4,4,6,0);
				(2|4,5,1,0) => (3|4,5,1,0);
				(2|4,6,0,4) => (2|4,6,0,4);
				(2|4,6,0,5) => (3|4,6,0,5);
				(2|5,0,0,0) => (2|5,0,0,0);
				(2|5,0,0,5) => (2|5,0,0,5);
				(2|5,0,1,6) => (2|5,0,1,6);
				(2|5,0,1,7) => (2|5,0,1,7);
				(2|5,0,2,3) => (3|5,0,2,3);
				(2|5,0,2,6) => (2|5,0,2,6);
				(2|5,0,3,1) => (3|5,0,3,1);
				(2|5,0,3,6) => (2|5,0,3,6);
				(2|5,0,3,7) => (2|5,0,3,7);
				(2|5,0,4,1) => (2|5,0,4,1);
				(2|5,0,5,0) => (2|5,0,5,0);
				(2|5,0,5,5) => (2|5,0,5,5);
				(2|5,0,5,6) => (2|5,0,5,6);
				(2|5,0,6,0) => (2|5,0,6,0);
				(2|5,0,6,1) => (3|5,0,6,1);
				(2|5,0,6,3) => (2|5,0,6,3);
				(2|5,0,6,6) => (2|5,0,6,6);
				(2|5,0,6,7) => (2|5,0,6,7);
				(2|5,0,7,1) => (3|5,0,7,1);
				(2|5,0,7,6) => (2|5,0,7,6);
				(2|5,1,0,4) => (3|5,1,0,4);
				(2|5,1,0,6) => (2|5,1,0,6);
				(2|5,1,2,0) => (2|5,1,2,0);
				(2|5,1,2,5) => (2|5,1,2,5);
				(2|5,1,4,0) => (2|5,1,4,0);
				(2|5,1,5,6) => (2|5,1,5,6);
				(2|5,1,6,0) => (3|5,1,6,0);
				(2|5,1,6,5) => (2|5,1,6,5);
				(2|5,1,6,6) => (2|5,1,6,6);
				(2|5,1,7,0) => (2|5,1,7,0);
				(2|5,2,1,2) => (2|5,2,1,2);
				(2|5,2,1,5) => (2|5,2,1,5);
				(2|5,2,2,2) => (4|5,2,2,2);
				(2|5,2,4,0) => (2|5,2,4,0);
				(2|5,3,0,3) => (4|5,3,0,3);
				(2|5,3,6,0) => (2|5,3,6,0);
				(2|5,4,0,1) => (3|5,4,0,1);
				(2|5,4,6,0) => (3|5,4,6,0);
				(2|5,5,0,0) => (2|5,5,0,0);
				(2|5,5,0,5) => (2|5,5,0,5);
				(2|5,5,1,2) => (2|5,5,1,2);
				(2|5,5,1,6) => (2|5,5,1,6);
				(2|5,5,2,1) => (2|5,5,2,1);
				(2|5,5,5,0) => (2|5,5,5,0);
				(2|5,5,5,5) => (2|5,5,5,5);
				(2|5,5,5,6) => (2|5,5,5,6);
				(2|5,5,6,0) => (2|5,5,6,0);
				(2|5,5,6,1) => (2|5,5,6,1);
				(2|5,5,6,2) => (2|5,5,6,2);
				(2|5,5,6,3) => (2|5,5,6,3);
				(2|5,5,6,5) => (2|5,5,6,5);
				(2|5,5,6,6) => (2|5,5,6,6);
				(2|5,5,7,1) => (2|5,5,7,1);
				(2|5,6,0,0) => (3|5,6,0,0);
				(2|5,6,0,1) => (2|5,6,0,1);
				(2|5,6,0,2) => (2|5,6,0,2);
				(2|5,6,0,3) => (2|5,6,0,3);
				(2|5,6,0,5) => (2|5,6,0,5);
				(2|5,6,0,6) => (2|5,6,0,6);
				(2|5,6,1,0) => (2|5,6,1,0);
				(2|5,6,1,5) => (2|5,6,1,5);
				(2|5,6,2,0) => (2|5,6,2,0);
				(2|5,6,2,5) => (2|5,6,2,5);
				(2|5,6,3,5) => (2|5,6,3,5);
				(2|5,6,5,0) => (2|5,6,5,0);
				(2|5,6,5,1) => (2|5,6,5,1);
				(2|5,6,5,5) => (2|5,6,5,5);
				(2|5,6,5,6) => (2|5,6,5,6);
				(2|5,6,6,0) => (3|5,6,6,0);
				(2|5,6,6,1) => (2|5,6,6,1);
				(2|5,6,6,5) => (2|5,6,6,5);
				(2|5,6,6,6) => (3|5,6,6,6);
				(2|5,6,7,0) => (2|5,6,7,0);
				(2|5,6,7,7) => (2|5,6,7,7);
				(2|5,7,0,1) => (2|5,7,0,1);
				(2|5,7,0,7) => (2|5,7,0,7);
				(2|5,7,1,0) => (2|5,7,1,0);
				(2|5,7,1,5) => (2|5,7,1,5);
				(2|5,7,6,0) => (2|5,7,6,0);
				(2|5,7,6,7) => (2|5,7,6,7);
				(2|5,7,7,0) => (2|5,7,7,0);
				(2|5,7,7,6) => (2|5,7,7,6);
				(2|5,7,7,7) => (2|5,7,7,7);
				(2|6,0,0,0) => (2|6,0,0,0);
				(2|6,0,0,1) => (3|6,0,0,1);
				(2|6,0,0,2) => (3|6,0,0,2);
				(2|6,0,0,3) => (2|6,0,0,3);
				(2|6,0,0,5) => (3|6,0,0,5);
				(2|6,0,0,6) => (3|6,0,0,6);
				(2|6,0,0,7) => (2|6,0,0,7);
				(2|6,0,1,0) => (2|6,0,1,0);
				(2|6,0,1,5) => (2|6,0,1,5);
				(2|6,0,1,7) => (2|6,0,1,7);
				(2|6,0,2,0) => (3|6,0,2,0);
				(2|6,0,2,5) => (2|6,0,2,5);
				(2|6,0,2,6) => (2|6,0,2,6);
				(2|6,0,3,0) => (3|6,0,3,0);
				(2|6,0,3,5) => (2|6,0,3,5);
				(2|6,0,3,6) => (2|6,0,3,6);
				(2|6,0,4,0) => (2|6,0,4,0);
				(2|6,0,4,4) => (2|6,0,4,4);
				(2|6,0,5,0) => (2|6,0,5,0);
				(2|6,0,5,1) => (3|6,0,5,1);
				(2|6,0,5,3) => (2|6,0,5,3);
				(2|6,0,5,4) => (3|6,0,5,4);
				(2|6,0,5,5) => (2|6,0,5,5);
				(2|6,0,5,6) => (3|6,0,5,6);
				(2|6,0,5,7) => (2|6,0,5,7);
				(2|6,0,6,0) => (2|6,0,6,0);
				(2|6,0,6,5) => (2|6,0,6,5);
				(2|6,0,6,6) => (2|6,0,6,6);
				(2|6,0,6,7) => (2|6,0,6,7);
				(2|6,0,7,0) => (2|6,0,7,0);
				(2|6,0,7,6) => (2|6,0,7,6);
				(2|6,1,0,0) => (3|6,1,0,0);
				(2|6,1,0,1) => (2|6,1,0,1);
				(2|6,1,0,5) => (2|6,1,0,5);
				(2|6,1,0,7) => (2|6,1,0,7);
				(2|6,1,1,0) => (2|6,1,1,0);
				(2|6,1,2,0) => (2|6,1,2,0);
				(2|6,1,3,0) => (2|6,1,3,0);
				(2|6,1,5,0) => (3|6,1,5,0);
				(2|6,1,5,5) => (2|6,1,5,5);
				(2|6,1,5,6) => (2|6,1,5,6);
				(2|6,1,6,6) => (2|6,1,6,6);
				(2|6,1,7,0) => (2|6,1,7,0);
				(2|6,1,7,6) => (2|6,1,7,6);
				(2|6,2,0,0) => (4|6,2,0,0);
				(2|6,2,0,5) => (2|6,2,0,5);
				(2|6,2,0,6) => (2|6,2,0,6);
				(2|6,2,0,7) => (2|6,2,0,7);
				(2|6,2,3,0) => (2|6,2,3,0);
				(2|6,2,5,5) => (2|6,2,5,5);
				(2|6,2,6,6) => (2|6,2,6,6);
				(2|6,3,0,0) => (3|6,3,0,0);
				(2|6,3,5,0) => (2|6,3,5,0);
				(2|6,3,5,5) => (2|6,3,5,5);
				(2|6,4,0,0) => (2|6,4,0,0);
				(2|6,5,0,1) => (2|6,5,0,1);
				(2|6,5,0,2) => (2|6,5,0,2);
				(2|6,5,0,3) => (2|6,5,0,3);
				(2|6,5,0,5) => (2|6,5,0,5);
				(2|6,5,0,6) => (2|6,5,0,6);
				(2|6,5,0,7) => (2|6,5,0,7);
				(2|6,5,1,0) => (2|6,5,1,0);
				(2|6,5,1,5) => (2|6,5,1,5);
				(2|6,5,1,6) => (2|6,5,1,6);
				(2|6,5,5,1) => (2|6,5,5,1);
				(2|6,5,5,5) => (2|6,5,5,5);
				(2|6,5,5,6) => (2|6,5,5,6);
				(2|6,5,6,0) => (2|6,5,6,0);
				(2|6,5,6,5) => (2|6,5,6,5);
				(2|6,5,6,6) => (3|6,5,6,6);
				(2|6,5,7,7) => (2|6,5,7,7);
				(2|6,6,0,0) => (3|6,6,0,0);
				(2|6,6,0,2) => (2|6,6,0,2);
				(2|6,6,0,3) => (2|6,6,0,3);
				(2|6,6,0,5) => (3|6,6,0,5);
				(2|6,6,0,6) => (2|6,6,0,6);
				(2|6,6,0,7) => (2|6,6,0,7);
				(2|6,6,1,5) => (2|6,6,1,5);
				(2|6,6,1,6) => (2|6,6,1,6);
				(2|6,6,1,7) => (2|6,6,1,7);
				(2|6,6,2,0) => (2|6,6,2,0);
				(2|6,6,2,6) => (2|6,6,2,6);
				(2|6,6,5,0) => (2|6,6,5,0);
				(2|6,6,5,1) => (2|6,6,5,1);
				(2|6,6,5,5) => (2|6,6,5,5);
				(2|6,6,5,6) => (3|6,6,5,6);
				(2|6,6,6,0) => (2|6,6,6,0);
				(2|6,6,6,1) => (2|6,6,6,1);
				(2|6,6,6,2) => (2|6,6,6,2);
				(2|6,6,6,5) => (3|6,6,6,5);
				(2|6,6,7,3) => (2|6,6,7,3);
				(2|6,7,0,0) => (2|6,7,0,0);
				(2|6,7,0,1) => (2|6,7,0,1);
				(2|6,7,0,2) => (2|6,7,0,2);
				(2|6,7,0,3) => (2|6,7,0,3);
				(2|6,7,0,5) => (2|6,7,0,5);
				(2|6,7,0,7) => (2|6,7,0,7);
				(2|6,7,1,0) => (2|6,7,1,0);
				(2|6,7,1,7) => (2|6,7,1,7);
				(2|6,7,3,6) => (2|6,7,3,6);
				(2|6,7,5,0) => (2|6,7,5,0);
				(2|6,7,5,7) => (2|6,7,5,7);
				(2|6,7,6,0) => (2|6,7,6,0);
				(2|6,7,7,5) => (2|6,7,7,5);
				(2|6,7,7,7) => (2|6,7,7,7);
				(2|7,0,0,0) => (3|7,0,0,0);
				(2|7,0,0,1) => (2|7,0,0,1);
				(2|7,0,0,2) => (2|7,0,0,2);
				(2|7,0,0,3) => (2|7,0,0,3);
				(2|7,0,0,6) => (2|7,0,0,6);
				(2|7,0,0,7) => (3|7,0,0,7);
				(2|7,0,1,0) => (2|7,0,1,0);
				(2|7,0,1,5) => (2|7,0,1,5);
				(2|7,0,1,6) => (2|7,0,1,6);
				(2|7,0,1,7) => (2|7,0,1,7);
				(2|7,0,2,0) => (2|7,0,2,0);
				(2|7,0,2,6) => (2|7,0,2,6);
				(2|7,0,2,7) => (2|7,0,2,7);
				(2|7,0,3,0) => (2|7,0,3,0);
				(2|7,0,3,6) => (2|7,0,3,6);
				(2|7,0,3,7) => (2|7,0,3,7);
				(2|7,0,5,1) => (2|7,0,5,1);
				(2|7,0,5,6) => (2|7,0,5,6);
				(2|7,0,5,7) => (2|7,0,5,7);
				(2|7,0,6,0) => (2|7,0,6,0);
				(2|7,0,6,1) => (2|7,0,6,1);
				(2|7,0,7,0) => (2|7,0,7,0);
				(2|7,0,7,1) => (2|7,0,7,1);
				(2|7,0,7,2) => (2|7,0,7,2);
				(2|7,0,7,5) => (2|7,0,7,5);
				(2|7,0,7,6) => (2|7,0,7,6);
				(2|7,0,7,7) => (2|7,0,7,7);
				(2|7,1,0,0) => (2|7,1,0,0);
				(2|7,1,0,1) => (2|7,1,0,1);
				(2|7,1,0,5) => (2|7,1,0,5);
				(2|7,1,0,6) => (2|7,1,0,6);
				(2|7,1,1,1) => (2|7,1,1,1);
				(2|7,1,5,0) => (3|7,1,5,0);
				(2|7,1,5,5) => (2|7,1,5,5);
				(2|7,1,7,0) => (2|7,1,7,0);
				(2|7,1,7,6) => (2|7,1,7,6);
				(2|7,1,7,7) => (2|7,1,7,7);
				(2|7,2,0,0) => (2|7,2,0,0);
				(2|7,2,7,0) => (2|7,2,7,0);
				(2|7,3,0,0) => (2|7,3,0,0);
				(2|7,3,0,7) => (2|7,3,0,7);
				(2|7,3,6,6) => (2|7,3,6,6);
				(2|7,5,0,1) => (2|7,5,0,1);
				(2|7,5,0,3) => (2|7,5,0,3);
				(2|7,5,0,6) => (2|7,5,0,6);
				(2|7,5,6,7) => (2|7,5,6,7);
				(2|7,5,7,0) => (2|7,5,7,0);
				(2|7,5,7,6) => (2|7,5,7,6);
				(2|7,5,7,7) => (2|7,5,7,7);
				(2|7,6,0,0) => (2|7,6,0,0);
				(2|7,6,0,1) => (2|7,6,0,1);
				(2|7,6,0,5) => (2|7,6,0,5);
				(2|7,6,0,6) => (2|7,6,0,6);
				(2|7,6,1,0) => (2|7,6,1,0);
				(2|7,6,2,0) => (2|7,6,2,0);
				(2|7,6,5,0) => (2|7,6,5,0);
				(2|7,6,5,7) => (2|7,6,5,7);
				(2|7,6,6,0) => (2|7,6,6,0);
				(2|7,6,6,1) => (2|7,6,6,1);
				(2|7,6,7,0) => (2|7,6,7,0);
				(2|7,6,7,1) => (2|7,6,7,1);
				(2|7,6,7,5) => (2|7,6,7,5);
				(2|7,6,7,7) => (2|7,6,7,7);
				(2|7,7,0,0) => (3|7,7,0,0);
				(2|7,7,0,1) => (2|7,7,0,1);
				(2|7,7,0,2) => (2|7,7,0,2);
				(2|7,7,0,3) => (2|7,7,0,3);
				(2|7,7,0,5) => (2|7,7,0,5);
				(2|7,7,0,7) => (2|7,7,0,7);
				(2|7,7,1,7) => (2|7,7,1,7);
				(2|7,7,3,0) => (2|7,7,3,0);
				(2|7,7,5,6) => (2|7,7,5,6);
				(2|7,7,5,7) => (2|7,7,5,7);
				(2|7,7,6,5) => (2|7,7,6,5);
				(2|7,7,6,7) => (2|7,7,6,7);
				(2|7,7,7,0) => (2|7,7,7,0);
				(2|7,7,7,1) => (2|7,7,7,1);
				(2|7,7,7,5) => (2|7,7,7,5);
				(2|7,7,7,6) => (2|7,7,7,6);
				(2|7,7,7,7) => (2|7,7,7,7);
				(3|0,0,0,0) => (3|0,0,0,0);
				(3|0,0,0,4) => (3|0,0,0,4);
				(3|0,0,0,5) => (3|0,0,0,5);
				(3|0,0,0,6) => (3|0,0,0,6);
				(3|0,0,0,7) => (4|0,0,0,7);
				(3|0,0,1,1) => (3|0,0,1,1);
				(3|0,0,1,2) => (3|0,0,1,2);
				(3|0,0,1,3) => (3|0,0,1,3);
				(3|0,0,1,4) => (3|0,0,1,4);
				(3|0,0,1,6) => (4|0,0,1,6);
				(3|0,0,1,7) => (3|0,0,1,7);
				(3|0,0,2,1) => (4|0,0,2,1);
				(3|0,0,2,4) => (3|0,0,2,4);
				(3|0,0,2,6) => (4|0,0,2,6);
				(3|0,0,3,1) => (3|0,0,3,1);
				(3|0,0,3,2) => (3|0,0,3,2);
				(3|0,0,3,3) => (3|0,0,3,3);
				(3|0,0,3,4) => (3|0,0,3,4);
				(3|0,0,3,6) => (4|0,0,3,6);
				(3|0,0,3,7) => (3|0,0,3,7);
				(3|0,0,4,0) => (3|0,0,4,0);
				(3|0,0,4,1) => (3|0,0,4,1);
				(3|0,0,4,3) => (3|0,0,4,3);
				(3|0,0,5,0) => (3|0,0,5,0);
				(3|0,0,5,5) => (3|0,0,5,5);
				(3|0,0,6,0) => (3|0,0,6,0);
				(3|0,0,6,1) => (4|0,0,6,1);
				(3|0,0,6,2) => (3|0,0,6,2);
				(3|0,0,6,3) => (4|0,0,6,3);
				(3|0,0,6,5) => (4|0,0,6,5);
				(3|0,0,6,6) => (4|0,0,6,6);
				(3|0,0,6,7) => (3|0,0,6,7);
				(3|0,0,7,0) => (4|0,0,7,0);
				(3|0,0,7,1) => (3|0,0,7,1);
				(3|0,0,7,2) => (3|0,0,7,2);
				(3|0,0,7,3) => (3|0,0,7,3);
				(3|0,0,7,6) => (3|0,0,7,6);
				(3|0,0,7,7) => (4|0,0,7,7);
				(3|0,1,0,1) => (3|0,1,0,1);
				(3|0,1,0,3) => (3|0,1,0,3);
				(3|0,1,0,4) => (3|0,1,0,4);
				(3|0,1,0,6) => (3|0,1,0,6);
				(3|0,1,0,7) => (3|0,1,0,7);
				(3|0,1,1,0) => (3|0,1,1,0);
				(3|0,1,1,6) => (3|0,1,1,6);
				(3|0,1,1,7) => (3|0,1,1,7);
				(3|0,1,2,0) => (3|0,1,2,0);
				(3|0,1,3,0) => (3|0,1,3,0);
				(3|0,1,3,3) => (3|0,1,3,3);
				(3|0,1,4,0) => (3|0,1,4,0);
				(3|0,1,5,3) => (3|0,1,5,3);
				(3|0,1,5,4) => (7|0,1,5,4);
				(3|0,1,5,6) => (3|0,1,5,6);
				(3|0,1,5,7) => (3|0,1,5,7);
				(3|0,1,6,0) => (4|0,1,6,0);
				(3|0,1,6,1) => (3|0,1,6,1);
				(3|0,1,6,3) => (3|0,1,6,3);
				(3|0,1,6,5) => (3|0,1,6,5);
				(3|0,1,6,6) => (3|0,1,6,6);
				(3|0,1,6,7) => (3|0,1,6,7);
				(3|0,1,7,0) => (3|0,1,7,0);
				(3|0,1,7,5) => (3|0,1,7,5);
				(3|0,1,7,7) => (3|0,1,7,7);
				(3|0,2,0,2) => (3|0,2,0,2);
				(3|0,2,0,3) => (3|0,2,0,3);
				(3|0,2,0,6) => (4|0,2,0,6);
				(3|0,2,0,7) => (3|0,2,0,7);
				(3|0,2,1,0) => (4|0,2,1,0);
				(3|0,2,1,2) => (3|0,2,1,2);
				(3|0,2,2,2) => (3|0,2,2,2);
				(3|0,2,2,5) => (4|0,2,2,5);
				(3|0,2,3,2) => (3|0,2,3,2);
				(3|0,2,3,5) => (4|0,2,3,5);
				(3|0,2,3,7) => (3|0,2,3,7);
				(3|0,2,4,0) => (3|0,2,4,0);
				(3|0,2,5,6) => (3|0,2,5,6);
				(3|0,2,5,7) => (3|0,2,5,7);
				(3|0,2,6,0) => (4|0,2,6,0);
				(3|0,3,0,1) => (3|0,3,0,1);
				(3|0,3,0,2) => (3|0,3,0,2);
				(3|0,3,0,3) => (3|0,3,0,3);
				(3|0,3,0,4) => (3|0,3,0,4);
				(3|0,3,0,6) => (4|0,3,0,6);
				(3|0,3,0,7) => (3|0,3,0,7);
				(3|0,3,1,0) => (3|0,3,1,0);
				(3|0,3,2,0) => (3|0,3,2,0);
				(3|0,3,3,0) => (3|0,3,3,0);
				(3|0,3,3,5) => (4|0,3,3,5);
				(3|0,3,3,6) => (3|0,3,3,6);
				(3|0,3,4,0) => (3|0,3,4,0);
				(3|0,3,5,6) => (3|0,3,5,6);
				(3|0,3,6,0) => (4|0,3,6,0);
				(3|0,3,6,1) => (3|0,3,6,1);
				(3|0,3,6,3) => (3|0,3,6,3);
				(3|0,3,6,5) => (3|0,3,6,5);
				(3|0,3,6,6) => (3|0,3,6,6);
				(3|0,3,6,7) => (3|0,3,6,7);
				(3|0,3,7,0) => (3|0,3,7,0);
				(3|0,3,7,5) => (3|0,3,7,5);
				(3|0,4,0,0) => (3|0,4,0,0);
				(3|0,4,0,1) => (3|0,4,0,1);
				(3|0,4,0,3) => (3|0,4,0,3);
				(3|0,4,0,7) => (3|0,4,0,7);
				(3|0,4,1,0) => (3|0,4,1,0);
				(3|0,4,1,5) => (3|0,4,1,5);
				(3|0,4,3,0) => (3|0,4,3,0);
				(3|0,4,4,6) => (3|0,4,4,6);
				(3|0,4,5,1) => (4|0,4,5,1);
				(3|0,5,0,0) => (3|0,5,0,0);
				(3|0,5,0,5) => (3|0,5,0,5);
				(3|0,5,0,6) => (3|0,5,0,6);
				(3|0,5,1,2) => (3|0,5,1,2);
				(3|0,5,1,4) => (3|0,5,1,4);
				(3|0,5,1,6) => (4|0,5,1,6);
				(3|0,5,1,7) => (3|0,5,1,7);
				(3|0,5,2,6) => (3|0,5,2,6);
				(3|0,5,3,3) => (4|0,5,3,3);
				(3|0,5,4,6) => (4|0,5,4,6);
				(3|0,5,5,0) => (3|0,5,5,0);
				(3|0,5,5,5) => (3|0,5,5,5);
				(3|0,5,6,1) => (3|0,5,6,1);
				(3|0,5,6,3) => (3|0,5,6,3);
				(3|0,5,6,5) => (3|0,5,6,5);
				(3|0,5,6,6) => (5|0,5,6,6);
				(3|0,5,6,7) => (3|0,5,6,7);
				(3|0,5,7,1) => (3|0,5,7,1);
				(3|0,5,7,3) => (3|0,5,7,3);
				(3|0,5,7,5) => (3|0,5,7,5);
				(3|0,5,7,6) => (3|0,5,7,6);
				(3|0,5,7,7) => (4|0,5,7,7);
				(3|0,6,0,0) => (3|0,6,0,0);
				(3|0,6,0,1) => (3|0,6,0,1);
				(3|0,6,0,2) => (4|0,6,0,2);
				(3|0,6,0,3) => (4|0,6,0,3);
				(3|0,6,0,5) => (3|0,6,0,5);
				(3|0,6,0,6) => (3|0,6,0,6);
				(3|0,6,0,7) => (3|0,6,0,7);
				(3|0,6,1,0) => (4|0,6,1,0);
				(3|0,6,1,3) => (3|0,6,1,3);
				(3|0,6,1,5) => (4|0,6,1,5);
				(3|0,6,2,0) => (3|0,6,2,0);
				(3|0,6,2,1) => (3|0,6,2,1);
				(3|0,6,2,3) => (3|0,6,2,3);
				(3|0,6,2,5) => (3|0,6,2,5);
				(3|0,6,3,0) => (4|0,6,3,0);
				(3|0,6,5,0) => (4|0,6,5,0);
				(3|0,6,5,1) => (3|0,6,5,1);
				(3|0,6,5,3) => (3|0,6,5,3);
				(3|0,6,5,4) => (3|0,6,5,4);
				(3|0,6,5,5) => (3|0,6,5,5);
				(3|0,6,5,6) => (3|0,6,5,6);
				(3|0,6,5,7) => (3|0,6,5,7);
				(3|0,6,6,0) => (4|0,6,6,0);
				(3|0,6,6,5) => (4|0,6,6,5);
				(3|0,6,6,6) => (3|0,6,6,6);
				(3|0,6,7,0) => (3|0,6,7,0);
				(3|0,6,7,1) => (3|0,6,7,1);
				(3|0,6,7,5) => (3|0,6,7,5);
				(3|0,6,7,6) => (3|0,6,7,6);
				(3|0,7,0,0) => (4|0,7,0,0);
				(3|0,7,0,1) => (3|0,7,0,1);
				(3|0,7,0,2) => (3|0,7,0,2);
				(3|0,7,0,3) => (3|0,7,0,3);
				(3|0,7,0,4) => (3|0,7,0,4);
				(3|0,7,0,6) => (3|0,7,0,6);
				(3|0,7,0,7) => (3|0,7,0,7);
				(3|0,7,1,0) => (3|0,7,1,0);
				(3|0,7,1,5) => (5|0,7,1,5);
				(3|0,7,1,7) => (3|0,7,1,7);
				(3|0,7,2,0) => (3|0,7,2,0);
				(3|0,7,2,7) => (3|0,7,2,7);
				(3|0,7,3,0) => (3|0,7,3,0);
				(3|0,7,5,6) => (3|0,7,5,6);
				(3|0,7,5,7) => (3|0,7,5,7);
				(3|0,7,6,0) => (3|0,7,6,0);
				(3|0,7,6,1) => (3|0,7,6,1);
				(3|0,7,6,2) => (3|0,7,6,2);
				(3|0,7,6,3) => (3|0,7,6,3);
				(3|0,7,6,5) => (3|0,7,6,5);
				(3|0,7,6,6) => (3|0,7,6,6);
				(3|0,7,6,7) => (3|0,7,6,7);
				(3|0,7,7,0) => (4|0,7,7,0);
				(3|0,7,7,1) => (3|0,7,7,1);
				(3|0,7,7,2) => (3|0,7,7,2);
				(3|0,7,7,5) => (3|0,7,7,5);
				(3|0,7,7,6) => (3|0,7,7,6);
				(3|0,7,7,7) => (4|0,7,7,7);
				(3|1,0,0,1) => (3|1,0,0,1);
				(3|1,0,0,2) => (4|1,0,0,2);
				(3|1,0,0,3) => (3|1,0,0,3);
				(3|1,0,0,4) => (3|1,0,0,4);
				(3|1,0,0,6) => (4|1,0,0,6);
				(3|1,0,0,7) => (3|1,0,0,7);
				(3|1,0,1,0) => (3|1,0,1,0);
				(3|1,0,1,6) => (3|1,0,1,6);
				(3|1,0,3,0) => (3|1,0,3,0);
				(3|1,0,3,6) => (3|1,0,3,6);
				(3|1,0,4,0) => (3|1,0,4,0);
				(3|1,0,4,5) => (4|1,0,4,5);
				(3|1,0,5,6) => (3|1,0,5,6);
				(3|1,0,5,7) => (3|1,0,5,7);
				(3|1,0,6,0) => (3|1,0,6,0);
				(3|1,0,6,2) => (3|1,0,6,2);
				(3|1,0,6,5) => (3|1,0,6,5);
				(3|1,0,6,7) => (3|1,0,6,7);
				(3|1,0,7,0) => (3|1,0,7,0);
				(3|1,0,7,6) => (3|1,0,7,6);
				(3|1,0,7,7) => (3|1,0,7,7);
				(3|1,1,0,0) => (3|1,1,0,0);
				(3|1,1,1,7) => (3|1,1,1,7);
				(3|1,1,5,5) => (3|1,1,5,5);
				(3|1,1,6,0) => (3|1,1,6,0);
				(3|1,1,7,0) => (3|1,1,7,0);
				(3|1,1,7,1) => (3|1,1,7,1);
				(3|1,1,7,5) => (3|1,1,7,5);
				(3|1,2,0,0) => (3|1,2,0,0);
				(3|1,2,0,2) => (3|1,2,0,2);
				(3|1,2,0,5) => (3|1,2,0,5);
				(3|1,3,0,0) => (3|1,3,0,0);
				(3|1,3,0,6) => (3|1,3,0,6);
				(3|1,3,3,0) => (3|1,3,3,0);
				(3|1,4,0,0) => (3|1,4,0,0);
				(3|1,4,0,5) => (3|1,4,0,5);
				(3|1,5,0,4) => (3|1,5,0,4);
				(3|1,5,0,6) => (4|1,5,0,6);
				(3|1,5,0,7) => (5|1,5,0,7);
				(3|1,5,3,0) => (3|1,5,3,0);
				(3|1,5,4,0) => (7|1,5,4,0);
				(3|1,5,5,1) => (3|1,5,5,1);
				(3|1,5,5,2) => (3|1,5,5,2);
				(3|1,5,6,0) => (3|1,5,6,0);
				(3|1,5,7,0) => (3|1,5,7,0);
				(3|1,6,0,0) => (4|1,6,0,0);
				(3|1,6,0,1) => (3|1,6,0,1);
				(3|1,6,0,5) => (4|1,6,0,5);
				(3|1,6,1,0) => (3|1,6,1,0);
				(3|1,6,3,0) => (3|1,6,3,0);
				(3|1,6,5,0) => (3|1,6,5,0);
				(3|1,6,6,0) => (3|1,6,6,0);
				(3|1,6,6,5) => (3|1,6,6,5);
				(3|1,6,6,6) => (3|1,6,6,6);
				(3|1,6,7,0) => (3|1,6,7,0);
				(3|1,7,0,0) => (3|1,7,0,0);
				(3|1,7,0,1) => (3|1,7,0,1);
				(3|1,7,0,5) => (3|1,7,0,5);
				(3|1,7,0,7) => (3|1,7,0,7);
				(3|1,7,1,1) => (3|1,7,1,1);
				(3|1,7,5,0) => (3|1,7,5,0);
				(3|1,7,5,1) => (3|1,7,5,1);
				(3|1,7,6,6) => (3|1,7,6,6);
				(3|1,7,7,0) => (3|1,7,7,0);
				(3|1,7,7,6) => (3|1,7,7,6);
				(3|1,7,7,7) => (3|1,7,7,7);
				(3|2,0,0,1) => (3|2,0,0,1);
				(3|2,0,0,3) => (3|2,0,0,3);
				(3|2,0,0,6) => (3|2,0,0,6);
				(3|2,0,0,7) => (3|2,0,0,7);
				(3|2,0,2,0) => (3|2,0,2,0);
				(3|2,0,2,1) => (3|2,0,2,1);
				(3|2,0,2,2) => (3|2,0,2,2);
				(3|2,0,2,3) => (3|2,0,2,3);
				(3|2,0,3,0) => (3|2,0,3,0);
				(3|2,0,5,1) => (3|2,0,5,1);
				(3|2,0,6,0) => (4|2,0,6,0);
				(3|2,0,7,0) => (3|2,0,7,0);
				(3|2,0,7,6) => (3|2,0,7,6);
				(3|2,0,7,7) => (3|2,0,7,7);
				(3|2,1,0,0) => (4|2,1,0,0);
				(3|2,1,0,6) => (3|2,1,0,6);
				(3|2,1,2,0) => (3|2,1,2,0);
				(3|2,1,5,5) => (3|2,1,5,5);
				(3|2,2,0,2) => (3|2,2,0,2);
				(3|2,2,2,0) => (3|2,2,2,0);
				(3|2,2,5,0) => (4|2,2,5,0);
				(3|2,3,0,6) => (3|2,3,0,6);
				(3|2,3,2,0) => (3|2,3,2,0);
				(3|2,3,5,0) => (4|2,3,5,0);
				(3|2,3,7,0) => (3|2,3,7,0);
				(3|2,4,0,0) => (3|2,4,0,0);
				(3|2,5,0,2) => (4|2,5,0,2);
				(3|2,5,0,6) => (3|2,5,0,6);
				(3|2,5,2,5) => (3|2,5,2,5);
				(3|2,5,6,0) => (3|2,5,6,0);
				(3|2,5,7,0) => (3|2,5,7,0);
				(3|2,6,0,0) => (4|2,6,0,0);
				(3|2,6,0,5) => (3|2,6,0,5);
				(3|2,7,0,7) => (3|2,7,0,7);
				(3|3,0,0,1) => (3|3,0,0,1);
				(3|3,0,0,3) => (3|3,0,0,3);
				(3|3,0,0,4) => (3|3,0,0,4);
				(3|3,0,0,6) => (4|3,0,0,6);
				(3|3,0,0,7) => (3|3,0,0,7);
				(3|3,0,1,0) => (3|3,0,1,0);
				(3|3,0,1,3) => (3|3,0,1,3);
				(3|3,0,1,5) => (3|3,0,1,5);
				(3|3,0,1,6) => (3|3,0,1,6);
				(3|3,0,2,0) => (3|3,0,2,0);
				(3|3,0,3,0) => (3|3,0,3,0);
				(3|3,0,3,6) => (3|3,0,3,6);
				(3|3,0,4,0) => (3|3,0,4,0);
				(3|3,0,5,3) => (4|3,0,5,3);
				(3|3,0,5,6) => (3|3,0,5,6);
				(3|3,0,5,7) => (3|3,0,5,7);
				(3|3,0,6,0) => (4|3,0,6,0);
				(3|3,0,6,1) => (3|3,0,6,1);
				(3|3,0,6,2) => (3|3,0,6,2);
				(3|3,0,6,5) => (3|3,0,6,5);
				(3|3,0,7,0) => (3|3,0,7,0);
				(3|3,0,7,6) => (3|3,0,7,6);
				(3|3,1,0,0) => (3|3,1,0,0);
				(3|3,2,0,0) => (3|3,2,0,0);
				(3|3,2,0,2) => (3|3,2,0,2);
				(3|3,3,0,0) => (3|3,3,0,0);
				(3|3,3,0,1) => (3|3,3,0,1);
				(3|3,3,0,5) => (4|3,3,0,5);
				(3|3,3,5,0) => (4|3,3,5,0);
				(3|3,3,6,0) => (3|3,3,6,0);
				(3|3,4,0,0) => (3|3,4,0,0);
				(3|3,5,0,2) => (4|3,5,0,2);
				(3|3,5,0,3) => (4|3,5,0,3);
				(3|3,5,6,0) => (3|3,5,6,0);
				(3|3,6,0,0) => (4|3,6,0,0);
				(3|3,6,0,3) => (3|3,6,0,3);
				(3|3,6,1,0) => (3|3,6,1,0);
				(3|3,6,3,0) => (3|3,6,3,0);
				(3|3,6,5,0) => (3|3,6,5,0);
				(3|3,6,6,0) => (3|3,6,6,0);
				(3|3,6,7,0) => (3|3,6,7,0);
				(3|3,7,0,0) => (3|3,7,0,0);
				(3|3,7,0,2) => (3|3,7,0,2);
				(3|3,7,5,0) => (3|3,7,5,0);
				(3|4,0,0,0) => (3|4,0,0,0);
				(3|4,0,0,1) => (3|4,0,0,1);
				(3|4,0,0,2) => (3|4,0,0,2);
				(3|4,0,0,3) => (3|4,0,0,3);
				(3|4,0,1,0) => (3|4,0,1,0);
				(3|4,0,1,5) => (7|4,0,1,5);
				(3|4,0,3,0) => (3|4,0,3,0);
				(3|4,0,5,1) => (3|4,0,5,1);
				(3|4,0,6,5) => (3|4,0,6,5);
				(3|4,0,7,0) => (3|4,0,7,0);
				(3|4,1,0,0) => (3|4,1,0,0);
				(3|4,1,5,0) => (3|4,1,5,0);
				(3|4,3,0,0) => (3|4,3,0,0);
				(3|4,4,6,0) => (3|4,4,6,0);
				(3|4,5,1,0) => (4|4,5,1,0);
				(3|4,6,0,4) => (3|4,6,0,4);
				(3|4,6,0,5) => (4|4,6,0,5);
				(3|4,7,7,7) => (3|4,7,7,7);
				(3|5,0,0,0) => (3|5,0,0,0);
				(3|5,0,0,5) => (3|5,0,0,5);
				(3|5,0,0,6) => (4|5,0,0,6);
				(3|5,0,1,6) => (3|5,0,1,6);
				(3|5,0,1,7) => (3|5,0,1,7);
				(3|5,0,2,2) => (4|5,0,2,2);
				(3|5,0,2,3) => (4|5,0,2,3);
				(3|5,0,3,3) => (4|5,0,3,3);
				(3|5,0,3,6) => (3|5,0,3,6);
				(3|5,0,3,7) => (3|5,0,3,7);
				(3|5,0,4,1) => (3|5,0,4,1);
				(3|5,0,5,0) => (3|5,0,5,0);
				(3|5,0,5,5) => (3|5,0,5,5);
				(3|5,0,5,6) => (3|5,0,5,6);
				(3|5,0,5,7) => (3|5,0,5,7);
				(3|5,0,6,0) => (3|5,0,6,0);
				(3|5,0,6,1) => (4|5,0,6,1);
				(3|5,0,6,2) => (3|5,0,6,2);
				(3|5,0,6,5) => (3|5,0,6,5);
				(3|5,0,6,6) => (4|5,0,6,6);
				(3|5,0,6,7) => (3|5,0,6,7);
				(3|5,0,7,1) => (5|5,0,7,1);
				(3|5,0,7,6) => (3|5,0,7,6);
				(3|5,0,7,7) => (3|5,0,7,7);
				(3|5,1,0,4) => (4|5,1,0,4);
				(3|5,1,0,6) => (3|5,1,0,6);
				(3|5,1,1,5) => (3|5,1,1,5);
				(3|5,1,1,7) => (3|5,1,1,7);
				(3|5,1,2,0) => (3|5,1,2,0);
				(3|5,1,4,0) => (3|5,1,4,0);
				(3|5,1,6,0) => (4|5,1,6,0);
				(3|5,1,6,6) => (3|5,1,6,6);
				(3|5,1,7,0) => (3|5,1,7,0);
				(3|5,2,1,5) => (3|5,2,1,5);
				(3|5,2,5,2) => (3|5,2,5,2);
				(3|5,2,6,0) => (3|5,2,6,0);
				(3|5,3,0,1) => (3|5,3,0,1);
				(3|5,3,0,6) => (3|5,3,0,6);
				(3|5,3,3,0) => (4|5,3,3,0);
				(3|5,4,0,1) => (7|5,4,0,1);
				(3|5,4,0,6) => (3|5,4,0,6);
				(3|5,4,6,0) => (4|5,4,6,0);
				(3|5,5,0,0) => (3|5,5,0,0);
				(3|5,5,0,5) => (3|5,5,0,5);
				(3|5,5,0,6) => (3|5,5,0,6);
				(3|5,5,1,1) => (3|5,5,1,1);
				(3|5,5,2,1) => (3|5,5,2,1);
				(3|5,5,5,0) => (3|5,5,5,0);
				(3|5,5,5,5) => (3|5,5,5,5);
				(3|5,5,6,7) => (3|5,5,6,7);
				(3|5,5,7,7) => (3|5,5,7,7);
				(3|5,6,0,1) => (3|5,6,0,1);
				(3|5,6,0,2) => (3|5,6,0,2);
				(3|5,6,0,3) => (3|5,6,0,3);
				(3|5,6,0,6) => (3|5,6,0,6);
				(3|5,6,0,7) => (3|5,6,0,7);
				(3|5,6,1,0) => (3|5,6,1,0);
				(3|5,6,3,0) => (3|5,6,3,0);
				(3|5,6,5,0) => (3|5,6,5,0);
				(3|5,6,6,0) => (5|5,6,6,0);
				(3|5,6,6,6) => (4|5,6,6,6);
				(3|5,6,6,7) => (3|5,6,6,7);
				(3|5,6,7,0) => (3|5,6,7,0);
				(3|5,6,7,5) => (3|5,6,7,5);
				(3|5,6,7,7) => (3|5,6,7,7);
				(3|5,7,0,1) => (3|5,7,0,1);
				(3|5,7,0,2) => (3|5,7,0,2);
				(3|5,7,0,6) => (3|5,7,0,6);
				(3|5,7,0,7) => (3|5,7,0,7);
				(3|5,7,1,0) => (3|5,7,1,0);
				(3|5,7,3,0) => (3|5,7,3,0);
				(3|5,7,5,0) => (3|5,7,5,0);
				(3|5,7,6,0) => (3|5,7,6,0);
				(3|5,7,6,6) => (3|5,7,6,6);
				(3|5,7,6,7) => (3|5,7,6,7);
				(3|5,7,7,0) => (4|5,7,7,0);
				(3|5,7,7,5) => (3|5,7,7,5);
				(3|5,7,7,6) => (3|5,7,7,6);
				(3|5,7,7,7) => (3|5,7,7,7);
				(3|6,0,0,0) => (3|6,0,0,0);
				(3|6,0,0,1) => (4|6,0,0,1);
				(3|6,0,0,2) => (4|6,0,0,2);
				(3|6,0,0,3) => (4|6,0,0,3);
				(3|6,0,0,6) => (4|6,0,0,6);
				(3|6,0,0,7) => (3|6,0,0,7);
				(3|6,0,1,0) => (3|6,0,1,0);
				(3|6,0,1,1) => (3|6,0,1,1);
				(3|6,0,1,5) => (3|6,0,1,5);
				(3|6,0,1,6) => (3|6,0,1,6);
				(3|6,0,2,0) => (4|6,0,2,0);
				(3|6,0,2,5) => (3|6,0,2,5);
				(3|6,0,3,0) => (4|6,0,3,0);
				(3|6,0,3,3) => (3|6,0,3,3);
				(3|6,0,3,5) => (3|6,0,3,5);
				(3|6,0,3,6) => (3|6,0,3,6);
				(3|6,0,4,4) => (3|6,0,4,4);
				(3|6,0,5,0) => (3|6,0,5,0);
				(3|6,0,5,1) => (4|6,0,5,1);
				(3|6,0,5,2) => (3|6,0,5,2);
				(3|6,0,5,4) => (4|6,0,5,4);
				(3|6,0,5,6) => (5|6,0,5,6);
				(3|6,0,5,7) => (3|6,0,5,7);
				(3|6,0,6,0) => (3|6,0,6,0);
				(3|6,0,6,5) => (3|6,0,6,5);
				(3|6,0,6,6) => (3|6,0,6,6);
				(3|6,0,6,7) => (3|6,0,6,7);
				(3|6,0,7,0) => (3|6,0,7,0);
				(3|6,0,7,5) => (3|6,0,7,5);
				(3|6,0,7,6) => (3|6,0,7,6);
				(3|6,0,7,7) => (3|6,0,7,7);
				(3|6,1,0,0) => (4|6,1,0,0);
				(3|6,1,0,1) => (3|6,1,0,1);
				(3|6,1,0,3) => (3|6,1,0,3);
				(3|6,1,0,5) => (3|6,1,0,5);
				(3|6,1,0,7) => (3|6,1,0,7);
				(3|6,1,3,0) => (3|6,1,3,0);
				(3|6,1,5,0) => (4|6,1,5,0);
				(3|6,1,6,6) => (3|6,1,6,6);
				(3|6,1,7,6) => (3|6,1,7,6);
				(3|6,1,7,7) => (3|6,1,7,7);
				(3|6,2,0,0) => (3|6,2,0,0);
				(3|6,2,0,7) => (3|6,2,0,7);
				(3|6,2,1,0) => (3|6,2,1,0);
				(3|6,2,3,0) => (3|6,2,3,0);
				(3|6,2,5,0) => (3|6,2,5,0);
				(3|6,3,0,0) => (4|6,3,0,0);
				(3|6,3,0,1) => (3|6,3,0,1);
				(3|6,3,0,3) => (3|6,3,0,3);
				(3|6,3,0,5) => (3|6,3,0,5);
				(3|6,3,0,7) => (3|6,3,0,7);
				(3|6,5,0,0) => (4|6,5,0,0);
				(3|6,5,0,1) => (3|6,5,0,1);
				(3|6,5,0,3) => (3|6,5,0,3);
				(3|6,5,0,5) => (3|6,5,0,5);
				(3|6,5,0,6) => (4|6,5,0,6);
				(3|6,5,0,7) => (3|6,5,0,7);
				(3|6,5,1,0) => (3|6,5,1,0);
				(3|6,5,1,6) => (3|6,5,1,6);
				(3|6,5,3,0) => (3|6,5,3,0);
				(3|6,5,4,0) => (3|6,5,4,0);
				(3|6,5,5,0) => (3|6,5,5,0);
				(3|6,5,6,0) => (3|6,5,6,0);
				(3|6,5,6,6) => (4|6,5,6,6);
				(3|6,5,7,0) => (3|6,5,7,0);
				(3|6,5,7,6) => (3|6,5,7,6);
				(3|6,5,7,7) => (3|6,5,7,7);
				(3|6,6,0,0) => (4|6,6,0,0);
				(3|6,6,0,1) => (3|6,6,0,1);
				(3|6,6,0,3) => (3|6,6,0,3);
				(3|6,6,0,5) => (5|6,6,0,5);
				(3|6,6,0,6) => (3|6,6,0,6);
				(3|6,6,0,7) => (3|6,6,0,7);
				(3|6,6,1,6) => (3|6,6,1,6);
				(3|6,6,1,7) => (3|6,6,1,7);
				(3|6,6,5,0) => (4|6,6,5,0);
				(3|6,6,5,1) => (3|6,6,5,1);
				(3|6,6,5,6) => (4|6,6,5,6);
				(3|6,6,5,7) => (3|6,6,5,7);
				(3|6,6,6,0) => (3|6,6,6,0);
				(3|6,6,6,1) => (3|6,6,6,1);
				(3|6,6,6,5) => (4|6,6,6,5);
				(3|6,6,7,5) => (3|6,6,7,5);
				(3|6,6,7,7) => (3|6,6,7,7);
				(3|6,7,0,0) => (3|6,7,0,0);
				(3|6,7,0,1) => (3|6,7,0,1);
				(3|6,7,0,3) => (3|6,7,0,3);
				(3|6,7,0,5) => (3|6,7,0,5);
				(3|6,7,0,7) => (3|6,7,0,7);
				(3|6,7,1,0) => (3|6,7,1,0);
				(3|6,7,5,0) => (3|6,7,5,0);
				(3|6,7,5,5) => (3|6,7,5,5);
				(3|6,7,5,6) => (3|6,7,5,6);
				(3|6,7,5,7) => (3|6,7,5,7);
				(3|6,7,6,0) => (3|6,7,6,0);
				(3|6,7,7,5) => (3|6,7,7,5);
				(3|6,7,7,6) => (3|6,7,7,6);
				(3|6,7,7,7) => (3|6,7,7,7);
				(3|7,0,0,0) => (4|7,0,0,0);
				(3|7,0,0,1) => (3|7,0,0,1);
				(3|7,0,0,3) => (3|7,0,0,3);
				(3|7,0,0,6) => (3|7,0,0,6);
				(3|7,0,0,7) => (4|7,0,0,7);
				(3|7,0,1,0) => (3|7,0,1,0);
				(3|7,0,1,1) => (3|7,0,1,1);
				(3|7,0,1,5) => (3|7,0,1,5);
				(3|7,0,1,6) => (3|7,0,1,6);
				(3|7,0,1,7) => (3|7,0,1,7);
				(3|7,0,2,0) => (3|7,0,2,0);
				(3|7,0,2,3) => (3|7,0,2,3);
				(3|7,0,2,5) => (3|7,0,2,5);
				(3|7,0,3,0) => (3|7,0,3,0);
				(3|7,0,3,6) => (3|7,0,3,6);
				(3|7,0,4,0) => (3|7,0,4,0);
				(3|7,0,5,1) => (3|7,0,5,1);
				(3|7,0,5,6) => (3|7,0,5,6);
				(3|7,0,5,7) => (4|7,0,5,7);
				(3|7,0,6,0) => (3|7,0,6,0);
				(3|7,0,6,5) => (3|7,0,6,5);
				(3|7,0,7,0) => (3|7,0,7,0);
				(3|7,0,7,1) => (3|7,0,7,1);
				(3|7,0,7,2) => (3|7,0,7,2);
				(3|7,0,7,5) => (3|7,0,7,5);
				(3|7,0,7,6) => (3|7,0,7,6);
				(3|7,0,7,7) => (4|7,0,7,7);
				(3|7,1,0,0) => (3|7,1,0,0);
				(3|7,1,0,5) => (3|7,1,0,5);
				(3|7,1,0,6) => (3|7,1,0,6);
				(3|7,1,0,7) => (3|7,1,0,7);
				(3|7,1,1,1) => (3|7,1,1,1);
				(3|7,1,5,0) => (5|7,1,5,0);
				(3|7,1,7,0) => (3|7,1,7,0);
				(3|7,1,7,7) => (3|7,1,7,7);
				(3|7,2,0,0) => (3|7,2,0,0);
				(3|7,2,0,7) => (3|7,2,0,7);
				(3|7,2,7,0) => (3|7,2,7,0);
				(3|7,3,0,0) => (3|7,3,0,0);
				(3|7,3,0,5) => (3|7,3,0,5);
				(3|7,4,7,7) => (3|7,4,7,7);
				(3|7,5,0,1) => (3|7,5,0,1);
				(3|7,5,0,3) => (3|7,5,0,3);
				(3|7,5,0,5) => (3|7,5,0,5);
				(3|7,5,0,6) => (3|7,5,0,6);
				(3|7,5,0,7) => (3|7,5,0,7);
				(3|7,5,1,1) => (3|7,5,1,1);
				(3|7,5,5,6) => (3|7,5,5,6);
				(3|7,5,5,7) => (3|7,5,5,7);
				(3|7,5,6,0) => (3|7,5,6,0);
				(3|7,5,6,6) => (3|7,5,6,6);
				(3|7,5,6,7) => (3|7,5,6,7);
				(3|7,5,7,0) => (3|7,5,7,0);
				(3|7,5,7,6) => (3|7,5,7,6);
				(3|7,5,7,7) => (3|7,5,7,7);
				(3|7,6,0,0) => (3|7,6,0,0);
				(3|7,6,0,5) => (3|7,6,0,5);
				(3|7,6,0,6) => (3|7,6,0,6);
				(3|7,6,0,7) => (3|7,6,0,7);
				(3|7,6,1,0) => (3|7,6,1,0);
				(3|7,6,1,7) => (3|7,6,1,7);
				(3|7,6,2,0) => (3|7,6,2,0);
				(3|7,6,3,0) => (3|7,6,3,0);
				(3|7,6,5,0) => (3|7,6,5,0);
				(3|7,6,5,7) => (3|7,6,5,7);
				(3|7,6,6,0) => (3|7,6,6,0);
				(3|7,6,6,1) => (3|7,6,6,1);
				(3|7,6,6,5) => (3|7,6,6,5);
				(3|7,6,6,7) => (3|7,6,6,7);
				(3|7,6,7,0) => (3|7,6,7,0);
				(3|7,6,7,5) => (3|7,6,7,5);
				(3|7,6,7,7) => (3|7,6,7,7);
				(3|7,7,0,0) => (4|7,7,0,0);
				(3|7,7,0,1) => (3|7,7,0,1);
				(3|7,7,0,5) => (4|7,7,0,5);
				(3|7,7,0,7) => (4|7,7,0,7);
				(3|7,7,1,0) => (3|7,7,1,0);
				(3|7,7,1,7) => (3|7,7,1,7);
				(3|7,7,2,0) => (3|7,7,2,0);
				(3|7,7,4,7) => (3|7,7,4,7);
				(3|7,7,5,0) => (3|7,7,5,0);
				(3|7,7,5,5) => (3|7,7,5,5);
				(3|7,7,5,6) => (3|7,7,5,6);
				(3|7,7,5,7) => (3|7,7,5,7);
				(3|7,7,6,0) => (3|7,7,6,0);
				(3|7,7,6,1) => (3|7,7,6,1);
				(3|7,7,6,5) => (3|7,7,6,5);
				(3|7,7,6,6) => (3|7,7,6,6);
				(3|7,7,6,7) => (3|7,7,6,7);
				(3|7,7,7,0) => (4|7,7,7,0);
				(3|7,7,7,1) => (3|7,7,7,1);
				(3|7,7,7,4) => (3|7,7,7,4);
				(3|7,7,7,5) => (3|7,7,7,5);
				(3|7,7,7,6) => (3|7,7,7,6);
				(3|7,7,7,7) => (3|7,7,7,7);
				(4|0,0,0,0) => (4|0,0,0,0);
				(4|0,0,0,1) => (4|0,0,0,1);
				(4|0,0,0,2) => (4|0,0,0,2);
				(4|0,0,0,3) => (4|0,0,0,3);
				(4|0,0,0,4) => (4|0,0,0,4);
				(4|0,0,0,5) => (4|0,0,0,5);
				(4|0,0,0,6) => (4|0,0,0,6);
				(4|0,0,1,0) => (4|0,0,1,0);
				(4|0,0,1,1) => (4|0,0,1,1);
				(4|0,0,1,3) => (4|0,0,1,3);
				(4|0,0,1,5) => (6|0,0,1,5);
				(4|0,0,1,6) => (5|0,0,1,6);
				(4|0,0,1,7) => (4|0,0,1,7);
				(4|0,0,2,0) => (4|0,0,2,0);
				(4|0,0,2,1) => (5|0,0,2,1);
				(4|0,0,2,2) => (4|0,0,2,2);
				(4|0,0,2,4) => (4|0,0,2,4);
				(4|0,0,2,6) => (5|0,0,2,6);
				(4|0,0,2,7) => (4|0,0,2,7);
				(4|0,0,3,0) => (4|0,0,3,0);
				(4|0,0,3,1) => (4|0,0,3,1);
				(4|0,0,3,2) => (4|0,0,3,2);
				(4|0,0,3,3) => (4|0,0,3,3);
				(4|0,0,3,6) => (6|0,0,3,6);
				(4|0,0,3,7) => (4|0,0,3,7);
				(4|0,0,4,0) => (4|0,0,4,0);
				(4|0,0,4,1) => (4|0,0,4,1);
				(4|0,0,4,5) => (4|0,0,4,5);
				(4|0,0,4,6) => (4|0,0,4,6);
				(4|0,0,5,0) => (4|0,0,5,0);
				(4|0,0,5,1) => (6|0,0,5,1);
				(4|0,0,5,4) => (4|0,0,5,4);
				(4|0,0,5,5) => (4|0,0,5,5);
				(4|0,0,5,6) => (4|0,0,5,6);
				(4|0,0,5,7) => (4|0,0,5,7);
				(4|0,0,6,0) => (4|0,0,6,0);
				(4|0,0,6,1) => (5|0,0,6,1);
				(4|0,0,6,2) => (6|0,0,6,2);
				(4|0,0,6,3) => (5|0,0,6,3);
				(4|0,0,6,5) => (0|0,0,6,5);
				(4|0,0,6,6) => (5|0,0,6,6);
				(4|0,0,6,7) => (4|0,0,6,7);
				(4|0,0,7,1) => (4|0,0,7,1);
				(4|0,0,7,2) => (4|0,0,7,2);
				(4|0,0,7,3) => (4|0,0,7,3);
				(4|0,0,7,5) => (4|0,0,7,5);
				(4|0,0,7,6) => (4|0,0,7,6);
				(4|0,1,0,0) => (4|0,1,0,0);
				(4|0,1,0,1) => (4|0,1,0,1);
				(4|0,1,0,2) => (4|0,1,0,2);
				(4|0,1,0,3) => (4|0,1,0,3);
				(4|0,1,0,4) => (4|0,1,0,4);
				(4|0,1,0,5) => (7|0,1,0,5);
				(4|0,1,0,6) => (4|0,1,0,6);
				(4|0,1,0,7) => (4|0,1,0,7);
				(4|0,1,1,0) => (4|0,1,1,0);
				(4|0,1,1,2) => (4|0,1,1,2);
				(4|0,1,2,6) => (4|0,1,2,6);
				(4|0,1,3,0) => (4|0,1,3,0);
				(4|0,1,3,1) => (4|0,1,3,1);
				(4|0,1,5,0) => (6|0,1,5,0);
				(4|0,1,5,1) => (6|0,1,5,1);
				(4|0,1,5,4) => (4|0,1,5,4);
				(4|0,1,5,6) => (4|0,1,5,6);
				(4|0,1,6,0) => (5|0,1,6,0);
				(4|0,1,6,1) => (4|0,1,6,1);
				(4|0,1,6,7) => (4|0,1,6,7);
				(4|0,1,7,0) => (4|0,1,7,0);
				(4|0,1,7,6) => (4|0,1,7,6);
				(4|0,1,7,7) => (4|0,1,7,7);
				(4|0,2,0,0) => (4|0,2,0,0);
				(4|0,2,0,1) => (4|0,2,0,1);
				(4|0,2,0,2) => (4|0,2,0,2);
				(4|0,2,0,3) => (4|0,2,0,3);
				(4|0,2,0,6) => (6|0,2,0,6);
				(4|0,2,0,7) => (4|0,2,0,7);
				(4|0,2,1,0) => (5|0,2,1,0);
				(4|0,2,1,5) => (2|0,2,1,5);
				(4|0,2,2,0) => (4|0,2,2,0);
				(4|0,2,3,2) => (4|0,2,3,2);
				(4|0,2,3,7) => (4|0,2,3,7);
				(4|0,2,4,0) => (4|0,2,4,0);
				(4|0,2,5,2) => (5|0,2,5,2);
				(4|0,2,6,0) => (5|0,2,6,0);
				(4|0,2,6,6) => (4|0,2,6,6);
				(4|0,2,7,0) => (4|0,2,7,0);
				(4|0,3,0,0) => (4|0,3,0,0);
				(4|0,3,0,1) => (4|0,3,0,1);
				(4|0,3,0,2) => (4|0,3,0,2);
				(4|0,3,0,3) => (4|0,3,0,3);
				(4|0,3,0,6) => (5|0,3,0,6);
				(4|0,3,0,7) => (4|0,3,0,7);
				(4|0,3,1,0) => (4|0,3,1,0);
				(4|0,3,2,0) => (4|0,3,2,0);
				(4|0,3,3,0) => (4|0,3,3,0);
				(4|0,3,3,5) => (5|0,3,3,5);
				(4|0,3,5,6) => (4|0,3,5,6);
				(4|0,3,6,0) => (6|0,3,6,0);
				(4|0,3,6,6) => (4|0,3,6,6);
				(4|0,3,6,7) => (4|0,3,6,7);
				(4|0,3,7,0) => (4|0,3,7,0);
				(4|0,4,0,0) => (4|0,4,0,0);
				(4|0,4,0,1) => (4|0,4,0,1);
				(4|0,4,1,0) => (4|0,4,1,0);
				(4|0,4,1,5) => (4|0,4,1,5);
				(4|0,4,4,6) => (4|0,4,4,6);
				(4|0,4,5,0) => (4|0,4,5,0);
				(4|0,4,5,1) => (7|0,4,5,1);
				(4|0,4,6,0) => (4|0,4,6,0);
				(4|0,5,0,0) => (4|0,5,0,0);
				(4|0,5,0,1) => (7|0,5,0,1);
				(4|0,5,0,5) => (4|0,5,0,5);
				(4|0,5,0,6) => (4|0,5,0,6);
				(4|0,5,0,7) => (4|0,5,0,7);
				(4|0,5,1,0) => (6|0,5,1,0);
				(4|0,5,1,3) => (0|0,5,1,3);
				(4|0,5,1,4) => (4|0,5,1,4);
				(4|0,5,1,5) => (4|0,5,1,5);
				(4|0,5,1,6) => (6|0,5,1,6);
				(4|0,5,1,7) => (5|0,5,1,7);
				(4|0,5,2,2) => (5|0,5,2,2);
				(4|0,5,3,3) => (5|0,5,3,3);
				(4|0,5,3,5) => (4|0,5,3,5);
				(4|0,5,4,0) => (4|0,5,4,0);
				(4|0,5,4,6) => (5|0,5,4,6);
				(4|0,5,5,0) => (4|0,5,5,0);
				(4|0,5,5,4) => (4|0,5,5,4);
				(4|0,5,5,5) => (4|0,5,5,5);
				(4|0,5,5,6) => (4|0,5,5,6);
				(4|0,5,6,0) => (4|0,5,6,0);
				(4|0,5,6,5) => (4|0,5,6,5);
				(4|0,5,6,6) => (4|0,5,6,6);
				(4|0,5,6,7) => (4|0,5,6,7);
				(4|0,5,7,0) => (4|0,5,7,0);
				(4|0,5,7,6) => (4|0,5,7,6);
				(4|0,5,7,7) => (6|0,5,7,7);
				(4|0,6,0,0) => (4|0,6,0,0);
				(4|0,6,0,1) => (4|0,6,0,1);
				(4|0,6,0,2) => (6|0,6,0,2);
				(4|0,6,0,3) => (5|0,6,0,3);
				(4|0,6,0,5) => (4|0,6,0,5);
				(4|0,6,0,7) => (4|0,6,0,7);
				(4|0,6,1,0) => (5|0,6,1,0);
				(4|0,6,1,3) => (4|0,6,1,3);
				(4|0,6,1,5) => (5|0,6,1,5);
				(4|0,6,2,0) => (6|0,6,2,0);
				(4|0,6,2,6) => (4|0,6,2,6);
				(4|0,6,3,0) => (5|0,6,3,0);
				(4|0,6,5,0) => (0|0,6,5,0);
				(4|0,6,5,3) => (4|0,6,5,3);
				(4|0,6,5,5) => (4|0,6,5,5);
				(4|0,6,5,6) => (4|0,6,5,6);
				(4|0,6,5,7) => (4|0,6,5,7);
				(4|0,6,6,0) => (5|0,6,6,0);
				(4|0,6,6,2) => (4|0,6,6,2);
				(4|0,6,6,5) => (1|0,6,6,5);
				(4|0,6,6,6) => (4|0,6,6,6);
				(4|0,6,7,0) => (4|0,6,7,0);
				(4|0,6,7,5) => (4|0,6,7,5);
				(4|0,6,7,7) => (4|0,6,7,7);
				(4|0,7,0,1) => (4|0,7,0,1);
				(4|0,7,0,2) => (4|0,7,0,2);
				(4|0,7,0,3) => (4|0,7,0,3);
				(4|0,7,0,5) => (4|0,7,0,5);
				(4|0,7,0,6) => (4|0,7,0,6);
				(4|0,7,0,7) => (4|0,7,0,7);
				(4|0,7,1,0) => (4|0,7,1,0);
				(4|0,7,2,0) => (4|0,7,2,0);
				(4|0,7,2,6) => (4|0,7,2,6);
				(4|0,7,3,0) => (4|0,7,3,0);
				(4|0,7,5,0) => (4|0,7,5,0);
				(4|0,7,5,7) => (4|0,7,5,7);
				(4|0,7,6,0) => (4|0,7,6,0);
				(4|0,7,6,1) => (4|0,7,6,1);
				(4|0,7,6,2) => (4|0,7,6,2);
				(4|0,7,6,5) => (4|0,7,6,5);
				(4|0,7,7,6) => (4|0,7,7,6);
				(4|1,0,0,0) => (4|1,0,0,0);
				(4|1,0,0,1) => (4|1,0,0,1);
				(4|1,0,0,2) => (5|1,0,0,2);
				(4|1,0,0,3) => (4|1,0,0,3);
				(4|1,0,0,4) => (4|1,0,0,4);
				(4|1,0,0,5) => (6|1,0,0,5);
				(4|1,0,0,6) => (5|1,0,0,6);
				(4|1,0,0,7) => (4|1,0,0,7);
				(4|1,0,1,0) => (4|1,0,1,0);
				(4|1,0,1,3) => (4|1,0,1,3);
				(4|1,0,1,5) => (6|1,0,1,5);
				(4|1,0,1,6) => (4|1,0,1,6);
				(4|1,0,2,0) => (4|1,0,2,0);
				(4|1,0,3,0) => (4|1,0,3,0);
				(4|1,0,4,0) => (4|1,0,4,0);
				(4|1,0,4,5) => (7|1,0,4,5);
				(4|1,0,5,0) => (7|1,0,5,0);
				(4|1,0,6,0) => (4|1,0,6,0);
				(4|1,0,7,0) => (4|1,0,7,0);
				(4|1,0,7,6) => (4|1,0,7,6);
				(4|1,1,0,0) => (4|1,1,0,0);
				(4|1,1,1,1) => (4|1,1,1,1);
				(4|1,1,1,5) => (5|1,1,1,5);
				(4|1,1,2,0) => (4|1,1,2,0);
				(4|1,1,5,1) => (5|1,1,5,1);
				(4|1,1,5,5) => (4|1,1,5,5);
				(4|1,1,7,5) => (4|1,1,7,5);
				(4|1,2,0,1) => (4|1,2,0,1);
				(4|1,2,6,0) => (4|1,2,6,0);
				(4|1,3,0,0) => (4|1,3,0,0);
				(4|1,3,0,5) => (0|1,3,0,5);
				(4|1,3,0,6) => (4|1,3,0,6);
				(4|1,3,1,0) => (4|1,3,1,0);
				(4|1,4,0,5) => (4|1,4,0,5);
				(4|1,5,0,0) => (6|1,5,0,0);
				(4|1,5,0,2) => (2|1,5,0,2);
				(4|1,5,0,4) => (4|1,5,0,4);
				(4|1,5,0,5) => (4|1,5,0,5);
				(4|1,5,0,6) => (5|1,5,0,6);
				(4|1,5,1,0) => (6|1,5,1,0);
				(4|1,5,1,1) => (5|1,5,1,1);
				(4|1,5,4,0) => (4|1,5,4,0);
				(4|1,5,5,1) => (4|1,5,5,1);
				(4|1,5,5,2) => (4|1,5,5,2);
				(4|1,5,5,5) => (4|1,5,5,5);
				(4|1,5,6,0) => (4|1,5,6,0);
				(4|1,6,0,0) => (5|1,6,0,0);
				(4|1,6,0,5) => (6|1,6,0,5);
				(4|1,6,1,0) => (4|1,6,1,0);
				(4|1,6,6,6) => (4|1,6,6,6);
				(4|1,6,6,7) => (4|1,6,6,7);
				(4|1,6,7,0) => (4|1,6,7,0);
				(4|1,6,7,7) => (4|1,6,7,7);
				(4|1,7,0,0) => (4|1,7,0,0);
				(4|1,7,0,5) => (5|1,7,0,5);
				(4|1,7,2,5) => (4|1,7,2,5);
				(4|1,7,5,1) => (4|1,7,5,1);
				(4|1,7,6,0) => (4|1,7,6,0);
				(4|1,7,6,6) => (4|1,7,6,6);
				(4|1,7,6,7) => (4|1,7,6,7);
				(4|1,7,7,0) => (4|1,7,7,0);
				(4|1,7,7,6) => (4|1,7,7,6);
				(4|1,7,7,7) => (4|1,7,7,7);
				(4|2,0,0,0) => (4|2,0,0,0);
				(4|2,0,0,2) => (4|2,0,0,2);
				(4|2,0,0,3) => (4|2,0,0,3);
				(4|2,0,0,6) => (6|2,0,0,6);
				(4|2,0,0,7) => (4|2,0,0,7);
				(4|2,0,1,0) => (4|2,0,1,0);
				(4|2,0,1,1) => (4|2,0,1,1);
				(4|2,0,2,0) => (4|2,0,2,0);
				(4|2,0,2,3) => (4|2,0,2,3);
				(4|2,0,2,5) => (5|2,0,2,5);
				(4|2,0,3,0) => (4|2,0,3,0);
				(4|2,0,5,2) => (5|2,0,5,2);
				(4|2,0,6,0) => (6|2,0,6,0);
				(4|2,0,6,6) => (4|2,0,6,6);
				(4|2,0,7,0) => (4|2,0,7,0);
				(4|2,0,7,6) => (4|2,0,7,6);
				(4|2,1,0,0) => (5|2,1,0,0);
				(4|2,1,5,0) => (2|2,1,5,0);
				(4|2,1,5,5) => (4|2,1,5,5);
				(4|2,2,0,0) => (4|2,2,0,0);
				(4|2,2,0,5) => (5|2,2,0,5);
				(4|2,3,2,0) => (4|2,3,2,0);
				(4|2,3,7,0) => (4|2,3,7,0);
				(4|2,4,0,0) => (4|2,4,0,0);
				(4|2,5,1,7) => (4|2,5,1,7);
				(4|2,5,2,0) => (5|2,5,2,0);
				(4|2,5,2,5) => (4|2,5,2,5);
				(4|2,6,0,0) => (5|2,6,0,0);
				(4|2,6,0,1) => (4|2,6,0,1);
				(4|2,6,0,6) => (4|2,6,0,6);
				(4|2,6,0,7) => (4|2,6,0,7);
				(4|2,6,6,0) => (4|2,6,6,0);
				(4|2,7,0,0) => (4|2,7,0,0);
				(4|2,7,6,6) => (4|2,7,6,6);
				(4|2,7,7,7) => (4|2,7,7,7);
				(4|3,0,0,0) => (4|3,0,0,0);
				(4|3,0,0,1) => (4|3,0,0,1);
				(4|3,0,0,3) => (4|3,0,0,3);
				(4|3,0,0,6) => (5|3,0,0,6);
				(4|3,0,0,7) => (4|3,0,0,7);
				(4|3,0,1,0) => (4|3,0,1,0);
				(4|3,0,2,0) => (4|3,0,2,0);
				(4|3,0,3,0) => (4|3,0,3,0);
				(4|3,0,5,1) => (0|3,0,5,1);
				(4|3,0,5,3) => (5|3,0,5,3);
				(4|3,0,6,0) => (5|3,0,6,0);
				(4|3,0,6,1) => (4|3,0,6,1);
				(4|3,0,6,5) => (4|3,0,6,5);
				(4|3,0,7,0) => (4|3,0,7,0);
				(4|3,1,0,0) => (4|3,1,0,0);
				(4|3,1,0,1) => (4|3,1,0,1);
				(4|3,2,0,0) => (4|3,2,0,0);
				(4|3,2,0,2) => (4|3,2,0,2);
				(4|3,3,0,0) => (4|3,3,0,0);
				(4|3,3,0,5) => (5|3,3,0,5);
				(4|3,3,5,0) => (5|3,3,5,0);
				(4|3,5,0,3) => (5|3,5,0,3);
				(4|3,5,0,5) => (4|3,5,0,5);
				(4|3,5,6,0) => (4|3,5,6,0);
				(4|3,6,0,0) => (6|3,6,0,0);
				(4|3,6,6,0) => (4|3,6,6,0);
				(4|3,6,7,0) => (4|3,6,7,0);
				(4|3,7,0,0) => (4|3,7,0,0);
				(4|3,7,0,2) => (4|3,7,0,2);
				(4|4,0,0,0) => (4|4,0,0,0);
				(4|4,0,0,2) => (4|4,0,0,2);
				(4|4,0,0,5) => (4|4,0,0,5);
				(4|4,0,1,0) => (4|4,0,1,0);
				(4|4,0,1,5) => (4|4,0,1,5);
				(4|4,0,5,1) => (4|4,0,5,1);
				(4|4,0,5,5) => (4|4,0,5,5);
				(4|4,1,0,0) => (4|4,1,0,0);
				(4|4,1,5,0) => (4|4,1,5,0);
				(4|4,4,6,0) => (4|4,4,6,0);
				(4|4,5,0,0) => (4|4,5,0,0);
				(4|4,5,1,0) => (7|4,5,1,0);
				(4|4,6,0,0) => (4|4,6,0,0);
				(4|4,6,0,4) => (4|4,6,0,4);
				(4|4,6,0,5) => (5|4,6,0,5);
				(4|5,0,0,0) => (4|5,0,0,0);
				(4|5,0,0,1) => (6|5,0,0,1);
				(4|5,0,0,4) => (4|5,0,0,4);
				(4|5,0,0,5) => (4|5,0,0,5);
				(4|5,0,0,6) => (0|5,0,0,6);
				(4|5,0,0,7) => (4|5,0,0,7);
				(4|5,0,1,0) => (7|5,0,1,0);
				(4|5,0,2,1) => (2|5,0,2,1);
				(4|5,0,3,3) => (5|5,0,3,3);
				(4|5,0,4,1) => (4|5,0,4,1);
				(4|5,0,5,0) => (4|5,0,5,0);
				(4|5,0,5,1) => (4|5,0,5,1);
				(4|5,0,5,3) => (4|5,0,5,3);
				(4|5,0,5,5) => (4|5,0,5,5);
				(4|5,0,5,6) => (4|5,0,5,6);
				(4|5,0,6,0) => (4|5,0,6,0);
				(4|5,0,6,1) => (5|5,0,6,1);
				(4|5,0,6,5) => (4|5,0,6,5);
				(4|5,0,6,6) => (1|5,0,6,6);
				(4|5,0,6,7) => (4|5,0,6,7);
				(4|5,0,7,0) => (4|5,0,7,0);
				(4|5,0,7,6) => (4|5,0,7,6);
				(4|5,1,0,0) => (6|5,1,0,0);
				(4|5,1,0,1) => (6|5,1,0,1);
				(4|5,1,0,4) => (7|5,1,0,4);
				(4|5,1,1,1) => (5|5,1,1,1);
				(4|5,1,1,5) => (4|5,1,1,5);
				(4|5,1,1,7) => (4|5,1,1,7);
				(4|5,1,3,0) => (0|5,1,3,0);
				(4|5,1,4,0) => (4|5,1,4,0);
				(4|5,1,5,0) => (4|5,1,5,0);
				(4|5,1,5,5) => (4|5,1,5,5);
				(4|5,1,6,0) => (6|5,1,6,0);
				(4|5,1,7,0) => (5|5,1,7,0);
				(4|5,1,7,2) => (4|5,1,7,2);
				(4|5,2,0,2) => (5|5,2,0,2);
				(4|5,2,1,5) => (4|5,2,1,5);
				(4|5,2,2,0) => (5|5,2,2,0);
				(4|5,2,5,2) => (4|5,2,5,2);
				(4|5,3,0,6) => (4|5,3,0,6);
				(4|5,3,3,0) => (5|5,3,3,0);
				(4|5,3,5,0) => (4|5,3,5,0);
				(4|5,4,0,0) => (4|5,4,0,0);
				(4|5,4,0,1) => (4|5,4,0,1);
				(4|5,4,0,5) => (4|5,4,0,5);
				(4|5,4,6,0) => (5|5,4,6,0);
				(4|5,5,0,0) => (4|5,5,0,0);
				(4|5,5,0,5) => (4|5,5,0,5);
				(4|5,5,0,6) => (4|5,5,0,6);
				(4|5,5,1,1) => (4|5,5,1,1);
				(4|5,5,1,5) => (4|5,5,1,5);
				(4|5,5,2,1) => (4|5,5,2,1);
				(4|5,5,4,0) => (4|5,5,4,0);
				(4|5,5,5,0) => (4|5,5,5,0);
				(4|5,5,5,1) => (4|5,5,5,1);
				(4|5,5,5,5) => (4|5,5,5,5);
				(4|5,5,6,0) => (4|5,5,6,0);
				(4|5,5,6,6) => (4|5,5,6,6);
				(4|5,6,0,0) => (4|5,6,0,0);
				(4|5,6,0,1) => (4|5,6,0,1);
				(4|5,6,0,3) => (4|5,6,0,3);
				(4|5,6,0,5) => (4|5,6,0,5);
				(4|5,6,0,6) => (4|5,6,0,6);
				(4|5,6,5,0) => (4|5,6,5,0);
				(4|5,6,6,0) => (4|5,6,6,0);
				(4|5,6,6,5) => (4|5,6,6,5);
				(4|5,6,6,6) => (7|5,6,6,6);
				(4|5,6,6,7) => (4|5,6,6,7);
				(4|5,6,7,0) => (4|5,6,7,0);
				(4|5,6,7,7) => (4|5,6,7,7);
				(4|5,7,0,0) => (4|5,7,0,0);
				(4|5,7,0,6) => (4|5,7,0,6);
				(4|5,7,0,7) => (4|5,7,0,7);
				(4|5,7,6,0) => (4|5,7,6,0);
				(4|5,7,6,6) => (4|5,7,6,6);
				(4|5,7,6,7) => (4|5,7,6,7);
				(4|5,7,7,0) => (6|5,7,7,0);
				(4|5,7,7,6) => (4|5,7,7,6);
				(4|5,7,7,7) => (4|5,7,7,7);
				(4|6,0,0,0) => (4|6,0,0,0);
				(4|6,0,0,1) => (5|6,0,0,1);
				(4|6,0,0,2) => (5|6,0,0,2);
				(4|6,0,0,3) => (6|6,0,0,3);
				(4|6,0,0,4) => (4|6,0,0,4);
				(4|6,0,0,5) => (4|6,0,0,5);
				(4|6,0,0,6) => (5|6,0,0,6);
				(4|6,0,0,7) => (4|6,0,0,7);
				(4|6,0,1,0) => (4|6,0,1,0);
				(4|6,0,1,2) => (4|6,0,1,2);
				(4|6,0,1,5) => (4|6,0,1,5);
				(4|6,0,1,7) => (4|6,0,1,7);
				(4|6,0,2,0) => (6|6,0,2,0);
				(4|6,0,2,6) => (4|6,0,2,6);
				(4|6,0,3,0) => (5|6,0,3,0);
				(4|6,0,3,5) => (4|6,0,3,5);
				(4|6,0,3,6) => (4|6,0,3,6);
				(4|6,0,4,4) => (4|6,0,4,4);
				(4|6,0,5,0) => (4|6,0,5,0);
				(4|6,0,5,1) => (6|6,0,5,1);
				(4|6,0,5,4) => (5|6,0,5,4);
				(4|6,0,5,5) => (4|6,0,5,5);
				(4|6,0,5,6) => (4|6,0,5,6);
				(4|6,0,5,7) => (4|6,0,5,7);
				(4|6,0,6,2) => (4|6,0,6,2);
				(4|6,0,6,5) => (4|6,0,6,5);
				(4|6,0,6,6) => (4|6,0,6,6);
				(4|6,0,7,0) => (4|6,0,7,0);
				(4|6,0,7,2) => (4|6,0,7,2);
				(4|6,0,7,7) => (4|6,0,7,7);
				(4|6,1,0,0) => (5|6,1,0,0);
				(4|6,1,0,1) => (4|6,1,0,1);
				(4|6,1,0,7) => (4|6,1,0,7);
				(4|6,1,3,0) => (4|6,1,3,0);
				(4|6,1,5,0) => (5|6,1,5,0);
				(4|6,1,6,6) => (4|6,1,6,6);
				(4|6,1,7,6) => (4|6,1,7,6);
				(4|6,1,7,7) => (4|6,1,7,7);
				(4|6,2,0,0) => (6|6,2,0,0);
				(4|6,2,0,6) => (4|6,2,0,6);
				(4|6,2,0,7) => (4|6,2,0,7);
				(4|6,2,6,0) => (4|6,2,6,0);
				(4|6,2,7,6) => (4|6,2,7,6);
				(4|6,3,0,0) => (5|6,3,0,0);
				(4|6,5,0,0) => (0|6,5,0,0);
				(4|6,5,0,5) => (4|6,5,0,5);
				(4|6,5,0,6) => (1|6,5,0,6);
				(4|6,5,0,7) => (4|6,5,0,7);
				(4|6,5,3,0) => (4|6,5,3,0);
				(4|6,5,5,0) => (4|6,5,5,0);
				(4|6,5,5,6) => (4|6,5,5,6);
				(4|6,5,6,0) => (4|6,5,6,0);
				(4|6,5,6,6) => (7|6,5,6,6);
				(4|6,5,7,0) => (4|6,5,7,0);
				(4|6,5,7,6) => (4|6,5,7,6);
				(4|6,5,7,7) => (4|6,5,7,7);
				(4|6,6,0,0) => (5|6,6,0,0);
				(4|6,6,0,2) => (4|6,6,0,2);
				(4|6,6,0,3) => (4|6,6,0,3);
				(4|6,6,0,5) => (4|6,6,0,5);
				(4|6,6,0,6) => (4|6,6,0,6);
				(4|6,6,1,6) => (4|6,6,1,6);
				(4|6,6,1,7) => (4|6,6,1,7);
				(4|6,6,2,0) => (4|6,6,2,0);
				(4|6,6,2,7) => (4|6,6,2,7);
				(4|6,6,5,0) => (1|6,6,5,0);
				(4|6,6,5,5) => (4|6,6,5,5);
				(4|6,6,5,6) => (7|6,6,5,6);
				(4|6,6,5,7) => (4|6,6,5,7);
				(4|6,6,6,0) => (4|6,6,6,0);
				(4|6,6,6,1) => (4|6,6,6,1);
				(4|6,6,6,5) => (7|6,6,6,5);
				(4|6,6,7,1) => (4|6,6,7,1);
				(4|6,6,7,5) => (4|6,6,7,5);
				(4|6,7,0,0) => (4|6,7,0,0);
				(4|6,7,0,1) => (4|6,7,0,1);
				(4|6,7,0,3) => (4|6,7,0,3);
				(4|6,7,0,5) => (4|6,7,0,5);
				(4|6,7,1,6) => (4|6,7,1,6);
				(4|6,7,1,7) => (4|6,7,1,7);
				(4|6,7,5,0) => (4|6,7,5,0);
				(4|6,7,5,6) => (4|6,7,5,6);
				(4|6,7,5,7) => (4|6,7,5,7);
				(4|6,7,7,0) => (4|6,7,7,0);
				(4|6,7,7,1) => (4|6,7,7,1);
				(4|6,7,7,5) => (4|6,7,7,5);
				(4|6,7,7,7) => (4|6,7,7,7);
				(4|7,0,0,1) => (4|7,0,0,1);
				(4|7,0,0,2) => (4|7,0,0,2);
				(4|7,0,0,3) => (4|7,0,0,3);
				(4|7,0,0,5) => (4|7,0,0,5);
				(4|7,0,0,6) => (4|7,0,0,6);
				(4|7,0,1,0) => (4|7,0,1,0);
				(4|7,0,1,6) => (4|7,0,1,6);
				(4|7,0,1,7) => (4|7,0,1,7);
				(4|7,0,2,0) => (4|7,0,2,0);
				(4|7,0,2,3) => (4|7,0,2,3);
				(4|7,0,3,0) => (4|7,0,3,0);
				(4|7,0,3,6) => (4|7,0,3,6);
				(4|7,0,5,0) => (4|7,0,5,0);
				(4|7,0,5,1) => (5|7,0,5,1);
				(4|7,0,5,6) => (4|7,0,5,6);
				(4|7,0,5,7) => (6|7,0,5,7);
				(4|7,0,6,0) => (4|7,0,6,0);
				(4|7,0,6,5) => (4|7,0,6,5);
				(4|7,0,6,7) => (4|7,0,6,7);
				(4|7,0,7,0) => (4|7,0,7,0);
				(4|7,0,7,5) => (4|7,0,7,5);
				(4|7,1,0,0) => (4|7,1,0,0);
				(4|7,1,6,6) => (4|7,1,6,6);
				(4|7,1,6,7) => (4|7,1,6,7);
				(4|7,1,7,6) => (4|7,1,7,6);
				(4|7,1,7,7) => (4|7,1,7,7);
				(4|7,2,0,0) => (4|7,2,0,0);
				(4|7,2,5,1) => (4|7,2,5,1);
				(4|7,2,6,0) => (4|7,2,6,0);
				(4|7,2,7,7) => (4|7,2,7,7);
				(4|7,3,0,0) => (4|7,3,0,0);
				(4|7,5,0,0) => (4|7,5,0,0);
				(4|7,5,0,6) => (4|7,5,0,6);
				(4|7,5,1,1) => (4|7,5,1,1);
				(4|7,5,6,6) => (4|7,5,6,6);
				(4|7,5,6,7) => (4|7,5,6,7);
				(4|7,5,7,0) => (4|7,5,7,0);
				(4|7,5,7,6) => (4|7,5,7,6);
				(4|7,5,7,7) => (4|7,5,7,7);
				(4|7,6,0,0) => (4|7,6,0,0);
				(4|7,6,0,1) => (4|7,6,0,1);
				(4|7,6,0,5) => (4|7,6,0,5);
				(4|7,6,0,7) => (4|7,6,0,7);
				(4|7,6,1,0) => (4|7,6,1,0);
				(4|7,6,1,7) => (4|7,6,1,7);
				(4|7,6,2,0) => (4|7,6,2,0);
				(4|7,6,5,0) => (4|7,6,5,0);
				(4|7,6,5,7) => (4|7,6,5,7);
				(4|7,6,6,1) => (4|7,6,6,1);
				(4|7,6,6,2) => (4|7,6,6,2);
				(4|7,6,6,5) => (4|7,6,6,5);
				(4|7,6,7,1) => (4|7,6,7,1);
				(4|7,6,7,5) => (4|7,6,7,5);
				(4|7,6,7,7) => (4|7,6,7,7);
				(4|7,7,0,1) => (4|7,7,0,1);
				(4|7,7,0,5) => (6|7,7,0,5);
				(4|7,7,0,6) => (4|7,7,0,6);
				(4|7,7,1,6) => (4|7,7,1,6);
				(4|7,7,1,7) => (4|7,7,1,7);
				(4|7,7,2,7) => (4|7,7,2,7);
				(4|7,7,5,6) => (4|7,7,5,6);
				(4|7,7,5,7) => (4|7,7,5,7);
				(4|7,7,6,0) => (4|7,7,6,0);
				(4|7,7,6,1) => (4|7,7,6,1);
				(4|7,7,6,5) => (4|7,7,6,5);
				(4|7,7,6,7) => (4|7,7,6,7);
				(4|7,7,7,1) => (4|7,7,7,1);
				(4|7,7,7,2) => (4|7,7,7,2);
				(4|7,7,7,5) => (4|7,7,7,5);
				(4|7,7,7,6) => (4|7,7,7,6);
				(4|7,7,7,7) => (4|7,7,7,7);
				(5|0,0,0,0) => (5|0,0,0,0);
				(5|0,0,0,4) => (5|0,0,0,4);
				(5|0,0,0,6) => (5|0,0,0,6);
				(5|0,0,1,1) => (5|0,0,1,1);
				(5|0,0,1,2) => (5|0,0,1,2);
				(5|0,0,1,3) => (5|0,0,1,3);
				(5|0,0,1,6) => (6|0,0,1,6);
				(5|0,0,1,7) => (5|0,0,1,7);
				(5|0,0,2,1) => (6|0,0,2,1);
				(5|0,0,2,4) => (5|0,0,2,4);
				(5|0,0,2,5) => (5|0,0,2,5);
				(5|0,0,2,6) => (6|0,0,2,6);
				(5|0,0,2,7) => (5|0,0,2,7);
				(5|0,0,3,1) => (5|0,0,3,1);
				(5|0,0,3,2) => (5|0,0,3,2);
				(5|0,0,3,3) => (5|0,0,3,3);
				(5|0,0,3,5) => (5|0,0,3,5);
				(5|0,0,3,6) => (5|0,0,3,6);
				(5|0,0,3,7) => (5|0,0,3,7);
				(5|0,0,4,0) => (5|0,0,4,0);
				(5|0,0,4,1) => (5|0,0,4,1);
				(5|0,0,4,5) => (5|0,0,4,5);
				(5|0,0,5,2) => (5|0,0,5,2);
				(5|0,0,5,3) => (5|0,0,5,3);
				(5|0,0,5,6) => (5|0,0,5,6);
				(5|0,0,5,7) => (5|0,0,5,7);
				(5|0,0,6,0) => (5|0,0,6,0);
				(5|0,0,6,1) => (6|0,0,6,1);
				(5|0,0,6,2) => (5|0,0,6,2);
				(5|0,0,6,5) => (5|0,0,6,5);
				(5|0,0,6,6) => (6|0,0,6,6);
				(5|0,0,6,7) => (5|0,0,6,7);
				(5|0,0,7,2) => (5|0,0,7,2);
				(5|0,0,7,3) => (5|0,0,7,3);
				(5|0,0,7,5) => (5|0,0,7,5);
				(5|0,0,7,6) => (5|0,0,7,6);
				(5|0,0,7,7) => (7|0,0,7,7);
				(5|0,1,0,1) => (5|0,1,0,1);
				(5|0,1,0,2) => (5|0,1,0,2);
				(5|0,1,0,3) => (5|0,1,0,3);
				(5|0,1,0,4) => (5|0,1,0,4);
				(5|0,1,0,7) => (5|0,1,0,7);
				(5|0,1,1,0) => (5|0,1,1,0);
				(5|0,1,1,1) => (5|0,1,1,1);
				(5|0,1,1,5) => (0|0,1,1,5);
				(5|0,1,2,0) => (5|0,1,2,0);
				(5|0,1,2,6) => (5|0,1,2,6);
				(5|0,1,3,0) => (5|0,1,3,0);
				(5|0,1,4,7) => (5|0,1,4,7);
				(5|0,1,5,1) => (5|0,1,5,1);
				(5|0,1,5,4) => (6|0,1,5,4);
				(5|0,1,5,6) => (5|0,1,5,6);
				(5|0,1,5,7) => (5|0,1,5,7);
				(5|0,1,6,0) => (6|0,1,6,0);
				(5|0,1,6,1) => (5|0,1,6,1);
				(5|0,1,6,5) => (5|0,1,6,5);
				(5|0,1,6,6) => (5|0,1,6,6);
				(5|0,1,6,7) => (5|0,1,6,7);
				(5|0,1,7,0) => (5|0,1,7,0);
				(5|0,1,7,4) => (5|0,1,7,4);
				(5|0,2,0,1) => (5|0,2,0,1);
				(5|0,2,0,3) => (5|0,2,0,3);
				(5|0,2,0,4) => (5|0,2,0,4);
				(5|0,2,0,5) => (6|0,2,0,5);
				(5|0,2,0,6) => (5|0,2,0,6);
				(5|0,2,0,7) => (5|0,2,0,7);
				(5|0,2,1,0) => (6|0,2,1,0);
				(5|0,2,1,3) => (5|0,2,1,3);
				(5|0,2,1,5) => (3|0,2,1,5);
				(5|0,2,3,5) => (5|0,2,3,5);
				(5|0,2,3,7) => (5|0,2,3,7);
				(5|0,2,4,0) => (5|0,2,4,0);
				(5|0,2,5,0) => (5|0,2,5,0);
				(5|0,2,5,2) => (7|0,2,5,2);
				(5|0,2,5,7) => (5|0,2,5,7);
				(5|0,2,6,0) => (6|0,2,6,0);
				(5|0,2,7,0) => (5|0,2,7,0);
				(5|0,3,0,1) => (5|0,3,0,1);
				(5|0,3,0,2) => (5|0,3,0,2);
				(5|0,3,0,5) => (5|0,3,0,5);
				(5|0,3,0,6) => (6|0,3,0,6);
				(5|0,3,0,7) => (5|0,3,0,7);
				(5|0,3,1,0) => (5|0,3,1,0);
				(5|0,3,1,4) => (5|0,3,1,4);
				(5|0,3,2,0) => (5|0,3,2,0);
				(5|0,3,3,0) => (5|0,3,3,0);
				(5|0,3,3,5) => (6|0,3,3,5);
				(5|0,3,5,0) => (5|0,3,5,0);
				(5|0,3,5,3) => (6|0,3,5,3);
				(5|0,3,5,6) => (5|0,3,5,6);
				(5|0,3,6,0) => (5|0,3,6,0);
				(5|0,3,6,6) => (5|0,3,6,6);
				(5|0,3,6,7) => (5|0,3,6,7);
				(5|0,3,7,0) => (5|0,3,7,0);
				(5|0,4,0,0) => (5|0,4,0,0);
				(5|0,4,0,1) => (5|0,4,0,1);
				(5|0,4,0,2) => (5|0,4,0,2);
				(5|0,4,0,6) => (5|0,4,0,6);
				(5|0,4,0,7) => (5|0,4,0,7);
				(5|0,4,1,0) => (5|0,4,1,0);
				(5|0,4,1,1) => (5|0,4,1,1);
				(5|0,4,3,1) => (5|0,4,3,1);
				(5|0,4,4,6) => (5|0,4,4,6);
				(5|0,4,5,0) => (5|0,4,5,0);
				(5|0,4,5,1) => (6|0,4,5,1);
				(5|0,5,0,2) => (6|0,5,0,2);
				(5|0,5,0,3) => (5|0,5,0,3);
				(5|0,5,0,5) => (5|0,5,0,5);
				(5|0,5,0,6) => (5|0,5,0,6);
				(5|0,5,0,7) => (5|0,5,0,7);
				(5|0,5,1,5) => (5|0,5,1,5);
				(5|0,5,1,6) => (5|0,5,1,6);
				(5|0,5,1,7) => (7|0,5,1,7);
				(5|0,5,2,0) => (5|0,5,2,0);
				(5|0,5,3,0) => (5|0,5,3,0);
				(5|0,5,3,3) => (6|0,5,3,3);
				(5|0,5,3,5) => (5|0,5,3,5);
				(5|0,5,5,7) => (5|0,5,5,7);
				(5|0,5,6,0) => (5|0,5,6,0);
				(5|0,5,6,5) => (5|0,5,6,5);
				(5|0,5,6,6) => (6|0,5,6,6);
				(5|0,5,6,7) => (5|0,5,6,7);
				(5|0,5,7,0) => (5|0,5,7,0);
				(5|0,5,7,5) => (5|0,5,7,5);
				(5|0,5,7,7) => (5|0,5,7,7);
				(5|0,6,0,0) => (5|0,6,0,0);
				(5|0,6,0,2) => (5|0,6,0,2);
				(5|0,6,0,3) => (6|0,6,0,3);
				(5|0,6,0,4) => (5|0,6,0,4);
				(5|0,6,0,5) => (5|0,6,0,5);
				(5|0,6,0,6) => (5|0,6,0,6);
				(5|0,6,0,7) => (5|0,6,0,7);
				(5|0,6,1,0) => (6|0,6,1,0);
				(5|0,6,1,3) => (5|0,6,1,3);
				(5|0,6,1,5) => (6|0,6,1,5);
				(5|0,6,2,0) => (5|0,6,2,0);
				(5|0,6,2,3) => (5|0,6,2,3);
				(5|0,6,3,6) => (5|0,6,3,6);
				(5|0,6,5,0) => (5|0,6,5,0);
				(5|0,6,5,3) => (5|0,6,5,3);
				(5|0,6,5,6) => (5|0,6,5,6);
				(5|0,6,6,0) => (6|0,6,6,0);
				(5|0,6,6,2) => (5|0,6,6,2);
				(5|0,6,6,5) => (5|0,6,6,5);
				(5|0,6,7,0) => (5|0,6,7,0);
				(5|0,6,7,1) => (5|0,6,7,1);
				(5|0,6,7,5) => (5|0,6,7,5);
				(5|0,6,7,6) => (5|0,6,7,6);
				(5|0,6,7,7) => (5|0,6,7,7);
				(5|0,7,0,1) => (5|0,7,0,1);
				(5|0,7,0,2) => (5|0,7,0,2);
				(5|0,7,0,3) => (5|0,7,0,3);
				(5|0,7,0,4) => (5|0,7,0,4);
				(5|0,7,0,5) => (5|0,7,0,5);
				(5|0,7,0,6) => (5|0,7,0,6);
				(5|0,7,0,7) => (5|0,7,0,7);
				(5|0,7,1,5) => (6|0,7,1,5);
				(5|0,7,2,0) => (5|0,7,2,0);
				(5|0,7,3,0) => (5|0,7,3,0);
				(5|0,7,5,0) => (5|0,7,5,0);
				(5|0,7,6,0) => (5|0,7,6,0);
				(5|0,7,6,5) => (5|0,7,6,5);
				(5|0,7,6,7) => (5|0,7,6,7);
				(5|0,7,7,0) => (7|0,7,7,0);
				(5|0,7,7,1) => (5|0,7,7,1);
				(5|0,7,7,2) => (5|0,7,7,2);
				(5|0,7,7,4) => (5|0,7,7,4);
				(5|0,7,7,5) => (5|0,7,7,5);
				(5|0,7,7,6) => (5|0,7,7,6);
				(5|0,7,7,7) => (0|0,7,7,7);
				(5|1,0,0,1) => (5|1,0,0,1);
				(5|1,0,0,2) => (6|1,0,0,2);
				(5|1,0,0,3) => (5|1,0,0,3);
				(5|1,0,0,4) => (5|1,0,0,4);
				(5|1,0,0,6) => (6|1,0,0,6);
				(5|1,0,1,0) => (5|1,0,1,0);
				(5|1,0,1,1) => (5|1,0,1,1);
				(5|1,0,1,5) => (5|1,0,1,5);
				(5|1,0,1,6) => (5|1,0,1,6);
				(5|1,0,2,0) => (5|1,0,2,0);
				(5|1,0,3,0) => (5|1,0,3,0);
				(5|1,0,4,0) => (5|1,0,4,0);
				(5|1,0,4,1) => (5|1,0,4,1);
				(5|1,0,4,3) => (5|1,0,4,3);
				(5|1,0,4,5) => (6|1,0,4,5);
				(5|1,0,6,7) => (5|1,0,6,7);
				(5|1,0,7,0) => (5|1,0,7,0);
				(5|1,0,7,7) => (5|1,0,7,7);
				(5|1,1,0,0) => (5|1,1,0,0);
				(5|1,1,0,1) => (5|1,1,0,1);
				(5|1,1,0,4) => (5|1,1,0,4);
				(5|1,1,1,0) => (5|1,1,1,0);
				(5|1,1,1,1) => (5|1,1,1,1);
				(5|1,1,1,5) => (6|1,1,1,5);
				(5|1,1,1,7) => (5|1,1,1,7);
				(5|1,1,5,0) => (0|1,1,5,0);
				(5|1,1,5,1) => (6|1,1,5,1);
				(5|1,1,7,1) => (5|1,1,7,1);
				(5|1,2,0,0) => (5|1,2,0,0);
				(5|1,2,6,0) => (5|1,2,6,0);
				(5|1,3,0,0) => (5|1,3,0,0);
				(5|1,3,0,2) => (5|1,3,0,2);
				(5|1,3,0,6) => (5|1,3,0,6);
				(5|1,4,0,3) => (5|1,4,0,3);
				(5|1,4,7,0) => (5|1,4,7,0);
				(5|1,5,0,1) => (0|1,5,0,1);
				(5|1,5,0,2) => (3|1,5,0,2);
				(5|1,5,0,5) => (5|1,5,0,5);
				(5|1,5,0,6) => (6|1,5,0,6);
				(5|1,5,0,7) => (6|1,5,0,7);
				(5|1,5,1,0) => (5|1,5,1,0);
				(5|1,5,1,1) => (6|1,5,1,1);
				(5|1,5,4,0) => (6|1,5,4,0);
				(5|1,5,5,5) => (5|1,5,5,5);
				(5|1,5,5,6) => (5|1,5,5,6);
				(5|1,5,6,0) => (5|1,5,6,0);
				(5|1,5,6,5) => (5|1,5,6,5);
				(5|1,5,7,0) => (5|1,5,7,0);
				(5|1,6,0,0) => (6|1,6,0,0);
				(5|1,6,0,5) => (5|1,6,0,5);
				(5|1,6,1,0) => (5|1,6,1,0);
				(5|1,6,5,0) => (5|1,6,5,0);
				(5|1,6,6,0) => (5|1,6,6,0);
				(5|1,6,7,0) => (5|1,6,7,0);
				(5|1,7,0,0) => (5|1,7,0,0);
				(5|1,7,0,5) => (7|1,7,0,5);
				(5|1,7,1,1) => (5|1,7,1,1);
				(5|1,7,4,0) => (5|1,7,4,0);
				(5|1,7,6,7) => (5|1,7,6,7);
				(5|1,7,7,7) => (5|1,7,7,7);
				(5|2,0,0,1) => (5|2,0,0,1);
				(5|2,0,0,3) => (5|2,0,0,3);
				(5|2,0,0,5) => (5|2,0,0,5);
				(5|2,0,0,6) => (5|2,0,0,6);
				(5|2,0,0,7) => (5|2,0,0,7);
				(5|2,0,1,0) => (5|2,0,1,0);
				(5|2,0,2,5) => (7|2,0,2,5);
				(5|2,0,3,0) => (5|2,0,3,0);
				(5|2,0,4,0) => (5|2,0,4,0);
				(5|2,0,5,0) => (6|2,0,5,0);
				(5|2,0,6,0) => (5|2,0,6,0);
				(5|2,0,6,6) => (5|2,0,6,6);
				(5|2,0,7,0) => (5|2,0,7,0);
				(5|2,0,7,7) => (5|2,0,7,7);
				(5|2,1,0,0) => (6|2,1,0,0);
				(5|2,1,3,0) => (5|2,1,3,0);
				(5|2,1,5,0) => (3|2,1,5,0);
				(5|2,3,0,6) => (5|2,3,0,6);
				(5|2,3,5,0) => (5|2,3,5,0);
				(5|2,3,7,0) => (5|2,3,7,0);
				(5|2,4,0,0) => (5|2,4,0,0);
				(5|2,5,0,0) => (5|2,5,0,0);
				(5|2,5,2,0) => (7|2,5,2,0);
				(5|2,5,7,0) => (5|2,5,7,0);
				(5|2,6,0,0) => (6|2,6,0,0);
				(5|2,6,0,1) => (5|2,6,0,1);
				(5|2,7,0,0) => (5|2,7,0,0);
				(5|3,0,0,1) => (5|3,0,0,1);
				(5|3,0,0,3) => (5|3,0,0,3);
				(5|3,0,0,5) => (5|3,0,0,5);
				(5|3,0,0,7) => (5|3,0,0,7);
				(5|3,0,1,0) => (5|3,0,1,0);
				(5|3,0,2,0) => (5|3,0,2,0);
				(5|3,0,2,1) => (5|3,0,2,1);
				(5|3,0,3,5) => (6|3,0,3,5);
				(5|3,0,5,0) => (5|3,0,5,0);
				(5|3,0,5,3) => (6|3,0,5,3);
				(5|3,0,6,0) => (6|3,0,6,0);
				(5|3,0,6,1) => (5|3,0,6,1);
				(5|3,0,6,2) => (5|3,0,6,2);
				(5|3,0,6,5) => (5|3,0,6,5);
				(5|3,0,7,0) => (5|3,0,7,0);
				(5|3,1,0,0) => (5|3,1,0,0);
				(5|3,1,0,4) => (5|3,1,0,4);
				(5|3,1,4,0) => (5|3,1,4,0);
				(5|3,2,0,0) => (5|3,2,0,0);
				(5|3,3,0,0) => (5|3,3,0,0);
				(5|3,3,0,5) => (6|3,3,0,5);
				(5|3,3,5,0) => (6|3,3,5,0);
				(5|3,5,0,0) => (5|3,5,0,0);
				(5|3,5,0,2) => (5|3,5,0,2);
				(5|3,5,0,3) => (6|3,5,0,3);
				(5|3,5,0,5) => (5|3,5,0,5);
				(5|3,5,3,0) => (6|3,5,3,0);
				(5|3,5,6,0) => (5|3,5,6,0);
				(5|3,6,0,0) => (5|3,6,0,0);
				(5|3,6,0,6) => (5|3,6,0,6);
				(5|3,6,6,0) => (5|3,6,6,0);
				(5|3,6,7,0) => (5|3,6,7,0);
				(5|3,7,0,0) => (5|3,7,0,0);
				(5|3,7,0,2) => (5|3,7,0,2);
				(5|4,0,0,0) => (5|4,0,0,0);
				(5|4,0,0,2) => (5|4,0,0,2);
				(5|4,0,1,0) => (5|4,0,1,0);
				(5|4,0,1,5) => (6|4,0,1,5);
				(5|4,0,1,7) => (5|4,0,1,7);
				(5|4,0,2,0) => (5|4,0,2,0);
				(5|4,0,3,1) => (5|4,0,3,1);
				(5|4,0,6,0) => (5|4,0,6,0);
				(5|4,0,7,0) => (5|4,0,7,0);
				(5|4,0,7,7) => (5|4,0,7,7);
				(5|4,1,0,0) => (5|4,1,0,0);
				(5|4,1,1,0) => (5|4,1,1,0);
				(5|4,3,1,0) => (5|4,3,1,0);
				(5|4,4,6,0) => (5|4,4,6,0);
				(5|4,5,0,0) => (5|4,5,0,0);
				(5|4,5,1,0) => (6|4,5,1,0);
				(5|4,6,0,4) => (5|4,6,0,4);
				(5|4,7,0,1) => (5|4,7,0,1);
				(5|5,0,0,2) => (5|5,0,0,2);
				(5|5,0,0,3) => (5|5,0,0,3);
				(5|5,0,0,4) => (5|5,0,0,4);
				(5|5,0,0,6) => (5|5,0,0,6);
				(5|5,0,0,7) => (5|5,0,0,7);
				(5|5,0,1,1) => (0|5,0,1,1);
				(5|5,0,1,6) => (5|5,0,1,6);
				(5|5,0,2,0) => (6|5,0,2,0);
				(5|5,0,2,1) => (3|5,0,2,1);
				(5|5,0,2,3) => (5|5,0,2,3);
				(5|5,0,3,0) => (5|5,0,3,0);
				(5|5,0,3,3) => (6|5,0,3,3);
				(5|5,0,5,0) => (5|5,0,5,0);
				(5|5,0,5,1) => (5|5,0,5,1);
				(5|5,0,5,3) => (5|5,0,5,3);
				(5|5,0,5,6) => (5|5,0,5,6);
				(5|5,0,5,7) => (5|5,0,5,7);
				(5|5,0,6,0) => (5|5,0,6,0);
				(5|5,0,6,1) => (6|5,0,6,1);
				(5|5,0,6,6) => (5|5,0,6,6);
				(5|5,0,6,7) => (5|5,0,6,7);
				(5|5,0,7,0) => (5|5,0,7,0);
				(5|5,0,7,1) => (6|5,0,7,1);
				(5|5,0,7,6) => (5|5,0,7,6);
				(5|5,0,7,7) => (5|5,0,7,7);
				(5|5,1,0,1) => (5|5,1,0,1);
				(5|5,1,0,4) => (6|5,1,0,4);
				(5|5,1,1,1) => (6|5,1,1,1);
				(5|5,1,5,0) => (5|5,1,5,0);
				(5|5,1,5,5) => (5|5,1,5,5);
				(5|5,1,5,6) => (5|5,1,5,6);
				(5|5,1,6,0) => (5|5,1,6,0);
				(5|5,1,7,0) => (7|5,1,7,0);
				(5|5,2,0,0) => (5|5,2,0,0);
				(5|5,2,0,2) => (7|5,2,0,2);
				(5|5,3,0,0) => (5|5,3,0,0);
				(5|5,3,0,3) => (6|5,3,0,3);
				(5|5,3,0,6) => (5|5,3,0,6);
				(5|5,3,3,0) => (6|5,3,3,0);
				(5|5,3,5,0) => (5|5,3,5,0);
				(5|5,4,0,1) => (6|5,4,0,1);
				(5|5,5,1,5) => (5|5,5,1,5);
				(5|5,5,5,1) => (5|5,5,5,1);
				(5|5,5,5,6) => (5|5,5,5,6);
				(5|5,5,6,1) => (5|5,5,6,1);
				(5|5,5,6,5) => (5|5,5,6,5);
				(5|5,5,6,6) => (5|5,5,6,6);
				(5|5,5,7,0) => (5|5,5,7,0);
				(5|5,6,0,0) => (5|5,6,0,0);
				(5|5,6,0,1) => (5|5,6,0,1);
				(5|5,6,0,3) => (5|5,6,0,3);
				(5|5,6,0,6) => (5|5,6,0,6);
				(5|5,6,1,5) => (5|5,6,1,5);
				(5|5,6,5,0) => (5|5,6,5,0);
				(5|5,6,5,1) => (5|5,6,5,1);
				(5|5,6,5,5) => (5|5,6,5,5);
				(5|5,6,6,0) => (6|5,6,6,0);
				(5|5,6,6,5) => (5|5,6,6,5);
				(5|5,6,6,6) => (5|5,6,6,6);
				(5|5,6,6,7) => (5|5,6,6,7);
				(5|5,6,7,0) => (5|5,6,7,0);
				(5|5,6,7,7) => (5|5,6,7,7);
				(5|5,7,0,0) => (5|5,7,0,0);
				(5|5,7,0,1) => (5|5,7,0,1);
				(5|5,7,0,2) => (5|5,7,0,2);
				(5|5,7,0,5) => (5|5,7,0,5);
				(5|5,7,5,0) => (5|5,7,5,0);
				(5|5,7,6,6) => (5|5,7,6,6);
				(5|5,7,6,7) => (5|5,7,6,7);
				(5|5,7,7,0) => (5|5,7,7,0);
				(5|5,7,7,7) => (5|5,7,7,7);
				(5|6,0,0,0) => (5|6,0,0,0);
				(5|6,0,0,1) => (6|6,0,0,1);
				(5|6,0,0,2) => (6|6,0,0,2);
				(5|6,0,0,3) => (5|6,0,0,3);
				(5|6,0,0,5) => (5|6,0,0,5);
				(5|6,0,0,6) => (6|6,0,0,6);
				(5|6,0,0,7) => (5|6,0,0,7);
				(5|6,0,1,2) => (5|6,0,1,2);
				(5|6,0,1,5) => (5|6,0,1,5);
				(5|6,0,1,6) => (5|6,0,1,6);
				(5|6,0,2,0) => (5|6,0,2,0);
				(5|6,0,3,0) => (6|6,0,3,0);
				(5|6,0,3,5) => (5|6,0,3,5);
				(5|6,0,3,6) => (5|6,0,3,6);
				(5|6,0,4,0) => (5|6,0,4,0);
				(5|6,0,4,4) => (5|6,0,4,4);
				(5|6,0,5,0) => (5|6,0,5,0);
				(5|6,0,5,1) => (5|6,0,5,1);
				(5|6,0,5,6) => (6|6,0,5,6);
				(5|6,0,6,0) => (5|6,0,6,0);
				(5|6,0,6,3) => (5|6,0,6,3);
				(5|6,0,6,5) => (5|6,0,6,5);
				(5|6,0,6,7) => (5|6,0,6,7);
				(5|6,0,7,0) => (5|6,0,7,0);
				(5|6,0,7,7) => (5|6,0,7,7);
				(5|6,1,0,0) => (6|6,1,0,0);
				(5|6,1,0,1) => (5|6,1,0,1);
				(5|6,1,3,0) => (5|6,1,3,0);
				(5|6,1,5,0) => (6|6,1,5,0);
				(5|6,1,5,5) => (5|6,1,5,5);
				(5|6,2,0,0) => (5|6,2,0,0);
				(5|6,2,0,6) => (5|6,2,0,6);
				(5|6,2,3,0) => (5|6,2,3,0);
				(5|6,3,6,0) => (5|6,3,6,0);
				(5|6,5,0,0) => (5|6,5,0,0);
				(5|6,5,0,1) => (5|6,5,0,1);
				(5|6,5,0,5) => (5|6,5,0,5);
				(5|6,5,0,6) => (5|6,5,0,6);
				(5|6,5,0,7) => (5|6,5,0,7);
				(5|6,5,1,5) => (5|6,5,1,5);
				(5|6,5,3,0) => (5|6,5,3,0);
				(5|6,5,5,5) => (5|6,5,5,5);
				(5|6,5,5,6) => (5|6,5,5,6);
				(5|6,5,6,0) => (5|6,5,6,0);
				(5|6,5,6,6) => (5|6,5,6,6);
				(5|6,5,7,6) => (5|6,5,7,6);
				(5|6,6,0,0) => (6|6,6,0,0);
				(5|6,6,0,1) => (5|6,6,0,1);
				(5|6,6,0,3) => (5|6,6,0,3);
				(5|6,6,0,5) => (6|6,6,0,5);
				(5|6,6,2,0) => (5|6,6,2,0);
				(5|6,6,5,0) => (5|6,6,5,0);
				(5|6,6,5,5) => (5|6,6,5,5);
				(5|6,6,5,6) => (5|6,6,5,6);
				(5|6,6,5,7) => (5|6,6,5,7);
				(5|6,6,6,5) => (5|6,6,6,5);
				(5|6,6,7,5) => (5|6,6,7,5);
				(5|6,7,0,0) => (5|6,7,0,0);
				(5|6,7,0,1) => (5|6,7,0,1);
				(5|6,7,0,3) => (5|6,7,0,3);
				(5|6,7,0,5) => (5|6,7,0,5);
				(5|6,7,0,7) => (5|6,7,0,7);
				(5|6,7,1,0) => (5|6,7,1,0);
				(5|6,7,1,7) => (5|6,7,1,7);
				(5|6,7,5,0) => (5|6,7,5,0);
				(5|6,7,5,6) => (5|6,7,5,6);
				(5|6,7,5,7) => (5|6,7,5,7);
				(5|6,7,6,0) => (5|6,7,6,0);
				(5|6,7,7,0) => (5|6,7,7,0);
				(5|6,7,7,5) => (5|6,7,7,5);
				(5|7,0,0,1) => (5|7,0,0,1);
				(5|7,0,0,2) => (5|7,0,0,2);
				(5|7,0,0,3) => (5|7,0,0,3);
				(5|7,0,0,5) => (5|7,0,0,5);
				(5|7,0,0,6) => (5|7,0,0,6);
				(5|7,0,0,7) => (7|7,0,0,7);
				(5|7,0,1,0) => (5|7,0,1,0);
				(5|7,0,1,4) => (5|7,0,1,4);
				(5|7,0,1,5) => (5|7,0,1,5);
				(5|7,0,1,6) => (5|7,0,1,6);
				(5|7,0,2,0) => (5|7,0,2,0);
				(5|7,0,2,3) => (5|7,0,2,3);
				(5|7,0,2,5) => (5|7,0,2,5);
				(5|7,0,3,0) => (5|7,0,3,0);
				(5|7,0,3,6) => (5|7,0,3,6);
				(5|7,0,4,0) => (5|7,0,4,0);
				(5|7,0,5,0) => (5|7,0,5,0);
				(5|7,0,5,1) => (7|7,0,5,1);
				(5|7,0,5,5) => (5|7,0,5,5);
				(5|7,0,5,6) => (5|7,0,5,6);
				(5|7,0,5,7) => (5|7,0,5,7);
				(5|7,0,6,0) => (5|7,0,6,0);
				(5|7,0,6,7) => (5|7,0,6,7);
				(5|7,0,7,0) => (5|7,0,7,0);
				(5|7,0,7,6) => (5|7,0,7,6);
				(5|7,0,7,7) => (0|7,0,7,7);
				(5|7,1,0,6) => (5|7,1,0,6);
				(5|7,1,0,7) => (5|7,1,0,7);
				(5|7,1,1,1) => (5|7,1,1,1);
				(5|7,1,5,0) => (6|7,1,5,0);
				(5|7,1,7,6) => (5|7,1,7,6);
				(5|7,1,7,7) => (5|7,1,7,7);
				(5|7,2,0,0) => (5|7,2,0,0);
				(5|7,2,0,7) => (5|7,2,0,7);
				(5|7,3,0,0) => (5|7,3,0,0);
				(5|7,4,0,1) => (5|7,4,0,1);
				(5|7,4,0,7) => (5|7,4,0,7);
				(5|7,5,0,0) => (5|7,5,0,0);
				(5|7,5,0,5) => (5|7,5,0,5);
				(5|7,5,0,6) => (5|7,5,0,6);
				(5|7,5,0,7) => (5|7,5,0,7);
				(5|7,5,6,6) => (5|7,5,6,6);
				(5|7,5,6,7) => (5|7,5,6,7);
				(5|7,5,7,6) => (5|7,5,7,6);
				(5|7,5,7,7) => (5|7,5,7,7);
				(5|7,6,0,0) => (5|7,6,0,0);
				(5|7,6,0,6) => (5|7,6,0,6);
				(5|7,6,0,7) => (5|7,6,0,7);
				(5|7,6,5,0) => (5|7,6,5,0);
				(5|7,6,6,5) => (5|7,6,6,5);
				(5|7,6,7,0) => (5|7,6,7,0);
				(5|7,6,7,1) => (5|7,6,7,1);
				(5|7,6,7,5) => (5|7,6,7,5);
				(5|7,7,0,0) => (7|7,7,0,0);
				(5|7,7,0,5) => (5|7,7,0,5);
				(5|7,7,0,6) => (5|7,7,0,6);
				(5|7,7,0,7) => (0|7,7,0,7);
				(5|7,7,1,0) => (5|7,7,1,0);
				(5|7,7,1,7) => (5|7,7,1,7);
				(5|7,7,2,0) => (5|7,7,2,0);
				(5|7,7,4,0) => (5|7,7,4,0);
				(5|7,7,5,0) => (5|7,7,5,0);
				(5|7,7,5,6) => (5|7,7,5,6);
				(5|7,7,5,7) => (5|7,7,5,7);
				(5|7,7,6,0) => (5|7,7,6,0);
				(5|7,7,7,0) => (0|7,7,7,0);
				(5|7,7,7,1) => (5|7,7,7,1);
				(5|7,7,7,5) => (5|7,7,7,5);
				(6|0,0,0,0) => (6|0,0,0,0);
				(6|0,0,0,4) => (6|0,0,0,4);
				(6|0,0,0,7) => (7|0,0,0,7);
				(6|0,0,1,1) => (6|0,0,1,1);
				(6|0,0,1,3) => (6|0,0,1,3);
				(6|0,0,1,7) => (6|0,0,1,7);
				(6|0,0,2,1) => (7|0,0,2,1);
				(6|0,0,2,2) => (6|0,0,2,2);
				(6|0,0,2,3) => (6|0,0,2,3);
				(6|0,0,2,5) => (6|0,0,2,5);
				(6|0,0,2,7) => (6|0,0,2,7);
				(6|0,0,3,1) => (6|0,0,3,1);
				(6|0,0,3,2) => (6|0,0,3,2);
				(6|0,0,3,3) => (6|0,0,3,3);
				(6|0,0,3,4) => (6|0,0,3,4);
				(6|0,0,3,5) => (7|0,0,3,5);
				(6|0,0,3,7) => (6|0,0,3,7);
				(6|0,0,4,0) => (6|0,0,4,0);
				(6|0,0,4,1) => (6|0,0,4,1);
				(6|0,0,4,2) => (6|0,0,4,2);
				(6|0,0,4,5) => (6|0,0,4,5);
				(6|0,0,5,3) => (6|0,0,5,3);
				(6|0,0,5,4) => (6|0,0,5,4);
				(6|0,0,5,5) => (6|0,0,5,5);
				(6|0,0,5,6) => (6|0,0,5,6);
				(6|0,0,5,7) => (6|0,0,5,7);
				(6|0,0,6,3) => (6|0,0,6,3);
				(6|0,0,6,5) => (6|0,0,6,5);
				(6|0,0,6,7) => (6|0,0,6,7);
				(6|0,0,7,0) => (7|0,0,7,0);
				(6|0,0,7,2) => (6|0,0,7,2);
				(6|0,0,7,3) => (6|0,0,7,3);
				(6|0,0,7,5) => (6|0,0,7,5);
				(6|0,0,7,6) => (6|0,0,7,6);
				(6|0,1,0,1) => (6|0,1,0,1);
				(6|0,1,0,2) => (6|0,1,0,2);
				(6|0,1,0,3) => (6|0,1,0,3);
				(6|0,1,0,6) => (6|0,1,0,6);
				(6|0,1,0,7) => (6|0,1,0,7);
				(6|0,1,1,0) => (6|0,1,1,0);
				(6|0,1,1,2) => (6|0,1,1,2);
				(6|0,1,3,0) => (6|0,1,3,0);
				(6|0,1,5,1) => (7|0,1,5,1);
				(6|0,1,5,6) => (6|0,1,5,6);
				(6|0,1,6,6) => (6|0,1,6,6);
				(6|0,1,7,0) => (6|0,1,7,0);
				(6|0,1,7,4) => (6|0,1,7,4);
				(6|0,1,7,7) => (6|0,1,7,7);
				(6|0,2,0,1) => (6|0,2,0,1);
				(6|0,2,0,2) => (6|0,2,0,2);
				(6|0,2,0,3) => (6|0,2,0,3);
				(6|0,2,0,4) => (6|0,2,0,4);
				(6|0,2,0,5) => (7|0,2,0,5);
				(6|0,2,0,7) => (6|0,2,0,7);
				(6|0,2,1,0) => (7|0,2,1,0);
				(6|0,2,2,0) => (6|0,2,2,0);
				(6|0,2,3,0) => (6|0,2,3,0);
				(6|0,2,3,1) => (6|0,2,3,1);
				(6|0,2,3,2) => (6|0,2,3,2);
				(6|0,2,3,5) => (7|0,2,3,5);
				(6|0,2,3,7) => (6|0,2,3,7);
				(6|0,2,5,0) => (6|0,2,5,0);
				(6|0,2,5,2) => (6|0,2,5,2);
				(6|0,2,6,6) => (6|0,2,6,6);
				(6|0,2,7,0) => (6|0,2,7,0);
				(6|0,3,0,1) => (6|0,3,0,1);
				(6|0,3,0,2) => (6|0,3,0,2);
				(6|0,3,0,3) => (6|0,3,0,3);
				(6|0,3,0,5) => (6|0,3,0,5);
				(6|0,3,0,7) => (6|0,3,0,7);
				(6|0,3,1,0) => (6|0,3,1,0);
				(6|0,3,1,5) => (0|0,3,1,5);
				(6|0,3,2,0) => (6|0,3,2,0);
				(6|0,3,3,0) => (6|0,3,3,0);
				(6|0,3,3,5) => (7|0,3,3,5);
				(6|0,3,3,7) => (6|0,3,3,7);
				(6|0,3,4,0) => (6|0,3,4,0);
				(6|0,3,4,7) => (6|0,3,4,7);
				(6|0,3,5,0) => (7|0,3,5,0);
				(6|0,3,5,3) => (7|0,3,5,3);
				(6|0,3,5,6) => (6|0,3,5,6);
				(6|0,3,6,6) => (6|0,3,6,6);
				(6|0,3,6,7) => (6|0,3,6,7);
				(6|0,3,7,0) => (6|0,3,7,0);
				(6|0,4,0,0) => (6|0,4,0,0);
				(6|0,4,0,2) => (6|0,4,0,2);
				(6|0,4,0,7) => (6|0,4,0,7);
				(6|0,4,1,0) => (6|0,4,1,0);
				(6|0,4,1,5) => (6|0,4,1,5);
				(6|0,4,2,0) => (6|0,4,2,0);
				(6|0,4,4,6) => (6|0,4,4,6);
				(6|0,4,5,0) => (6|0,4,5,0);
				(6|0,5,0,2) => (7|0,5,0,2);
				(6|0,5,0,3) => (6|0,5,0,3);
				(6|0,5,0,5) => (6|0,5,0,5);
				(6|0,5,0,6) => (6|0,5,0,6);
				(6|0,5,0,7) => (6|0,5,0,7);
				(6|0,5,1,4) => (6|0,5,1,4);
				(6|0,5,1,5) => (6|0,5,1,5);
				(6|0,5,1,6) => (0|0,5,1,6);
				(6|0,5,1,7) => (6|0,5,1,7);
				(6|0,5,2,2) => (7|0,5,2,2);
				(6|0,5,3,0) => (6|0,5,3,0);
				(6|0,5,3,3) => (7|0,5,3,3);
				(6|0,5,3,5) => (6|0,5,3,5);
				(6|0,5,4,0) => (6|0,5,4,0);
				(6|0,5,4,5) => (6|0,5,4,5);
				(6|0,5,4,6) => (7|0,5,4,6);
				(6|0,5,4,7) => (6|0,5,4,7);
				(6|0,5,5,0) => (6|0,5,5,0);
				(6|0,5,5,5) => (6|0,5,5,5);
				(6|0,5,5,6) => (6|0,5,5,6);
				(6|0,5,5,7) => (6|0,5,5,7);
				(6|0,5,6,0) => (6|0,5,6,0);
				(6|0,5,6,1) => (6|0,5,6,1);
				(6|0,5,6,5) => (6|0,5,6,5);
				(6|0,5,6,6) => (7|0,5,6,6);
				(6|0,5,6,7) => (6|0,5,6,7);
				(6|0,5,7,0) => (6|0,5,7,0);
				(6|0,5,7,7) => (7|0,5,7,7);
				(6|0,6,0,1) => (6|0,6,0,1);
				(6|0,6,0,5) => (6|0,6,0,5);
				(6|0,6,0,6) => (6|0,6,0,6);
				(6|0,6,0,7) => (6|0,6,0,7);
				(6|0,6,1,5) => (7|0,6,1,5);
				(6|0,6,3,0) => (6|0,6,3,0);
				(6|0,6,5,0) => (6|0,6,5,0);
				(6|0,6,5,1) => (6|0,6,5,1);
				(6|0,6,6,2) => (6|0,6,6,2);
				(6|0,6,6,5) => (6|0,6,6,5);
				(6|0,6,7,0) => (6|0,6,7,0);
				(6|0,6,7,2) => (6|0,6,7,2);
				(6|0,6,7,6) => (6|0,6,7,6);
				(6|0,7,0,0) => (7|0,7,0,0);
				(6|0,7,0,1) => (6|0,7,0,1);
				(6|0,7,0,2) => (6|0,7,0,2);
				(6|0,7,0,3) => (6|0,7,0,3);
				(6|0,7,0,4) => (6|0,7,0,4);
				(6|0,7,0,5) => (6|0,7,0,5);
				(6|0,7,0,6) => (6|0,7,0,6);
				(6|0,7,0,7) => (6|0,7,0,7);
				(6|0,7,1,5) => (7|0,7,1,5);
				(6|0,7,2,0) => (6|0,7,2,0);
				(6|0,7,3,0) => (6|0,7,3,0);
				(6|0,7,4,5) => (6|0,7,4,5);
				(6|0,7,5,0) => (6|0,7,5,0);
				(6|0,7,6,0) => (6|0,7,6,0);
				(6|0,7,6,1) => (6|0,7,6,1);
				(6|0,7,6,5) => (6|0,7,6,5);
				(6|0,7,6,6) => (6|0,7,6,6);
				(6|0,7,7,1) => (6|0,7,7,1);
				(6|0,7,7,5) => (6|0,7,7,5);
				(6|0,7,7,6) => (6|0,7,7,6);
				(6|1,0,0,1) => (6|1,0,0,1);
				(6|1,0,0,2) => (7|1,0,0,2);
				(6|1,0,0,3) => (6|1,0,0,3);
				(6|1,0,0,4) => (6|1,0,0,4);
				(6|1,0,1,0) => (6|1,0,1,0);
				(6|1,0,1,5) => (7|1,0,1,5);
				(6|1,0,2,0) => (6|1,0,2,0);
				(6|1,0,2,3) => (6|1,0,2,3);
				(6|1,0,3,0) => (6|1,0,3,0);
				(6|1,0,5,6) => (6|1,0,5,6);
				(6|1,0,6,0) => (6|1,0,6,0);
				(6|1,0,6,5) => (6|1,0,6,5);
				(6|1,0,7,0) => (6|1,0,7,0);
				(6|1,0,7,6) => (6|1,0,7,6);
				(6|1,0,7,7) => (6|1,0,7,7);
				(6|1,1,0,0) => (6|1,1,0,0);
				(6|1,1,1,5) => (7|1,1,1,5);
				(6|1,1,2,0) => (6|1,1,2,0);
				(6|1,1,5,1) => (7|1,1,5,1);
				(6|1,1,7,5) => (6|1,1,7,5);
				(6|1,2,0,1) => (6|1,2,0,1);
				(6|1,3,0,0) => (6|1,3,0,0);
				(6|1,4,0,5) => (6|1,4,0,5);
				(6|1,5,0,3) => (0|1,5,0,3);
				(6|1,5,0,4) => (6|1,5,0,4);
				(6|1,5,0,5) => (6|1,5,0,5);
				(6|1,5,0,6) => (7|1,5,0,6);
				(6|1,5,0,7) => (7|1,5,0,7);
				(6|1,5,1,0) => (7|1,5,1,0);
				(6|1,5,1,1) => (7|1,5,1,1);
				(6|1,5,6,0) => (6|1,5,6,0);
				(6|1,6,0,5) => (0|1,6,0,5);
				(6|1,6,6,0) => (6|1,6,6,0);
				(6|1,7,0,0) => (6|1,7,0,0);
				(6|1,7,0,5) => (6|1,7,0,5);
				(6|1,7,4,0) => (6|1,7,4,0);
				(6|1,7,5,1) => (6|1,7,5,1);
				(6|1,7,5,6) => (6|1,7,5,6);
				(6|1,7,6,7) => (6|1,7,6,7);
				(6|1,7,7,0) => (6|1,7,7,0);
				(6|1,7,7,6) => (6|1,7,7,6);
				(6|2,0,0,2) => (6|2,0,0,2);
				(6|2,0,0,3) => (6|2,0,0,3);
				(6|2,0,0,4) => (6|2,0,0,4);
				(6|2,0,0,7) => (6|2,0,0,7);
				(6|2,0,1,0) => (6|2,0,1,0);
				(6|2,0,1,1) => (6|2,0,1,1);
				(6|2,0,2,0) => (6|2,0,2,0);
				(6|2,0,2,3) => (6|2,0,2,3);
				(6|2,0,2,5) => (6|2,0,2,5);
				(6|2,0,3,0) => (6|2,0,3,0);
				(6|2,0,4,0) => (6|2,0,4,0);
				(6|2,0,5,0) => (7|2,0,5,0);
				(6|2,0,5,2) => (7|2,0,5,2);
				(6|2,0,6,6) => (6|2,0,6,6);
				(6|2,0,6,7) => (6|2,0,6,7);
				(6|2,0,7,0) => (6|2,0,7,0);
				(6|2,1,0,0) => (7|2,1,0,0);
				(6|2,2,0,0) => (6|2,2,0,0);
				(6|2,2,0,5) => (7|2,2,0,5);
				(6|2,3,0,0) => (6|2,3,0,0);
				(6|2,3,1,0) => (6|2,3,1,0);
				(6|2,3,2,0) => (6|2,3,2,0);
				(6|2,3,5,0) => (7|2,3,5,0);
				(6|2,3,7,0) => (6|2,3,7,0);
				(6|2,5,0,0) => (6|2,5,0,0);
				(6|2,5,2,0) => (6|2,5,2,0);
				(6|2,6,6,0) => (6|2,6,6,0);
				(6|2,7,0,0) => (6|2,7,0,0);
				(6|2,7,6,6) => (6|2,7,6,6);
				(6|2,7,7,7) => (6|2,7,7,7);
				(6|3,0,0,1) => (6|3,0,0,1);
				(6|3,0,0,2) => (6|3,0,0,2);
				(6|3,0,0,3) => (6|3,0,0,3);
				(6|3,0,0,5) => (6|3,0,0,5);
				(6|3,0,0,6) => (6|3,0,0,6);
				(6|3,0,0,7) => (6|3,0,0,7);
				(6|3,0,1,0) => (6|3,0,1,0);
				(6|3,0,2,0) => (6|3,0,2,0);
				(6|3,0,3,0) => (6|3,0,3,0);
				(6|3,0,3,5) => (7|3,0,3,5);
				(6|3,0,5,0) => (6|3,0,5,0);
				(6|3,0,5,3) => (7|3,0,5,3);
				(6|3,0,7,0) => (6|3,0,7,0);
				(6|3,1,0,0) => (6|3,1,0,0);
				(6|3,1,0,2) => (6|3,1,0,2);
				(6|3,1,5,0) => (0|3,1,5,0);
				(6|3,2,0,0) => (6|3,2,0,0);
				(6|3,2,0,2) => (6|3,2,0,2);
				(6|3,3,0,0) => (6|3,3,0,0);
				(6|3,3,0,5) => (7|3,3,0,5);
				(6|3,3,5,0) => (7|3,3,5,0);
				(6|3,3,7,0) => (6|3,3,7,0);
				(6|3,4,0,0) => (6|3,4,0,0);
				(6|3,4,7,0) => (6|3,4,7,0);
				(6|3,5,0,0) => (7|3,5,0,0);
				(6|3,5,0,2) => (7|3,5,0,2);
				(6|3,5,0,3) => (7|3,5,0,3);
				(6|3,5,0,5) => (6|3,5,0,5);
				(6|3,5,3,0) => (7|3,5,3,0);
				(6|3,5,6,0) => (6|3,5,6,0);
				(6|3,6,6,0) => (6|3,6,6,0);
				(6|3,6,7,0) => (6|3,6,7,0);
				(6|3,7,0,0) => (6|3,7,0,0);
				(6|3,7,0,2) => (6|3,7,0,2);
				(6|3,7,0,3) => (6|3,7,0,3);
				(6|4,0,0,0) => (6|4,0,0,0);
				(6|4,0,0,3) => (6|4,0,0,3);
				(6|4,0,0,5) => (6|4,0,0,5);
				(6|4,0,1,7) => (6|4,0,1,7);
				(6|4,0,2,0) => (6|4,0,2,0);
				(6|4,0,5,1) => (6|4,0,5,1);
				(6|4,0,7,0) => (6|4,0,7,0);
				(6|4,1,0,0) => (6|4,1,0,0);
				(6|4,1,5,0) => (6|4,1,5,0);
				(6|4,2,0,0) => (6|4,2,0,0);
				(6|4,4,6,0) => (6|4,4,6,0);
				(6|4,5,0,0) => (6|4,5,0,0);
				(6|4,5,0,5) => (6|4,5,0,5);
				(6|4,5,0,7) => (6|4,5,0,7);
				(6|4,6,0,4) => (6|4,6,0,4);
				(6|4,6,0,5) => (7|4,6,0,5);
				(6|4,7,0,3) => (6|4,7,0,3);
				(6|4,7,0,5) => (6|4,7,0,5);
				(6|5,0,0,2) => (6|5,0,0,2);
				(6|5,0,0,3) => (7|5,0,0,3);
				(6|5,0,0,4) => (6|5,0,0,4);
				(6|5,0,0,5) => (6|5,0,0,5);
				(6|5,0,0,6) => (6|5,0,0,6);
				(6|5,0,0,7) => (6|5,0,0,7);
				(6|5,0,2,0) => (7|5,0,2,0);
				(6|5,0,2,3) => (7|5,0,2,3);
				(6|5,0,3,0) => (6|5,0,3,0);
				(6|5,0,3,1) => (0|5,0,3,1);
				(6|5,0,3,3) => (7|5,0,3,3);
				(6|5,0,4,1) => (6|5,0,4,1);
				(6|5,0,5,0) => (6|5,0,5,0);
				(6|5,0,5,1) => (6|5,0,5,1);
				(6|5,0,5,3) => (6|5,0,5,3);
				(6|5,0,5,4) => (6|5,0,5,4);
				(6|5,0,5,5) => (6|5,0,5,5);
				(6|5,0,5,6) => (6|5,0,5,6);
				(6|5,0,6,0) => (6|5,0,6,0);
				(6|5,0,6,1) => (7|5,0,6,1);
				(6|5,0,6,6) => (6|5,0,6,6);
				(6|5,0,7,0) => (6|5,0,7,0);
				(6|5,0,7,1) => (7|5,0,7,1);
				(6|5,0,7,4) => (6|5,0,7,4);
				(6|5,0,7,6) => (6|5,0,7,6);
				(6|5,0,7,7) => (6|5,0,7,7);
				(6|5,1,0,1) => (7|5,1,0,1);
				(6|5,1,0,6) => (6|5,1,0,6);
				(6|5,1,1,1) => (7|5,1,1,1);
				(6|5,1,1,7) => (6|5,1,1,7);
				(6|5,1,4,0) => (6|5,1,4,0);
				(6|5,1,5,0) => (6|5,1,5,0);
				(6|5,1,6,0) => (0|5,1,6,0);
				(6|5,1,7,0) => (6|5,1,7,0);
				(6|5,2,0,2) => (6|5,2,0,2);
				(6|5,2,2,0) => (7|5,2,2,0);
				(6|5,3,0,0) => (6|5,3,0,0);
				(6|5,3,0,3) => (7|5,3,0,3);
				(6|5,3,3,0) => (7|5,3,3,0);
				(6|5,3,5,0) => (6|5,3,5,0);
				(6|5,4,0,0) => (6|5,4,0,0);
				(6|5,4,5,0) => (6|5,4,5,0);
				(6|5,4,6,0) => (7|5,4,6,0);
				(6|5,4,7,0) => (6|5,4,7,0);
				(6|5,5,0,0) => (6|5,5,0,0);
				(6|5,5,0,5) => (6|5,5,0,5);
				(6|5,5,5,0) => (6|5,5,5,0);
				(6|5,5,6,0) => (6|5,5,6,0);
				(6|5,5,7,0) => (6|5,5,7,0);
				(6|5,6,0,0) => (6|5,6,0,0);
				(6|5,6,0,1) => (6|5,6,0,1);
				(6|5,6,0,3) => (6|5,6,0,3);
				(6|5,6,0,5) => (6|5,6,0,5);
				(6|5,6,1,0) => (6|5,6,1,0);
				(6|5,6,1,7) => (6|5,6,1,7);
				(6|5,6,5,0) => (6|5,6,5,0);
				(6|5,6,5,7) => (6|5,6,5,7);
				(6|5,6,6,0) => (7|5,6,6,0);
				(6|5,6,6,6) => (6|5,6,6,6);
				(6|5,6,7,0) => (6|5,6,7,0);
				(6|5,7,0,0) => (6|5,7,0,0);
				(6|5,7,0,5) => (6|5,7,0,5);
				(6|5,7,5,6) => (6|5,7,5,6);
				(6|5,7,6,6) => (6|5,7,6,6);
				(6|5,7,7,0) => (7|5,7,7,0);
				(6|5,7,7,6) => (6|5,7,7,6);
				(6|6,0,0,5) => (6|6,0,0,5);
				(6|6,0,0,7) => (6|6,0,0,7);
				(6|6,0,1,0) => (6|6,0,1,0);
				(6|6,0,1,5) => (6|6,0,1,5);
				(6|6,0,1,6) => (6|6,0,1,6);
				(6|6,0,2,6) => (6|6,0,2,6);
				(6|6,0,3,5) => (6|6,0,3,5);
				(6|6,0,3,6) => (6|6,0,3,6);
				(6|6,0,4,4) => (6|6,0,4,4);
				(6|6,0,5,0) => (6|6,0,5,0);
				(6|6,0,5,1) => (0|6,0,5,1);
				(6|6,0,5,4) => (7|6,0,5,4);
				(6|6,0,5,5) => (6|6,0,5,5);
				(6|6,0,5,6) => (7|6,0,5,6);
				(6|6,0,6,0) => (6|6,0,6,0);
				(6|6,0,6,7) => (6|6,0,6,7);
				(6|6,0,7,0) => (6|6,0,7,0);
				(6|6,0,7,6) => (6|6,0,7,6);
				(6|6,0,7,7) => (6|6,0,7,7);
				(6|6,1,0,5) => (6|6,1,0,5);
				(6|6,1,0,7) => (6|6,1,0,7);
				(6|6,1,5,0) => (7|6,1,5,0);
				(6|6,1,7,5) => (6|6,1,7,5);
				(6|6,1,7,7) => (6|6,1,7,7);
				(6|6,2,0,6) => (6|6,2,0,6);
				(6|6,2,7,6) => (6|6,2,7,6);
				(6|6,3,0,0) => (6|6,3,0,0);
				(6|6,5,0,0) => (6|6,5,0,0);
				(6|6,5,0,5) => (6|6,5,0,5);
				(6|6,5,0,6) => (6|6,5,0,6);
				(6|6,5,0,7) => (6|6,5,0,7);
				(6|6,5,1,0) => (6|6,5,1,0);
				(6|6,5,6,6) => (6|6,5,6,6);
				(6|6,5,7,5) => (6|6,5,7,5);
				(6|6,5,7,6) => (6|6,5,7,6);
				(6|6,5,7,7) => (6|6,5,7,7);
				(6|6,6,0,1) => (6|6,6,0,1);
				(6|6,6,0,2) => (6|6,6,0,2);
				(6|6,6,0,3) => (6|6,6,0,3);
				(6|6,6,0,5) => (7|6,6,0,5);
				(6|6,6,0,7) => (6|6,6,0,7);
				(6|6,6,2,0) => (6|6,6,2,0);
				(6|6,6,2,7) => (6|6,6,2,7);
				(6|6,6,5,0) => (6|6,6,5,0);
				(6|6,6,5,6) => (6|6,6,5,6);
				(6|6,6,5,7) => (6|6,6,5,7);
				(6|6,6,6,5) => (6|6,6,6,5);
				(6|6,7,0,0) => (6|6,7,0,0);
				(6|6,7,0,3) => (6|6,7,0,3);
				(6|6,7,0,5) => (6|6,7,0,5);
				(6|6,7,1,7) => (6|6,7,1,7);
				(6|6,7,2,0) => (6|6,7,2,0);
				(6|6,7,6,0) => (6|6,7,6,0);
				(6|7,0,0,0) => (7|7,0,0,0);
				(6|7,0,0,1) => (6|7,0,0,1);
				(6|7,0,0,2) => (6|7,0,0,2);
				(6|7,0,0,3) => (6|7,0,0,3);
				(6|7,0,0,5) => (6|7,0,0,5);
				(6|7,0,0,6) => (6|7,0,0,6);
				(6|7,0,1,0) => (6|7,0,1,0);
				(6|7,0,1,7) => (6|7,0,1,7);
				(6|7,0,2,0) => (6|7,0,2,0);
				(6|7,0,2,3) => (6|7,0,2,3);
				(6|7,0,3,0) => (6|7,0,3,0);
				(6|7,0,3,3) => (6|7,0,3,3);
				(6|7,0,3,4) => (6|7,0,3,4);
				(6|7,0,3,6) => (6|7,0,3,6);
				(6|7,0,4,0) => (6|7,0,4,0);
				(6|7,0,5,0) => (6|7,0,5,0);
				(6|7,0,5,1) => (6|7,0,5,1);
				(6|7,0,5,4) => (6|7,0,5,4);
				(6|7,0,5,5) => (6|7,0,5,5);
				(6|7,0,5,6) => (6|7,0,5,6);
				(6|7,0,5,7) => (7|7,0,5,7);
				(6|7,0,6,0) => (6|7,0,6,0);
				(6|7,0,7,0) => (6|7,0,7,0);
				(6|7,1,0,7) => (6|7,1,0,7);
				(6|7,1,5,0) => (7|7,1,5,0);
				(6|7,1,7,6) => (6|7,1,7,6);
				(6|7,2,0,0) => (6|7,2,0,0);
				(6|7,2,0,6) => (6|7,2,0,6);
				(6|7,2,7,7) => (6|7,2,7,7);
				(6|7,3,0,0) => (6|7,3,0,0);
				(6|7,4,0,1) => (6|7,4,0,1);
				(6|7,4,5,0) => (6|7,4,5,0);
				(6|7,5,0,0) => (6|7,5,0,0);
				(6|7,5,0,7) => (6|7,5,0,7);
				(6|7,5,1,1) => (6|7,5,1,1);
				(6|7,5,6,1) => (6|7,5,6,1);
				(6|7,5,6,5) => (6|7,5,6,5);
				(6|7,6,0,0) => (6|7,6,0,0);
				(6|7,6,0,6) => (6|7,6,0,6);
				(6|7,6,0,7) => (6|7,6,0,7);
				(6|7,6,1,0) => (6|7,6,1,0);
				(6|7,6,1,7) => (6|7,6,1,7);
				(6|7,6,5,0) => (6|7,6,5,0);
				(6|7,6,5,7) => (6|7,6,5,7);
				(6|7,6,6,0) => (6|7,6,6,0);
				(6|7,6,6,2) => (6|7,6,6,2);
				(6|7,6,6,5) => (6|7,6,6,5);
				(6|7,6,7,1) => (6|7,6,7,1);
				(6|7,7,0,1) => (6|7,7,0,1);
				(6|7,7,0,5) => (7|7,7,0,5);
				(6|7,7,1,0) => (6|7,7,1,0);
				(6|7,7,2,7) => (6|7,7,2,7);
				(6|7,7,5,0) => (6|7,7,5,0);
				(6|7,7,6,0) => (6|7,7,6,0);
				(6|7,7,6,1) => (6|7,7,6,1);
				(6|7,7,6,5) => (6|7,7,6,5);
				(6|7,7,7,2) => (6|7,7,7,2);
				(6|7,7,7,7) => (6|7,7,7,7);
				(7|0,0,0,0) => (7|0,0,0,0);
				(7|0,0,0,3) => (0|0,0,0,3);
				(7|0,0,0,4) => (7|0,0,0,4);
				(7|0,0,0,6) => (7|0,0,0,6);
				(7|0,0,0,7) => (0|0,0,0,7);
				(7|0,0,1,1) => (7|0,0,1,1);
				(7|0,0,1,2) => (0|0,0,1,2);
				(7|0,0,1,3) => (7|0,0,1,3);
				(7|0,0,1,5) => (7|0,0,1,5);
				(7|0,0,1,6) => (1|0,0,1,6);
				(7|0,0,1,7) => (7|0,0,1,7);
				(7|0,0,2,1) => (0|0,0,2,1);
				(7|0,0,2,2) => (7|0,0,2,2);
				(7|0,0,2,3) => (7|0,0,2,3);
				(7|0,0,2,5) => (7|0,0,2,5);
				(7|0,0,2,6) => (0|0,0,2,6);
				(7|0,0,2,7) => (7|0,0,2,7);
				(7|0,0,3,0) => (0|0,0,3,0);
				(7|0,0,3,2) => (7|0,0,3,2);
				(7|0,0,3,5) => (0|0,0,3,5);
				(7|0,0,3,6) => (1|0,0,3,6);
				(7|0,0,3,7) => (7|0,0,3,7);
				(7|0,0,4,0) => (7|0,0,4,0);
				(7|0,0,4,1) => (7|0,0,4,1);
				(7|0,0,4,3) => (7|0,0,4,3);
				(7|0,0,5,1) => (7|0,0,5,1);
				(7|0,0,5,2) => (7|0,0,5,2);
				(7|0,0,5,3) => (7|0,0,5,3);
				(7|0,0,5,4) => (7|0,0,5,4);
				(7|0,0,5,6) => (7|0,0,5,6);
				(7|0,0,6,0) => (7|0,0,6,0);
				(7|0,0,6,1) => (0|0,0,6,1);
				(7|0,0,6,2) => (0|0,0,6,2);
				(7|0,0,6,3) => (0|0,0,6,3);
				(7|0,0,6,5) => (7|0,0,6,5);
				(7|0,0,6,6) => (7|0,0,6,6);
				(7|0,0,6,7) => (7|0,0,6,7);
				(7|0,0,7,0) => (0|0,0,7,0);
				(7|0,0,7,1) => (7|0,0,7,1);
				(7|0,0,7,3) => (7|0,0,7,3);
				(7|0,0,7,4) => (7|0,0,7,4);
				(7|0,0,7,6) => (7|0,0,7,6);
				(7|0,0,7,7) => (0|0,0,7,7);
				(7|0,1,0,1) => (7|0,1,0,1);
				(7|0,1,0,2) => (7|0,1,0,2);
				(7|0,1,0,3) => (7|0,1,0,3);
				(7|0,1,0,4) => (7|0,1,0,4);
				(7|0,1,0,6) => (1|0,1,0,6);
				(7|0,1,0,7) => (7|0,1,0,7);
				(7|0,1,1,0) => (7|0,1,1,0);
				(7|0,1,1,6) => (0|0,1,1,6);
				(7|0,1,2,0) => (0|0,1,2,0);
				(7|0,1,2,6) => (7|0,1,2,6);
				(7|0,1,3,0) => (7|0,1,3,0);
				(7|0,1,3,5) => (7|0,1,3,5);
				(7|0,1,4,5) => (7|0,1,4,5);
				(7|0,1,5,0) => (7|0,1,5,0);
				(7|0,1,5,1) => (0|0,1,5,1);
				(7|0,1,5,6) => (7|0,1,5,6);
				(7|0,1,5,7) => (7|0,1,5,7);
				(7|0,1,6,0) => (1|0,1,6,0);
				(7|0,1,6,1) => (7|0,1,6,1);
				(7|0,1,6,2) => (7|0,1,6,2);
				(7|0,1,6,5) => (7|0,1,6,5);
				(7|0,1,6,6) => (7|0,1,6,6);
				(7|0,1,7,0) => (7|0,1,7,0);
				(7|0,1,7,5) => (7|0,1,7,5);
				(7|0,2,0,1) => (7|0,2,0,1);
				(7|0,2,0,2) => (7|0,2,0,2);
				(7|0,2,0,3) => (7|0,2,0,3);
				(7|0,2,0,4) => (7|0,2,0,4);
				(7|0,2,0,5) => (0|0,2,0,5);
				(7|0,2,0,6) => (0|0,2,0,6);
				(7|0,2,0,7) => (7|0,2,0,7);
				(7|0,2,1,0) => (0|0,2,1,0);
				(7|0,2,1,5) => (0|0,2,1,5);
				(7|0,2,2,0) => (7|0,2,2,0);
				(7|0,2,2,7) => (7|0,2,2,7);
				(7|0,2,3,0) => (7|0,2,3,0);
				(7|0,2,3,5) => (0|0,2,3,5);
				(7|0,2,3,7) => (7|0,2,3,7);
				(7|0,2,5,0) => (7|0,2,5,0);
				(7|0,2,5,6) => (7|0,2,5,6);
				(7|0,2,5,7) => (7|0,2,5,7);
				(7|0,2,6,0) => (0|0,2,6,0);
				(7|0,2,6,4) => (7|0,2,6,4);
				(7|0,2,6,5) => (7|0,2,6,5);
				(7|0,2,6,6) => (7|0,2,6,6);
				(7|0,2,7,0) => (7|0,2,7,0);
				(7|0,2,7,5) => (7|0,2,7,5);
				(7|0,3,0,0) => (0|0,3,0,0);
				(7|0,3,0,1) => (7|0,3,0,1);
				(7|0,3,0,2) => (7|0,3,0,2);
				(7|0,3,0,3) => (7|0,3,0,3);
				(7|0,3,0,5) => (7|0,3,0,5);
				(7|0,3,0,6) => (0|0,3,0,6);
				(7|0,3,0,7) => (7|0,3,0,7);
				(7|0,3,2,0) => (7|0,3,2,0);
				(7|0,3,5,0) => (0|0,3,5,0);
				(7|0,3,5,3) => (0|0,3,5,3);
				(7|0,3,5,6) => (7|0,3,5,6);
				(7|0,3,6,0) => (1|0,3,6,0);
				(7|0,3,6,1) => (7|0,3,6,1);
				(7|0,3,7,0) => (7|0,3,7,0);
				(7|0,3,7,1) => (7|0,3,7,1);
				(7|0,4,0,0) => (7|0,4,0,0);
				(7|0,4,0,1) => (7|0,4,0,1);
				(7|0,4,0,2) => (7|0,4,0,2);
				(7|0,4,0,6) => (7|0,4,0,6);
				(7|0,4,1,0) => (7|0,4,1,0);
				(7|0,4,3,0) => (7|0,4,3,0);
				(7|0,4,4,6) => (7|0,4,4,6);
				(7|0,5,0,2) => (0|0,5,0,2);
				(7|0,5,0,3) => (7|0,5,0,3);
				(7|0,5,0,5) => (7|0,5,0,5);
				(7|0,5,0,6) => (7|0,5,0,6);
				(7|0,5,1,0) => (7|0,5,1,0);
				(7|0,5,1,2) => (0|0,5,1,2);
				(7|0,5,1,5) => (7|0,5,1,5);
				(7|0,5,1,6) => (7|0,5,1,6);
				(7|0,5,1,7) => (1|0,5,1,7);
				(7|0,5,2,0) => (7|0,5,2,0);
				(7|0,5,2,2) => (0|0,5,2,2);
				(7|0,5,2,7) => (7|0,5,2,7);
				(7|0,5,3,0) => (7|0,5,3,0);
				(7|0,5,3,3) => (0|0,5,3,3);
				(7|0,5,3,5) => (7|0,5,3,5);
				(7|0,5,3,6) => (7|0,5,3,6);
				(7|0,5,4,0) => (7|0,5,4,0);
				(7|0,5,4,5) => (7|0,5,4,5);
				(7|0,5,4,6) => (0|0,5,4,6);
				(7|0,5,4,7) => (7|0,5,4,7);
				(7|0,5,5,6) => (7|0,5,5,6);
				(7|0,5,6,0) => (7|0,5,6,0);
				(7|0,5,6,1) => (7|0,5,6,1);
				(7|0,5,6,5) => (7|0,5,6,5);
				(7|0,5,6,6) => (1|0,5,6,6);
				(7|0,5,6,7) => (7|0,5,6,7);
				(7|0,5,7,5) => (7|0,5,7,5);
				(7|0,5,7,7) => (0|0,5,7,7);
				(7|0,6,0,0) => (7|0,6,0,0);
				(7|0,6,0,1) => (1|0,6,0,1);
				(7|0,6,0,2) => (0|0,6,0,2);
				(7|0,6,0,3) => (0|0,6,0,3);
				(7|0,6,0,4) => (7|0,6,0,4);
				(7|0,6,0,5) => (7|0,6,0,5);
				(7|0,6,0,6) => (7|0,6,0,6);
				(7|0,6,0,7) => (7|0,6,0,7);
				(7|0,6,1,0) => (0|0,6,1,0);
				(7|0,6,1,3) => (7|0,6,1,3);
				(7|0,6,2,0) => (0|0,6,2,0);
				(7|0,6,2,5) => (7|0,6,2,5);
				(7|0,6,3,0) => (0|0,6,3,0);
				(7|0,6,3,5) => (7|0,6,3,5);
				(7|0,6,5,0) => (7|0,6,5,0);
				(7|0,6,5,1) => (7|0,6,5,1);
				(7|0,6,5,3) => (7|0,6,5,3);
				(7|0,6,5,5) => (7|0,6,5,5);
				(7|0,6,5,6) => (7|0,6,5,6);
				(7|0,6,6,0) => (7|0,6,6,0);
				(7|0,6,6,2) => (7|0,6,6,2);
				(7|0,6,6,5) => (7|0,6,6,5);
				(7|0,6,7,0) => (7|0,6,7,0);
				(7|0,6,7,1) => (7|0,6,7,1);
				(7|0,6,7,2) => (7|0,6,7,2);
				(7|0,6,7,5) => (7|0,6,7,5);
				(7|0,6,7,6) => (7|0,6,7,6);
				(7|0,7,0,0) => (0|0,7,0,0);
				(7|0,7,0,1) => (7|0,7,0,1);
				(7|0,7,0,2) => (7|0,7,0,2);
				(7|0,7,0,3) => (7|0,7,0,3);
				(7|0,7,0,6) => (7|0,7,0,6);
				(7|0,7,0,7) => (7|0,7,0,7);
				(7|0,7,1,0) => (7|0,7,1,0);
				(7|0,7,3,0) => (7|0,7,3,0);
				(7|0,7,3,5) => (0|0,7,3,5);
				(7|0,7,4,0) => (7|0,7,4,0);
				(7|0,7,6,0) => (7|0,7,6,0);
				(7|0,7,6,5) => (7|0,7,6,5);
				(7|0,7,6,6) => (7|0,7,6,6);
				(7|0,7,7,0) => (0|0,7,7,0);
				(7|0,7,7,1) => (7|0,7,7,1);
				(7|0,7,7,3) => (7|0,7,7,3);
				(7|0,7,7,5) => (7|0,7,7,5);
				(7|0,7,7,7) => (7|0,7,7,7);
				(7|1,0,0,1) => (7|1,0,0,1);
				(7|1,0,0,2) => (0|1,0,0,2);
				(7|1,0,0,4) => (7|1,0,0,4);
				(7|1,0,0,5) => (7|1,0,0,5);
				(7|1,0,0,6) => (0|1,0,0,6);
				(7|1,0,0,7) => (7|1,0,0,7);
				(7|1,0,1,0) => (7|1,0,1,0);
				(7|1,0,1,5) => (0|1,0,1,5);
				(7|1,0,1,6) => (7|1,0,1,6);
				(7|1,0,2,0) => (7|1,0,2,0);
				(7|1,0,3,0) => (7|1,0,3,0);
				(7|1,0,3,6) => (7|1,0,3,6);
				(7|1,0,3,7) => (7|1,0,3,7);
				(7|1,0,4,0) => (7|1,0,4,0);
				(7|1,0,5,6) => (7|1,0,5,6);
				(7|1,0,6,0) => (1|1,0,6,0);
				(7|1,0,6,5) => (7|1,0,6,5);
				(7|1,0,6,7) => (7|1,0,6,7);
				(7|1,0,7,0) => (7|1,0,7,0);
				(7|1,0,7,7) => (7|1,0,7,7);
				(7|1,1,0,0) => (7|1,1,0,0);
				(7|1,1,1,5) => (0|1,1,1,5);
				(7|1,1,1,7) => (7|1,1,1,7);
				(7|1,1,5,1) => (0|1,1,5,1);
				(7|1,1,6,0) => (0|1,1,6,0);
				(7|1,1,7,1) => (7|1,1,7,1);
				(7|1,1,7,5) => (7|1,1,7,5);
				(7|1,2,0,0) => (0|1,2,0,0);
				(7|1,2,0,5) => (0|1,2,0,5);
				(7|1,2,6,0) => (7|1,2,6,0);
				(7|1,3,0,0) => (7|1,3,0,0);
				(7|1,3,0,6) => (7|1,3,0,6);
				(7|1,3,5,0) => (7|1,3,5,0);
				(7|1,4,5,0) => (7|1,4,5,0);
				(7|1,5,0,0) => (7|1,5,0,0);
				(7|1,5,0,2) => (0|1,5,0,2);
				(7|1,5,0,5) => (7|1,5,0,5);
				(7|1,5,1,0) => (0|1,5,1,0);
				(7|1,5,1,1) => (0|1,5,1,1);
				(7|1,5,5,6) => (7|1,5,5,6);
				(7|1,5,6,0) => (7|1,5,6,0);
				(7|1,5,7,0) => (7|1,5,7,0);
				(7|1,6,0,0) => (1|1,6,0,0);
				(7|1,6,0,1) => (0|1,6,0,1);
				(7|1,6,0,5) => (7|1,6,0,5);
				(7|1,6,1,0) => (7|1,6,1,0);
				(7|1,6,2,0) => (7|1,6,2,0);
				(7|1,6,5,0) => (7|1,6,5,0);
				(7|1,6,5,5) => (7|1,6,5,5);
				(7|1,6,6,0) => (7|1,6,6,0);
				(7|1,7,0,0) => (7|1,7,0,0);
				(7|1,7,0,5) => (1|1,7,0,5);
				(7|1,7,1,1) => (7|1,7,1,1);
				(7|1,7,5,0) => (7|1,7,5,0);
				(7|1,7,5,1) => (7|1,7,5,1);
				(7|1,7,6,7) => (7|1,7,6,7);
				(7|1,7,7,7) => (7|1,7,7,7);
				(7|2,0,0,1) => (0|2,0,0,1);
				(7|2,0,0,2) => (7|2,0,0,2);
				(7|2,0,0,3) => (7|2,0,0,3);
				(7|2,0,0,5) => (7|2,0,0,5);
				(7|2,0,0,6) => (0|2,0,0,6);
				(7|2,0,1,0) => (7|2,0,1,0);
				(7|2,0,1,6) => (7|2,0,1,6);
				(7|2,0,2,0) => (7|2,0,2,0);
				(7|2,0,3,0) => (7|2,0,3,0);
				(7|2,0,4,0) => (7|2,0,4,0);
				(7|2,0,5,0) => (0|2,0,5,0);
				(7|2,0,5,1) => (0|2,0,5,1);
				(7|2,0,5,2) => (0|2,0,5,2);
				(7|2,0,6,0) => (0|2,0,6,0);
				(7|2,0,6,6) => (7|2,0,6,6);
				(7|2,0,6,7) => (7|2,0,6,7);
				(7|2,0,7,0) => (7|2,0,7,0);
				(7|2,1,0,0) => (0|2,1,0,0);
				(7|2,1,5,0) => (0|2,1,5,0);
				(7|2,2,0,0) => (7|2,2,0,0);
				(7|2,2,0,5) => (0|2,2,0,5);
				(7|2,2,7,0) => (7|2,2,7,0);
				(7|2,3,0,0) => (7|2,3,0,0);
				(7|2,3,5,0) => (0|2,3,5,0);
				(7|2,3,7,0) => (7|2,3,7,0);
				(7|2,5,0,0) => (7|2,5,0,0);
				(7|2,5,0,6) => (7|2,5,0,6);
				(7|2,5,3,6) => (7|2,5,3,6);
				(7|2,5,6,0) => (7|2,5,6,0);
				(7|2,5,6,3) => (7|2,5,6,3);
				(7|2,5,7,0) => (7|2,5,7,0);
				(7|2,6,0,0) => (0|2,6,0,0);
				(7|2,6,0,1) => (7|2,6,0,1);
				(7|2,6,4,0) => (7|2,6,4,0);
				(7|2,6,5,0) => (7|2,6,5,0);
				(7|2,6,6,0) => (7|2,6,6,0);
				(7|2,6,6,6) => (7|2,6,6,6);
				(7|2,7,0,0) => (7|2,7,0,0);
				(7|2,7,0,2) => (7|2,7,0,2);
				(7|2,7,0,5) => (7|2,7,0,5);
				(7|2,7,5,0) => (7|2,7,5,0);
				(7|2,7,6,6) => (7|2,7,6,6);
				(7|2,7,7,7) => (7|2,7,7,7);
				(7|3,0,0,0) => (0|3,0,0,0);
				(7|3,0,0,1) => (7|3,0,0,1);
				(7|3,0,0,2) => (7|3,0,0,2);
				(7|3,0,0,4) => (7|3,0,0,4);
				(7|3,0,0,5) => (7|3,0,0,5);
				(7|3,0,0,6) => (0|3,0,0,6);
				(7|3,0,0,7) => (7|3,0,0,7);
				(7|3,0,1,0) => (7|3,0,1,0);
				(7|3,0,2,0) => (7|3,0,2,0);
				(7|3,0,3,0) => (7|3,0,3,0);
				(7|3,0,3,5) => (0|3,0,3,5);
				(7|3,0,5,0) => (7|3,0,5,0);
				(7|3,0,5,3) => (0|3,0,5,3);
				(7|3,0,6,0) => (0|3,0,6,0);
				(7|3,0,6,1) => (7|3,0,6,1);
				(7|3,0,6,5) => (7|3,0,6,5);
				(7|3,0,7,0) => (7|3,0,7,0);
				(7|3,0,7,7) => (7|3,0,7,7);
				(7|3,2,0,0) => (7|3,2,0,0);
				(7|3,2,5,6) => (7|3,2,5,6);
				(7|3,3,0,5) => (0|3,3,0,5);
				(7|3,5,0,0) => (0|3,5,0,0);
				(7|3,5,0,1) => (7|3,5,0,1);
				(7|3,5,0,2) => (0|3,5,0,2);
				(7|3,5,0,5) => (7|3,5,0,5);
				(7|3,5,0,6) => (7|3,5,0,6);
				(7|3,5,0,7) => (0|3,5,0,7);
				(7|3,5,3,0) => (0|3,5,3,0);
				(7|3,5,6,0) => (7|3,5,6,0);
				(7|3,6,0,0) => (1|3,6,0,0);
				(7|3,6,0,5) => (7|3,6,0,5);
				(7|3,6,1,0) => (7|3,6,1,0);
				(7|3,6,2,5) => (7|3,6,2,5);
				(7|3,6,6,7) => (7|3,6,6,7);
				(7|3,7,0,0) => (7|3,7,0,0);
				(7|3,7,0,2) => (7|3,7,0,2);
				(7|3,7,1,0) => (7|3,7,1,0);
				(7|4,0,0,0) => (7|4,0,0,0);
				(7|4,0,0,5) => (7|4,0,0,5);
				(7|4,0,0,7) => (7|4,0,0,7);
				(7|4,0,1,0) => (7|4,0,1,0);
				(7|4,0,2,0) => (7|4,0,2,0);
				(7|4,0,2,6) => (7|4,0,2,6);
				(7|4,0,6,0) => (7|4,0,6,0);
				(7|4,1,0,0) => (7|4,1,0,0);
				(7|4,3,0,0) => (7|4,3,0,0);
				(7|4,4,6,0) => (7|4,4,6,0);
				(7|4,5,0,1) => (7|4,5,0,1);
				(7|4,5,0,5) => (7|4,5,0,5);
				(7|4,6,0,4) => (7|4,6,0,4);
				(7|4,6,0,5) => (0|4,6,0,5);
				(7|4,7,0,5) => (7|4,7,0,5);
				(7|5,0,0,1) => (7|5,0,0,1);
				(7|5,0,0,2) => (7|5,0,0,2);
				(7|5,0,0,3) => (0|5,0,0,3);
				(7|5,0,0,6) => (7|5,0,0,6);
				(7|5,0,1,3) => (7|5,0,1,3);
				(7|5,0,1,4) => (7|5,0,1,4);
				(7|5,0,1,6) => (7|5,0,1,6);
				(7|5,0,1,7) => (7|5,0,1,7);
				(7|5,0,2,0) => (0|5,0,2,0);
				(7|5,0,2,1) => (0|5,0,2,1);
				(7|5,0,2,3) => (0|5,0,2,3);
				(7|5,0,2,6) => (7|5,0,2,6);
				(7|5,0,2,7) => (7|5,0,2,7);
				(7|5,0,3,0) => (7|5,0,3,0);
				(7|5,0,5,0) => (7|5,0,5,0);
				(7|5,0,5,1) => (7|5,0,5,1);
				(7|5,0,5,3) => (7|5,0,5,3);
				(7|5,0,5,4) => (7|5,0,5,4);
				(7|5,0,5,6) => (7|5,0,5,6);
				(7|5,0,5,7) => (7|5,0,5,7);
				(7|5,0,6,0) => (7|5,0,6,0);
				(7|5,0,6,2) => (7|5,0,6,2);
				(7|5,0,6,3) => (7|5,0,6,3);
				(7|5,0,6,5) => (7|5,0,6,5);
				(7|5,0,6,6) => (7|5,0,6,6);
				(7|5,0,6,7) => (7|5,0,6,7);
				(7|5,0,7,3) => (0|5,0,7,3);
				(7|5,0,7,6) => (7|5,0,7,6);
				(7|5,0,7,7) => (7|5,0,7,7);
				(7|5,1,0,0) => (7|5,1,0,0);
				(7|5,1,0,1) => (0|5,1,0,1);
				(7|5,1,0,6) => (7|5,1,0,6);
				(7|5,1,1,1) => (0|5,1,1,1);
				(7|5,1,1,7) => (7|5,1,1,7);
				(7|5,1,2,0) => (0|5,1,2,0);
				(7|5,1,5,0) => (7|5,1,5,0);
				(7|5,1,6,0) => (7|5,1,6,0);
				(7|5,1,6,5) => (7|5,1,6,5);
				(7|5,1,7,0) => (1|5,1,7,0);
				(7|5,2,0,0) => (7|5,2,0,0);
				(7|5,2,2,0) => (0|5,2,2,0);
				(7|5,2,7,0) => (7|5,2,7,0);
				(7|5,3,0,0) => (7|5,3,0,0);
				(7|5,3,0,3) => (0|5,3,0,3);
				(7|5,3,0,6) => (7|5,3,0,6);
				(7|5,3,3,0) => (0|5,3,3,0);
				(7|5,3,5,0) => (7|5,3,5,0);
				(7|5,3,6,0) => (7|5,3,6,0);
				(7|5,3,6,2) => (7|5,3,6,2);
				(7|5,4,0,0) => (7|5,4,0,0);
				(7|5,4,5,0) => (7|5,4,5,0);
				(7|5,4,6,0) => (0|5,4,6,0);
				(7|5,4,7,0) => (7|5,4,7,0);
				(7|5,5,0,6) => (7|5,5,0,6);
				(7|5,5,1,6) => (7|5,5,1,6);
				(7|5,5,5,6) => (7|5,5,5,6);
				(7|5,5,6,0) => (7|5,5,6,0);
				(7|5,5,6,1) => (7|5,5,6,1);
				(7|5,5,6,5) => (7|5,5,6,5);
				(7|5,6,0,0) => (7|5,6,0,0);
				(7|5,6,0,1) => (7|5,6,0,1);
				(7|5,6,0,2) => (7|5,6,0,2);
				(7|5,6,0,3) => (7|5,6,0,3);
				(7|5,6,0,5) => (7|5,6,0,5);
				(7|5,6,0,6) => (7|5,6,0,6);
				(7|5,6,1,0) => (7|5,6,1,0);
				(7|5,6,1,5) => (7|5,6,1,5);
				(7|5,6,3,2) => (7|5,6,3,2);
				(7|5,6,5,0) => (7|5,6,5,0);
				(7|5,6,5,5) => (7|5,6,5,5);
				(7|5,6,6,0) => (1|5,6,6,0);
				(7|5,6,6,7) => (7|5,6,6,7);
				(7|5,6,7,0) => (7|5,6,7,0);
				(7|5,7,0,1) => (7|5,7,0,1);
				(7|5,7,0,2) => (7|5,7,0,2);
				(7|5,7,5,0) => (7|5,7,5,0);
				(7|5,7,6,6) => (7|5,7,6,6);
				(7|5,7,7,0) => (0|5,7,7,0);
				(7|5,7,7,7) => (7|5,7,7,7);
				(7|6,0,0,0) => (7|6,0,0,0);
				(7|6,0,0,1) => (1|6,0,0,1);
				(7|6,0,0,2) => (0|6,0,0,2);
				(7|6,0,0,3) => (1|6,0,0,3);
				(7|6,0,0,5) => (7|6,0,0,5);
				(7|6,0,0,6) => (7|6,0,0,6);
				(7|6,0,0,7) => (7|6,0,0,7);
				(7|6,0,1,0) => (1|6,0,1,0);
				(7|6,0,1,1) => (0|6,0,1,1);
				(7|6,0,1,2) => (7|6,0,1,2);
				(7|6,0,1,5) => (7|6,0,1,5);
				(7|6,0,1,6) => (7|6,0,1,6);
				(7|6,0,2,0) => (0|6,0,2,0);
				(7|6,0,2,5) => (7|6,0,2,5);
				(7|6,0,2,6) => (7|6,0,2,6);
				(7|6,0,3,0) => (0|6,0,3,0);
				(7|6,0,3,5) => (7|6,0,3,5);
				(7|6,0,4,0) => (7|6,0,4,0);
				(7|6,0,4,4) => (7|6,0,4,4);
				(7|6,0,5,0) => (7|6,0,5,0);
				(7|6,0,5,1) => (7|6,0,5,1);
				(7|6,0,5,3) => (7|6,0,5,3);
				(7|6,0,5,4) => (0|6,0,5,4);
				(7|6,0,5,5) => (7|6,0,5,5);
				(7|6,0,5,6) => (1|6,0,5,6);
				(7|6,0,6,0) => (7|6,0,6,0);
				(7|6,0,6,5) => (7|6,0,6,5);
				(7|6,0,6,7) => (7|6,0,6,7);
				(7|6,0,7,0) => (7|6,0,7,0);
				(7|6,0,7,6) => (7|6,0,7,6);
				(7|6,1,0,0) => (0|6,1,0,0);
				(7|6,1,0,1) => (7|6,1,0,1);
				(7|6,1,0,3) => (7|6,1,0,3);
				(7|6,1,0,5) => (7|6,1,0,5);
				(7|6,1,3,0) => (7|6,1,3,0);
				(7|6,1,5,5) => (7|6,1,5,5);
				(7|6,2,0,0) => (0|6,2,0,0);
				(7|6,2,0,1) => (7|6,2,0,1);
				(7|6,2,0,6) => (7|6,2,0,6);
				(7|6,2,5,0) => (7|6,2,5,0);
				(7|6,2,5,3) => (7|6,2,5,3);
				(7|6,2,6,6) => (7|6,2,6,6);
				(7|6,2,7,6) => (7|6,2,7,6);
				(7|6,3,0,0) => (0|6,3,0,0);
				(7|6,3,2,5) => (7|6,3,2,5);
				(7|6,3,5,0) => (7|6,3,5,0);
				(7|6,4,0,2) => (7|6,4,0,2);
				(7|6,5,0,0) => (7|6,5,0,0);
				(7|6,5,0,1) => (7|6,5,0,1);
				(7|6,5,0,2) => (7|6,5,0,2);
				(7|6,5,0,5) => (7|6,5,0,5);
				(7|6,5,0,6) => (7|6,5,0,6);
				(7|6,5,0,7) => (7|6,5,0,7);
				(7|6,5,1,0) => (7|6,5,1,0);
				(7|6,5,3,0) => (7|6,5,3,0);
				(7|6,5,5,0) => (7|6,5,5,0);
				(7|6,5,5,1) => (7|6,5,5,1);
				(7|6,5,5,5) => (7|6,5,5,5);
				(7|6,5,6,0) => (7|6,5,6,0);
				(7|6,5,7,6) => (7|6,5,7,6);
				(7|6,6,0,0) => (7|6,6,0,0);
				(7|6,6,0,1) => (7|6,6,0,1);
				(7|6,6,0,2) => (7|6,6,0,2);
				(7|6,6,0,5) => (1|6,6,0,5);
				(7|6,6,0,7) => (7|6,6,0,7);
				(7|6,6,2,0) => (7|6,6,2,0);
				(7|6,6,2,6) => (7|6,6,2,6);
				(7|6,6,2,7) => (7|6,6,2,7);
				(7|6,6,5,0) => (7|6,6,5,0);
				(7|6,6,5,7) => (7|6,6,5,7);
				(7|6,6,6,2) => (7|6,6,6,2);
				(7|6,6,7,3) => (7|6,6,7,3);
				(7|6,6,7,5) => (7|6,6,7,5);
				(7|6,7,0,0) => (7|6,7,0,0);
				(7|6,7,0,5) => (7|6,7,0,5);
				(7|6,7,1,0) => (7|6,7,1,0);
				(7|6,7,1,7) => (7|6,7,1,7);
				(7|6,7,2,0) => (7|6,7,2,0);
				(7|6,7,3,6) => (7|6,7,3,6);
				(7|6,7,5,0) => (7|6,7,5,0);
				(7|6,7,5,6) => (7|6,7,5,6);
				(7|6,7,6,0) => (7|6,7,6,0);
				(7|7,0,0,0) => (0|7,0,0,0);
				(7|7,0,0,1) => (7|7,0,0,1);
				(7|7,0,0,2) => (7|7,0,0,2);
				(7|7,0,0,3) => (7|7,0,0,3);
				(7|7,0,0,6) => (7|7,0,0,6);
				(7|7,0,0,7) => (0|7,0,0,7);
				(7|7,0,1,0) => (7|7,0,1,0);
				(7|7,0,1,5) => (7|7,0,1,5);
				(7|7,0,2,0) => (7|7,0,2,0);
				(7|7,0,2,2) => (7|7,0,2,2);
				(7|7,0,2,3) => (7|7,0,2,3);
				(7|7,0,2,5) => (7|7,0,2,5);
				(7|7,0,3,0) => (7|7,0,3,0);
				(7|7,0,5,1) => (1|7,0,5,1);
				(7|7,0,5,2) => (7|7,0,5,2);
				(7|7,0,5,4) => (7|7,0,5,4);
				(7|7,0,5,6) => (7|7,0,5,6);
				(7|7,0,5,7) => (0|7,0,5,7);
				(7|7,0,6,0) => (7|7,0,6,0);
				(7|7,0,7,0) => (7|7,0,7,0);
				(7|7,0,7,7) => (7|7,0,7,7);
				(7|7,1,0,0) => (7|7,1,0,0);
				(7|7,1,0,3) => (7|7,1,0,3);
				(7|7,1,0,6) => (7|7,1,0,6);
				(7|7,1,0,7) => (7|7,1,0,7);
				(7|7,1,1,1) => (7|7,1,1,1);
				(7|7,1,7,6) => (7|7,1,7,6);
				(7|7,1,7,7) => (7|7,1,7,7);
				(7|7,2,0,6) => (7|7,2,0,6);
				(7|7,2,7,7) => (7|7,2,7,7);
				(7|7,3,0,0) => (7|7,3,0,0);
				(7|7,3,0,7) => (7|7,3,0,7);
				(7|7,3,5,0) => (0|7,3,5,0);
				(7|7,3,6,6) => (7|7,3,6,6);
				(7|7,4,0,0) => (7|7,4,0,0);
				(7|7,5,0,1) => (7|7,5,0,1);
				(7|7,5,0,2) => (7|7,5,0,2);
				(7|7,5,0,5) => (7|7,5,0,5);
				(7|7,5,0,6) => (7|7,5,0,6);
				(7|7,5,0,7) => (7|7,5,0,7);
				(7|7,5,1,1) => (7|7,5,1,1);
				(7|7,5,6,6) => (7|7,5,6,6);
				(7|7,5,7,7) => (7|7,5,7,7);
				(7|7,6,0,0) => (7|7,6,0,0);
				(7|7,6,0,6) => (7|7,6,0,6);
				(7|7,6,5,0) => (7|7,6,5,0);
				(7|7,6,6,0) => (7|7,6,6,0);
				(7|7,6,6,2) => (7|7,6,6,2);
				(7|7,6,6,5) => (7|7,6,6,5);
				(7|7,6,7,1) => (7|7,6,7,1);
				(7|7,7,0,0) => (0|7,7,0,0);
				(7|7,7,0,5) => (0|7,7,0,5);
				(7|7,7,0,7) => (7|7,7,0,7);
				(7|7,7,1,0) => (7|7,7,1,0);
				(7|7,7,1,7) => (7|7,7,1,7);
				(7|7,7,2,7) => (7|7,7,2,7);
				(7|7,7,3,0) => (7|7,7,3,0);
				(7|7,7,5,0) => (7|7,7,5,0);
				(7|7,7,5,7) => (7|7,7,5,7);
				(7|7,7,7,0) => (7|7,7,7,0);
				(7|7,7,7,1) => (7|7,7,7,1);
				(7|7,7,7,2) => (7|7,7,7,2);
				(7|7,7,7,5) => (7|7,7,7,5);
				%  RPTx: 4804 added rules (total 5569). ;
				% (9) RPTx round 2: larger-cycle battery (L=8..16). ;
				(0|0,0,1,4) => (0|0,0,1,4);
				(0|0,0,3,2) => (0|0,0,3,2);
				(0|0,0,4,7) => (0|0,0,4,7);
				(0|0,0,6,4) => (0|0,0,6,4);
				(0|0,0,7,4) => (0|0,0,7,4);
				(0|0,1,2,1) => (0|0,1,2,1);
				(0|0,1,2,2) => (0|0,1,2,2);
				(0|0,1,2,5) => (0|0,1,2,5);
				(0|0,1,3,4) => (0|0,1,3,4);
				(0|0,1,4,0) => (0|0,1,4,0);
				(0|0,1,4,5) => (0|0,1,4,5);
				(0|0,1,4,6) => (0|0,1,4,6);
				(0|0,1,6,5) => (0|0,1,6,5);
				(0|0,1,7,2) => (0|0,1,7,2);
				(0|0,1,7,4) => (0|0,1,7,4);
				(0|0,2,0,4) => (0|0,2,0,4);
				(0|0,2,1,1) => (0|0,2,1,1);
				(0|0,2,1,6) => (0|0,2,1,6);
				(0|0,2,2,2) => (0|0,2,2,2);
				(0|0,2,3,1) => (0|0,2,3,1);
				(0|0,2,3,2) => (0|0,2,3,2);
				(0|0,2,3,3) => (0|0,2,3,3);
				(0|0,2,5,4) => (0|0,2,5,4);
				(0|0,2,5,6) => (0|0,2,5,6);
				(0|0,2,7,2) => (0|0,2,7,2);
				(0|0,2,7,5) => (0|0,2,7,5);
				(0|0,2,7,7) => (0|0,2,7,7);
				(0|0,3,2,0) => (0|0,3,2,0);
				(0|0,3,2,2) => (0|0,3,2,2);
				(0|0,3,2,6) => (0|0,3,2,6);
				(0|0,3,3,3) => (0|0,3,3,3);
				(0|0,3,3,6) => (2|0,3,3,6);
				(0|0,3,4,6) => (0|0,3,4,6);
				(0|0,3,5,2) => (0|0,3,5,2);
				(0|0,3,5,4) => (0|0,3,5,4);
				(0|0,3,5,5) => (0|0,3,5,5);
				(0|0,3,6,1) => (0|0,3,6,1);
				(0|0,3,6,2) => (0|0,3,6,2);
				(0|0,3,7,1) => (0|0,3,7,1);
				(0|0,3,7,2) => (0|0,3,7,2);
				(0|0,3,7,6) => (0|0,3,7,6);
				(0|0,3,7,7) => (0|0,3,7,7);
				(0|0,4,0,2) => (0|0,4,0,2);
				(0|0,4,0,4) => (0|0,4,0,4);
				(0|0,4,2,1) => (0|0,4,2,1);
				(0|0,4,3,1) => (0|0,4,3,1);
				(0|0,4,3,5) => (0|0,4,3,5);
				(0|0,4,5,2) => (0|0,4,5,2);
				(0|0,4,5,3) => (0|0,4,5,3);
				(0|0,4,6,1) => (0|0,4,6,1);
				(0|0,4,7,0) => (0|0,4,7,0);
				(0|0,4,7,3) => (0|0,4,7,3);
				(0|0,5,2,3) => (0|0,5,2,3);
				(0|0,5,2,4) => (0|0,5,2,4);
				(0|0,5,2,5) => (0|0,5,2,5);
				(0|0,5,2,7) => (0|0,5,2,7);
				(0|0,5,3,1) => (0|0,5,3,1);
				(0|0,5,3,2) => (0|0,5,3,2);
				(0|0,5,3,6) => (0|0,5,3,6);
				(0|0,5,3,7) => (1|0,5,3,7);
				(0|0,5,4,1) => (0|0,5,4,1);
				(0|0,5,4,5) => (0|0,5,4,5);
				(0|0,5,4,7) => (0|0,5,4,7);
				(0|0,5,5,6) => (0|0,5,5,6);
				(0|0,5,5,7) => (0|0,5,5,7);
				(0|0,5,6,3) => (0|0,5,6,3);
				(0|0,5,7,1) => (0|0,5,7,1);
				(0|0,5,7,4) => (0|0,5,7,4);
				(0|0,5,7,5) => (0|0,5,7,5);
				(0|0,6,1,1) => (0|0,6,1,1);
				(0|0,6,1,6) => (0|0,6,1,6);
				(0|0,6,2,6) => (0|0,6,2,6);
				(0|0,6,2,7) => (0|0,6,2,7);
				(0|0,6,4,0) => (0|0,6,4,0);
				(0|0,6,4,5) => (0|0,6,4,5);
				(0|0,6,4,7) => (0|0,6,4,7);
				(0|0,6,5,7) => (0|0,6,5,7);
				(0|0,6,6,6) => (6|0,6,6,6);
				(0|0,6,6,7) => (0|0,6,6,7);
				(0|0,6,7,2) => (0|0,6,7,2);
				(0|0,6,7,3) => (0|0,6,7,3);
				(0|0,6,7,7) => (0|0,6,7,7);
				(0|0,7,1,1) => (0|0,7,1,1);
				(0|0,7,1,7) => (0|0,7,1,7);
				(0|0,7,2,5) => (0|0,7,2,5);
				(0|0,7,3,5) => (2|0,7,3,5);
				(0|0,7,3,7) => (0|0,7,3,7);
				(0|0,7,4,0) => (0|0,7,4,0);
				(0|0,7,4,1) => (0|0,7,4,1);
				(0|0,7,4,5) => (0|0,7,4,5);
				(0|0,7,4,7) => (0|0,7,4,7);
				(0|0,7,6,2) => (0|0,7,6,2);
				(0|0,7,6,3) => (0|0,7,6,3);
				(0|1,0,1,2) => (0|1,0,1,2);
				(0|1,0,2,1) => (0|1,0,2,1);
				(0|1,0,2,3) => (0|1,0,2,3);
				(0|1,0,3,6) => (0|1,0,3,6);
				(0|1,0,3,7) => (0|1,0,3,7);
				(0|1,0,4,2) => (0|1,0,4,2);
				(0|1,0,4,3) => (0|1,0,4,3);
				(0|1,0,4,6) => (0|1,0,4,6);
				(0|1,0,5,3) => (0|1,0,5,3);
				(0|1,0,5,4) => (0|1,0,5,4);
				(0|1,0,5,7) => (0|1,0,5,7);
				(0|1,0,6,1) => (0|1,0,6,1);
				(0|1,0,7,1) => (0|1,0,7,1);
				(0|1,0,7,4) => (0|1,0,7,4);
				(0|1,1,0,2) => (0|1,1,0,2);
				(0|1,1,0,6) => (0|1,1,0,6);
				(0|1,1,0,7) => (0|1,1,0,7);
				(0|1,1,1,1) => (0|1,1,1,1);
				(0|1,2,1,0) => (0|1,2,1,0);
				(0|1,2,2,0) => (0|1,2,2,0);
				(0|1,2,2,2) => (0|1,2,2,2);
				(0|1,2,5,0) => (0|1,2,5,0);
				(0|1,3,4,0) => (0|1,3,4,0);
				(0|1,4,0,0) => (0|1,4,0,0);
				(0|1,4,5,0) => (0|1,4,5,0);
				(0|1,4,6,0) => (0|1,4,6,0);
				(0|1,5,3,5) => (0|1,5,3,5);
				(0|1,5,6,6) => (0|1,5,6,6);
				(0|1,6,0,2) => (0|1,6,0,2);
				(0|1,6,0,6) => (0|1,6,0,6);
				(0|1,6,2,5) => (0|1,6,2,5);
				(0|1,6,5,0) => (0|1,6,5,0);
				(0|1,6,6,6) => (0|1,6,6,6);
				(0|1,6,6,7) => (0|1,6,6,7);
				(0|1,7,0,7) => (0|1,7,0,7);
				(0|1,7,2,0) => (0|1,7,2,0);
				(0|1,7,4,0) => (0|1,7,4,0);
				(0|1,7,6,5) => (0|1,7,6,5);
				(0|2,0,0,3) => (0|2,0,0,3);
				(0|2,0,1,2) => (0|2,0,1,2);
				(0|2,0,1,7) => (0|2,0,1,7);
				(0|2,0,2,2) => (0|2,0,2,2);
				(0|2,0,2,3) => (0|2,0,2,3);
				(0|2,0,2,7) => (0|2,0,2,7);
				(0|2,0,3,2) => (0|2,0,3,2);
				(0|2,0,3,5) => (0|2,0,3,5);
				(0|2,0,3,6) => (0|2,0,3,6);
				(0|2,0,3,7) => (0|2,0,3,7);
				(0|2,0,4,0) => (0|2,0,4,0);
				(0|2,0,4,5) => (0|2,0,4,5);
				(0|2,0,5,3) => (0|2,0,5,3);
				(0|2,0,6,7) => (0|2,0,6,7);
				(0|2,0,7,6) => (0|2,0,7,6);
				(0|2,1,0,1) => (0|2,1,0,1);
				(0|2,1,0,4) => (0|2,1,0,4);
				(0|2,1,1,0) => (0|2,1,1,0);
				(0|2,1,2,2) => (0|2,1,2,2);
				(0|2,1,6,0) => (0|2,1,6,0);
				(0|2,2,0,1) => (0|2,2,0,1);
				(0|2,2,0,2) => (0|2,2,0,2);
				(0|2,2,0,3) => (0|2,2,0,3);
				(0|2,2,1,2) => (0|2,2,1,2);
				(0|2,2,2,0) => (0|2,2,2,0);
				(0|2,2,2,1) => (0|2,2,2,1);
				(0|2,2,5,5) => (0|2,2,5,5);
				(0|2,3,0,5) => (0|2,3,0,5);
				(0|2,3,1,0) => (0|2,3,1,0);
				(0|2,3,2,0) => (0|2,3,2,0);
				(0|2,3,2,5) => (0|2,3,2,5);
				(0|2,3,3,0) => (0|2,3,3,0);
				(0|2,3,5,5) => (0|2,3,5,5);
				(0|2,4,0,5) => (0|2,4,0,5);
				(0|2,5,0,1) => (0|2,5,0,1);
				(0|2,5,0,5) => (0|2,5,0,5);
				(0|2,5,0,7) => (0|2,5,0,7);
				(0|2,5,1,6) => (0|2,5,1,6);
				(0|2,5,2,3) => (0|2,5,2,3);
				(0|2,5,4,0) => (0|2,5,4,0);
				(0|2,5,5,2) => (0|2,5,5,2);
				(0|2,5,6,0) => (0|2,5,6,0);
				(0|2,6,0,3) => (0|2,6,0,3);
				(0|2,6,0,6) => (0|2,6,0,6);
				(0|2,7,0,5) => (0|2,7,0,5);
				(0|2,7,0,6) => (0|2,7,0,6);
				(0|2,7,2,0) => (0|2,7,2,0);
				(0|2,7,5,0) => (0|2,7,5,0);
				(0|2,7,5,7) => (0|2,7,5,7);
				(0|2,7,6,7) => (0|2,7,6,7);
				(0|2,7,7,0) => (0|2,7,7,0);
				(0|3,0,2,3) => (0|3,0,2,3);
				(0|3,0,3,3) => (0|3,0,3,3);
				(0|3,0,4,5) => (0|3,0,4,5);
				(0|3,0,4,7) => (0|3,0,4,7);
				(0|3,0,5,2) => (0|3,0,5,2);
				(0|3,0,5,6) => (0|3,0,5,6);
				(0|3,0,6,7) => (0|3,0,6,7);
				(0|3,0,7,6) => (0|3,0,7,6);
				(0|3,1,0,2) => (0|3,1,0,2);
				(0|3,1,0,4) => (0|3,1,0,4);
				(0|3,1,0,5) => (0|3,1,0,5);
				(0|3,2,0,0) => (0|3,2,0,0);
				(0|3,2,0,2) => (0|3,2,0,2);
				(0|3,2,0,5) => (0|3,2,0,5);
				(0|3,2,2,0) => (0|3,2,2,0);
				(0|3,2,5,2) => (0|3,2,5,2);
				(0|3,2,6,0) => (0|3,2,6,0);
				(0|3,3,0,2) => (0|3,3,0,2);
				(0|3,3,0,3) => (0|3,3,0,3);
				(0|3,3,3,0) => (0|3,3,3,0);
				(0|3,3,6,0) => (2|3,3,6,0);
				(0|3,4,0,1) => (0|3,4,0,1);
				(0|3,4,6,0) => (0|3,4,6,0);
				(0|3,5,0,4) => (0|3,5,0,4);
				(0|3,5,0,7) => (2|3,5,0,7);
				(0|3,5,1,5) => (0|3,5,1,5);
				(0|3,5,2,0) => (0|3,5,2,0);
				(0|3,5,4,0) => (0|3,5,4,0);
				(0|3,5,5,0) => (0|3,5,5,0);
				(0|3,5,5,2) => (0|3,5,5,2);
				(0|3,6,0,3) => (2|3,6,0,3);
				(0|3,6,0,5) => (0|3,6,0,5);
				(0|3,6,1,0) => (0|3,6,1,0);
				(0|3,6,2,0) => (0|3,6,2,0);
				(0|3,7,0,5) => (1|3,7,0,5);
				(0|3,7,0,7) => (0|3,7,0,7);
				(0|3,7,1,0) => (0|3,7,1,0);
				(0|3,7,2,0) => (0|3,7,2,0);
				(0|3,7,6,0) => (0|3,7,6,0);
				(0|3,7,7,0) => (0|3,7,7,0);
				(0|3,7,7,7) => (0|3,7,7,7);
				(0|4,0,0,1) => (0|4,0,0,1);
				(0|4,0,0,6) => (0|4,0,0,6);
				(0|4,0,0,7) => (0|4,0,0,7);
				(0|4,0,1,3) => (0|4,0,1,3);
				(0|4,0,1,7) => (0|4,0,1,7);
				(0|4,0,2,0) => (0|4,0,2,0);
				(0|4,0,2,5) => (0|4,0,2,5);
				(0|4,0,3,5) => (0|4,0,3,5);
				(0|4,0,4,0) => (0|4,0,4,0);
				(0|4,0,5,2) => (0|4,0,5,2);
				(0|4,0,5,7) => (0|4,0,5,7);
				(0|4,1,0,5) => (0|4,1,0,5);
				(0|4,1,0,7) => (0|4,1,0,7);
				(0|4,2,1,0) => (0|4,2,1,0);
				(0|4,3,1,0) => (0|4,3,1,0);
				(0|4,3,5,0) => (0|4,3,5,0);
				(0|4,5,0,1) => (0|4,5,0,1);
				(0|4,5,0,5) => (0|4,5,0,5);
				(0|4,5,0,6) => (0|4,5,0,6);
				(0|4,5,0,7) => (0|4,5,0,7);
				(0|4,5,2,0) => (0|4,5,2,0);
				(0|4,5,3,0) => (0|4,5,3,0);
				(0|4,6,0,1) => (0|4,6,0,1);
				(0|4,6,0,3) => (0|4,6,0,3);
				(0|4,6,1,0) => (0|4,6,1,0);
				(0|4,7,0,0) => (0|4,7,0,0);
				(0|4,7,0,5) => (0|4,7,0,5);
				(0|4,7,0,6) => (0|4,7,0,6);
				(0|4,7,0,7) => (0|4,7,0,7);
				(0|4,7,3,0) => (0|4,7,3,0);
				(0|5,0,1,2) => (0|5,0,1,2);
				(0|5,0,1,4) => (0|5,0,1,4);
				(0|5,0,1,6) => (0|5,0,1,6);
				(0|5,0,2,7) => (0|5,0,2,7);
				(0|5,0,3,5) => (0|5,0,3,5);
				(0|5,0,4,3) => (0|5,0,4,3);
				(0|5,0,5,2) => (0|5,0,5,2);
				(0|5,0,5,4) => (0|5,0,5,4);
				(0|5,0,5,7) => (0|5,0,5,7);
				(0|5,0,6,4) => (0|5,0,6,4);
				(0|5,0,7,2) => (0|5,0,7,2);
				(0|5,0,7,3) => (2|5,0,7,3);
				(0|5,0,7,4) => (0|5,0,7,4);
				(0|5,1,5,3) => (0|5,1,5,3);
				(0|5,1,6,2) => (0|5,1,6,2);
				(0|5,1,7,6) => (0|5,1,7,6);
				(0|5,2,0,3) => (0|5,2,0,3);
				(0|5,2,0,4) => (0|5,2,0,4);
				(0|5,2,2,5) => (0|5,2,2,5);
				(0|5,2,3,0) => (0|5,2,3,0);
				(0|5,2,3,2) => (0|5,2,3,2);
				(0|5,2,3,5) => (0|5,2,3,5);
				(0|5,2,4,0) => (0|5,2,4,0);
				(0|5,2,5,0) => (0|5,2,5,0);
				(0|5,2,7,0) => (0|5,2,7,0);
				(0|5,3,0,4) => (0|5,3,0,4);
				(0|5,3,1,0) => (0|5,3,1,0);
				(0|5,3,2,0) => (0|5,3,2,0);
				(0|5,3,5,1) => (0|5,3,5,1);
				(0|5,3,6,0) => (0|5,3,6,0);
				(0|5,3,7,0) => (1|5,3,7,0);
				(0|5,4,0,2) => (0|5,4,0,2);
				(0|5,4,0,3) => (0|5,4,0,3);
				(0|5,4,1,0) => (0|5,4,1,0);
				(0|5,4,5,0) => (0|5,4,5,0);
				(0|5,4,7,0) => (0|5,4,7,0);
				(0|5,5,0,3) => (0|5,5,0,3);
				(0|5,5,2,2) => (0|5,5,2,2);
				(0|5,5,2,3) => (0|5,5,2,3);
				(0|5,5,6,0) => (0|5,5,6,0);
				(0|5,5,7,0) => (0|5,5,7,0);
				(0|5,5,7,7) => (0|5,5,7,7);
				(0|5,6,0,2) => (0|5,6,0,2);
				(0|5,6,0,5) => (0|5,6,0,5);
				(0|5,6,3,0) => (0|5,6,3,0);
				(0|5,6,6,1) => (0|5,6,6,1);
				(0|5,7,0,5) => (0|5,7,0,5);
				(0|5,7,0,6) => (0|5,7,0,6);
				(0|5,7,1,0) => (0|5,7,1,0);
				(0|5,7,2,7) => (0|5,7,2,7);
				(0|5,7,4,0) => (0|5,7,4,0);
				(0|5,7,5,0) => (0|5,7,5,0);
				(0|5,7,7,5) => (0|5,7,7,5);
				(0|6,0,1,4) => (0|6,0,1,4);
				(0|6,0,2,1) => (0|6,0,2,1);
				(0|6,0,2,5) => (0|6,0,2,5);
				(0|6,0,3,2) => (0|6,0,3,2);
				(0|6,0,3,3) => (2|6,0,3,3);
				(0|6,0,3,4) => (0|6,0,3,4);
				(0|6,0,3,7) => (0|6,0,3,7);
				(0|6,0,5,3) => (0|6,0,5,3);
				(0|6,0,5,5) => (0|6,0,5,5);
				(0|6,0,6,1) => (0|6,0,6,1);
				(0|6,0,6,2) => (0|6,0,6,2);
				(0|6,0,6,6) => (6|6,0,6,6);
				(0|6,1,0,3) => (0|6,1,0,3);
				(0|6,1,0,4) => (0|6,1,0,4);
				(0|6,1,1,0) => (0|6,1,1,0);
				(0|6,1,5,6) => (0|6,1,5,6);
				(0|6,1,6,0) => (0|6,1,6,0);
				(0|6,1,6,6) => (0|6,1,6,6);
				(0|6,2,0,3) => (0|6,2,0,3);
				(0|6,2,0,7) => (0|6,2,0,7);
				(0|6,2,5,1) => (0|6,2,5,1);
				(0|6,2,6,0) => (0|6,2,6,0);
				(0|6,2,7,0) => (0|6,2,7,0);
				(0|6,3,0,5) => (0|6,3,0,5);
				(0|6,3,0,7) => (0|6,3,0,7);
				(0|6,4,0,0) => (0|6,4,0,0);
				(0|6,4,5,0) => (0|6,4,5,0);
				(0|6,4,7,0) => (0|6,4,7,0);
				(0|6,5,0,1) => (0|6,5,0,1);
				(0|6,5,1,7) => (0|6,5,1,7);
				(0|6,5,7,0) => (0|6,5,7,0);
				(0|6,6,0,6) => (6|6,6,0,6);
				(0|6,6,1,5) => (0|6,6,1,5);
				(0|6,6,1,6) => (0|6,6,1,6);
				(0|6,6,6,0) => (6|6,6,6,0);
				(0|6,6,6,1) => (0|6,6,6,1);
				(0|6,6,7,0) => (0|6,6,7,0);
				(0|6,6,7,1) => (0|6,6,7,1);
				(0|6,7,0,6) => (0|6,7,0,6);
				(0|6,7,1,6) => (0|6,7,1,6);
				(0|6,7,2,0) => (0|6,7,2,0);
				(0|6,7,2,7) => (0|6,7,2,7);
				(0|6,7,3,0) => (0|6,7,3,0);
				(0|6,7,7,0) => (0|6,7,7,0);
				(0|7,0,0,4) => (0|7,0,0,4);
				(0|7,0,2,7) => (0|7,0,2,7);
				(0|7,0,3,7) => (0|7,0,3,7);
				(0|7,0,5,2) => (0|7,0,5,2);
				(0|7,0,5,3) => (1|7,0,5,3);
				(0|7,0,5,4) => (0|7,0,5,4);
				(0|7,0,5,5) => (0|7,0,5,5);
				(0|7,0,6,2) => (0|7,0,6,2);
				(0|7,0,6,4) => (0|7,0,6,4);
				(0|7,0,6,5) => (0|7,0,6,5);
				(0|7,0,6,6) => (0|7,0,6,6);
				(0|7,0,6,7) => (0|7,0,6,7);
				(0|7,0,7,1) => (0|7,0,7,1);
				(0|7,0,7,3) => (0|7,0,7,3);
				(0|7,0,7,4) => (0|7,0,7,4);
				(0|7,1,0,3) => (0|7,1,0,3);
				(0|7,1,0,5) => (0|7,1,0,5);
				(0|7,1,1,0) => (0|7,1,1,0);
				(0|7,1,6,6) => (0|7,1,6,6);
				(0|7,1,7,0) => (0|7,1,7,0);
				(0|7,2,0,1) => (0|7,2,0,1);
				(0|7,2,0,2) => (0|7,2,0,2);
				(0|7,2,0,3) => (0|7,2,0,3);
				(0|7,2,0,6) => (0|7,2,0,6);
				(0|7,2,5,0) => (0|7,2,5,0);
				(0|7,2,7,5) => (0|7,2,7,5);
				(0|7,2,7,6) => (0|7,2,7,6);
				(0|7,3,0,4) => (0|7,3,0,4);
				(0|7,3,0,6) => (0|7,3,0,6);
				(0|7,3,5,0) => (2|7,3,5,0);
				(0|7,3,7,0) => (0|7,3,7,0);
				(0|7,3,7,7) => (0|7,3,7,7);
				(0|7,4,0,0) => (0|7,4,0,0);
				(0|7,4,0,1) => (0|7,4,0,1);
				(0|7,4,0,5) => (0|7,4,0,5);
				(0|7,4,1,0) => (0|7,4,1,0);
				(0|7,4,5,0) => (0|7,4,5,0);
				(0|7,4,7,0) => (0|7,4,7,0);
				(0|7,5,0,2) => (0|7,5,0,2);
				(0|7,5,0,5) => (0|7,5,0,5);
				(0|7,5,5,7) => (0|7,5,5,7);
				(0|7,5,7,2) => (0|7,5,7,2);
				(0|7,6,0,3) => (0|7,6,0,3);
				(0|7,6,2,0) => (0|7,6,2,0);
				(0|7,6,3,0) => (0|7,6,3,0);
				(0|7,6,5,1) => (0|7,6,5,1);
				(0|7,6,7,2) => (0|7,6,7,2);
				(0|7,7,0,2) => (0|7,7,0,2);
				(0|7,7,0,3) => (0|7,7,0,3);
				(0|7,7,0,6) => (0|7,7,0,6);
				(0|7,7,3,7) => (0|7,7,3,7);
				(0|7,7,5,5) => (0|7,7,5,5);
				(0|7,7,7,3) => (0|7,7,7,3);
				(0|7,7,7,7) => (0|7,7,7,7);
				(1|0,0,3,4) => (1|0,0,3,4);
				(1|0,0,4,2) => (1|0,0,4,2);
				(1|0,0,4,3) => (1|0,0,4,3);
				(1|0,0,4,7) => (1|0,0,4,7);
				(1|0,0,7,4) => (1|0,0,7,4);
				(1|0,1,1,6) => (2|0,1,1,6);
				(1|0,1,1,7) => (1|0,1,1,7);
				(1|0,1,2,1) => (1|0,1,2,1);
				(1|0,1,3,2) => (1|0,1,3,2);
				(1|0,1,3,4) => (1|0,1,3,4);
				(1|0,1,4,5) => (1|0,1,4,5);
				(1|0,1,4,6) => (1|0,1,4,6);
				(1|0,1,5,2) => (1|0,1,5,2);
				(1|0,1,5,7) => (1|0,1,5,7);
				(1|0,1,6,2) => (1|0,1,6,2);
				(1|0,1,6,3) => (1|0,1,6,3);
				(1|0,1,7,2) => (1|0,1,7,2);
				(1|0,1,7,3) => (1|0,1,7,3);
				(1|0,1,7,4) => (1|0,1,7,4);
				(1|0,2,0,4) => (1|0,2,0,4);
				(1|0,2,1,3) => (1|0,2,1,3);
				(1|0,2,1,6) => (1|0,2,1,6);
				(1|0,2,3,1) => (1|0,2,3,1);
				(1|0,2,3,2) => (1|0,2,3,2);
				(1|0,2,3,7) => (1|0,2,3,7);
				(1|0,2,4,6) => (1|0,2,4,6);
				(1|0,2,5,3) => (1|0,2,5,3);
				(1|0,2,5,7) => (1|0,2,5,7);
				(1|0,2,6,2) => (1|0,2,6,2);
				(1|0,2,6,3) => (1|0,2,6,3);
				(1|0,2,6,5) => (1|0,2,6,5);
				(1|0,2,6,7) => (1|0,2,6,7);
				(1|0,2,7,5) => (1|0,2,7,5);
				(1|0,2,7,6) => (1|0,2,7,6);
				(1|0,3,0,4) => (1|0,3,0,4);
				(1|0,3,1,6) => (1|0,3,1,6);
				(1|0,3,1,7) => (1|0,3,1,7);
				(1|0,3,2,1) => (1|0,3,2,1);
				(1|0,3,2,2) => (1|0,3,2,2);
				(1|0,3,2,5) => (1|0,3,2,5);
				(1|0,3,2,6) => (1|0,3,2,6);
				(1|0,3,2,7) => (1|0,3,2,7);
				(1|0,3,3,7) => (1|0,3,3,7);
				(1|0,3,4,0) => (1|0,3,4,0);
				(1|0,3,5,7) => (1|0,3,5,7);
				(1|0,3,6,2) => (1|0,3,6,2);
				(1|0,3,6,3) => (1|0,3,6,3);
				(1|0,3,7,6) => (1|0,3,7,6);
				(1|0,4,0,2) => (1|0,4,0,2);
				(1|0,4,0,3) => (1|0,4,0,3);
				(1|0,4,0,4) => (1|0,4,0,4);
				(1|0,4,1,1) => (1|0,4,1,1);
				(1|0,4,1,3) => (1|0,4,1,3);
				(1|0,4,2,0) => (1|0,4,2,0);
				(1|0,4,2,1) => (1|0,4,2,1);
				(1|0,4,2,2) => (1|0,4,2,2);
				(1|0,4,2,5) => (1|0,4,2,5);
				(1|0,4,3,0) => (1|0,4,3,0);
				(1|0,4,6,1) => (1|0,4,6,1);
				(1|0,4,6,5) => (1|0,4,6,5);
				(1|0,4,7,0) => (1|0,4,7,0);
				(1|0,5,1,3) => (2|0,5,1,3);
				(1|0,5,2,1) => (1|0,5,2,1);
				(1|0,5,2,4) => (1|0,5,2,4);
				(1|0,5,2,7) => (1|0,5,2,7);
				(1|0,5,4,1) => (1|0,5,4,1);
				(1|0,5,4,5) => (1|0,5,4,5);
				(1|0,5,5,4) => (1|0,5,5,4);
				(1|0,5,6,2) => (1|0,5,6,2);
				(1|0,6,1,2) => (1|0,6,1,2);
				(1|0,6,1,3) => (1|0,6,1,3);
				(1|0,6,2,1) => (1|0,6,2,1);
				(1|0,6,2,6) => (1|0,6,2,6);
				(1|0,6,2,7) => (1|0,6,2,7);
				(1|0,6,3,3) => (1|0,6,3,3);
				(1|0,6,3,7) => (1|0,6,3,7);
				(1|0,6,4,2) => (1|0,6,4,2);
				(1|0,6,6,1) => (1|0,6,6,1);
				(1|0,6,6,3) => (1|0,6,6,3);
				(1|0,7,1,1) => (1|0,7,1,1);
				(1|0,7,1,2) => (1|0,7,1,2);
				(1|0,7,1,3) => (1|0,7,1,3);
				(1|0,7,1,7) => (1|0,7,1,7);
				(1|0,7,2,1) => (1|0,7,2,1);
				(1|0,7,2,5) => (1|0,7,2,5);
				(1|0,7,2,6) => (1|0,7,2,6);
				(1|0,7,2,7) => (1|0,7,2,7);
				(1|0,7,4,0) => (1|0,7,4,0);
				(1|0,7,4,7) => (1|0,7,4,7);
				(1|0,7,5,3) => (1|0,7,5,3);
				(1|0,7,6,2) => (1|0,7,6,2);
				(1|0,7,6,3) => (1|0,7,6,3);
				(1|0,7,6,7) => (1|0,7,6,7);
				(1|0,7,7,3) => (1|0,7,7,3);
				(1|0,7,7,4) => (1|0,7,7,4);
				(1|1,0,1,2) => (1|1,0,1,2);
				(1|1,0,2,3) => (1|1,0,2,3);
				(1|1,0,3,2) => (1|1,0,3,2);
				(1|1,0,4,1) => (1|1,0,4,1);
				(1|1,0,4,2) => (1|1,0,4,2);
				(1|1,0,4,6) => (1|1,0,4,6);
				(1|1,0,5,2) => (1|1,0,5,2);
				(1|1,0,5,4) => (1|1,0,5,4);
				(1|1,0,6,2) => (1|1,0,6,2);
				(1|1,0,6,6) => (1|1,0,6,6);
				(1|1,0,7,1) => (1|1,0,7,1);
				(1|1,0,7,2) => (1|1,0,7,2);
				(1|1,1,0,4) => (1|1,1,0,4);
				(1|1,1,0,7) => (1|1,1,0,7);
				(1|1,1,1,7) => (1|1,1,1,7);
				(1|1,1,6,0) => (2|1,1,6,0);
				(1|1,1,6,2) => (1|1,1,6,2);
				(1|1,1,7,0) => (1|1,1,7,0);
				(1|1,1,7,1) => (1|1,1,7,1);
				(1|1,1,7,6) => (1|1,1,7,6);
				(1|1,2,0,6) => (1|1,2,0,6);
				(1|1,2,0,7) => (1|1,2,0,7);
				(1|1,2,1,0) => (1|1,2,1,0);
				(1|1,2,6,2) => (1|1,2,6,2);
				(1|1,3,0,2) => (1|1,3,0,2);
				(1|1,3,0,4) => (1|1,3,0,4);
				(1|1,3,0,5) => (2|1,3,0,5);
				(1|1,3,0,6) => (1|1,3,0,6);
				(1|1,3,0,7) => (1|1,3,0,7);
				(1|1,3,2,0) => (1|1,3,2,0);
				(1|1,3,4,0) => (1|1,3,4,0);
				(1|1,4,5,0) => (1|1,4,5,0);
				(1|1,4,6,0) => (1|1,4,6,0);
				(1|1,5,2,0) => (1|1,5,2,0);
				(1|1,5,6,2) => (1|1,5,6,2);
				(1|1,5,7,0) => (1|1,5,7,0);
				(1|1,5,7,7) => (1|1,5,7,7);
				(1|1,6,0,1) => (2|1,6,0,1);
				(1|1,6,0,2) => (1|1,6,0,2);
				(1|1,6,0,3) => (1|1,6,0,3);
				(1|1,6,2,0) => (1|1,6,2,0);
				(1|1,6,2,1) => (1|1,6,2,1);
				(1|1,6,3,0) => (1|1,6,3,0);
				(1|1,6,5,7) => (1|1,6,5,7);
				(1|1,6,6,3) => (1|1,6,6,3);
				(1|1,7,0,1) => (1|1,7,0,1);
				(1|1,7,0,3) => (1|1,7,0,3);
				(1|1,7,0,7) => (1|1,7,0,7);
				(1|1,7,1,1) => (1|1,7,1,1);
				(1|1,7,1,7) => (1|1,7,1,7);
				(1|1,7,2,0) => (1|1,7,2,0);
				(1|1,7,3,0) => (1|1,7,3,0);
				(1|1,7,4,0) => (1|1,7,4,0);
				(1|1,7,6,1) => (1|1,7,6,1);
				(1|2,0,0,4) => (1|2,0,0,4);
				(1|2,0,1,3) => (1|2,0,1,3);
				(1|2,0,1,5) => (1|2,0,1,5);
				(1|2,0,1,6) => (1|2,0,1,6);
				(1|2,0,1,7) => (1|2,0,1,7);
				(1|2,0,2,3) => (1|2,0,2,3);
				(1|2,0,2,6) => (1|2,0,2,6);
				(1|2,0,3,2) => (1|2,0,3,2);
				(1|2,0,3,6) => (1|2,0,3,6);
				(1|2,0,4,0) => (1|2,0,4,0);
				(1|2,0,4,2) => (1|2,0,4,2);
				(1|2,0,5,6) => (1|2,0,5,6);
				(1|2,0,6,1) => (1|2,0,6,1);
				(1|2,0,6,4) => (1|2,0,6,4);
				(1|2,0,7,1) => (1|2,0,7,1);
				(1|2,0,7,6) => (1|2,0,7,6);
				(1|2,1,0,1) => (1|2,1,0,1);
				(1|2,1,0,3) => (1|2,1,0,3);
				(1|2,1,0,4) => (1|2,1,0,4);
				(1|2,1,0,5) => (1|2,1,0,5);
				(1|2,1,0,6) => (1|2,1,0,6);
				(1|2,1,0,7) => (1|2,1,0,7);
				(1|2,1,1,6) => (1|2,1,1,6);
				(1|2,1,2,6) => (1|2,1,2,6);
				(1|2,1,3,0) => (1|2,1,3,0);
				(1|2,1,5,6) => (1|2,1,5,6);
				(1|2,1,6,0) => (1|2,1,6,0);
				(1|2,2,0,3) => (1|2,2,0,3);
				(1|2,2,0,4) => (1|2,2,0,4);
				(1|2,3,1,0) => (1|2,3,1,0);
				(1|2,3,2,0) => (1|2,3,2,0);
				(1|2,3,7,0) => (1|2,3,7,0);
				(1|2,4,0,5) => (1|2,4,0,5);
				(1|2,4,6,0) => (1|2,4,6,0);
				(1|2,5,0,3) => (1|2,5,0,3);
				(1|2,5,0,4) => (1|2,5,0,4);
				(1|2,5,0,7) => (1|2,5,0,7);
				(1|2,5,3,0) => (1|2,5,3,0);
				(1|2,5,5,3) => (1|2,5,5,3);
				(1|2,5,5,6) => (1|2,5,5,6);
				(1|2,5,7,0) => (1|2,5,7,0);
				(1|2,6,0,3) => (1|2,6,0,3);
				(1|2,6,0,6) => (1|2,6,0,6);
				(1|2,6,0,7) => (1|2,6,0,7);
				(1|2,6,2,0) => (1|2,6,2,0);
				(1|2,6,2,1) => (1|2,6,2,1);
				(1|2,6,3,0) => (1|2,6,3,0);
				(1|2,6,5,0) => (1|2,6,5,0);
				(1|2,6,7,0) => (1|2,6,7,0);
				(1|2,7,0,3) => (1|2,7,0,3);
				(1|2,7,0,5) => (1|2,7,0,5);
				(1|2,7,0,6) => (1|2,7,0,6);
				(1|2,7,0,7) => (1|2,7,0,7);
				(1|2,7,5,0) => (1|2,7,5,0);
				(1|2,7,5,7) => (1|2,7,5,7);
				(1|2,7,6,0) => (1|2,7,6,0);
				(1|2,7,6,7) => (1|2,7,6,7);
				(1|2,7,7,5) => (1|2,7,7,5);
				(1|2,7,7,7) => (1|2,7,7,7);
				(1|3,0,0,4) => (1|3,0,0,4);
				(1|3,0,1,6) => (1|3,0,1,6);
				(1|3,0,1,7) => (1|3,0,1,7);
				(1|3,0,2,1) => (1|3,0,2,1);
				(1|3,0,2,5) => (1|3,0,2,5);
				(1|3,0,2,6) => (1|3,0,2,6);
				(1|3,0,3,6) => (1|3,0,3,6);
				(1|3,0,4,0) => (1|3,0,4,0);
				(1|3,0,4,1) => (1|3,0,4,1);
				(1|3,0,5,1) => (2|3,0,5,1);
				(1|3,0,6,1) => (1|3,0,6,1);
				(1|3,0,6,3) => (1|3,0,6,3);
				(1|3,0,6,6) => (1|3,0,6,6);
				(1|3,0,7,1) => (1|3,0,7,1);
				(1|3,0,7,5) => (1|3,0,7,5);
				(1|3,0,7,6) => (1|3,0,7,6);
				(1|3,0,7,7) => (1|3,0,7,7);
				(1|3,1,0,2) => (1|3,1,0,2);
				(1|3,1,6,0) => (1|3,1,6,0);
				(1|3,1,6,6) => (1|3,1,6,6);
				(1|3,1,7,0) => (1|3,1,7,0);
				(1|3,2,0,1) => (1|3,2,0,1);
				(1|3,2,0,2) => (1|3,2,0,2);
				(1|3,2,1,0) => (1|3,2,1,0);
				(1|3,2,2,0) => (1|3,2,2,0);
				(1|3,2,5,0) => (1|3,2,5,0);
				(1|3,2,5,5) => (1|3,2,5,5);
				(1|3,2,6,0) => (1|3,2,6,0);
				(1|3,2,7,0) => (1|3,2,7,0);
				(1|3,3,0,6) => (1|3,3,0,6);
				(1|3,3,7,0) => (1|3,3,7,0);
				(1|3,4,0,0) => (1|3,4,0,0);
				(1|3,4,0,1) => (1|3,4,0,1);
				(1|3,5,6,5) => (1|3,5,6,5);
				(1|3,5,7,0) => (1|3,5,7,0);
				(1|3,5,7,6) => (1|3,5,7,6);
				(1|3,6,2,0) => (1|3,6,2,0);
				(1|3,6,3,0) => (1|3,6,3,0);
				(1|3,6,6,6) => (1|3,6,6,6);
				(1|3,6,7,7) => (1|3,6,7,7);
				(1|3,7,0,2) => (1|3,7,0,2);
				(1|3,7,0,3) => (1|3,7,0,3);
				(1|3,7,0,6) => (1|3,7,0,6);
				(1|3,7,6,0) => (1|3,7,6,0);
				(1|3,7,6,6) => (1|3,7,6,6);
				(1|3,7,7,7) => (1|3,7,7,7);
				(1|4,0,0,3) => (1|4,0,0,3);
				(1|4,0,0,7) => (1|4,0,0,7);
				(1|4,0,1,3) => (1|4,0,1,3);
				(1|4,0,1,7) => (1|4,0,1,7);
				(1|4,0,2,0) => (1|4,0,2,0);
				(1|4,0,3,0) => (1|4,0,3,0);
				(1|4,0,4,0) => (1|4,0,4,0);
				(1|4,0,5,2) => (1|4,0,5,2);
				(1|4,0,5,5) => (1|4,0,5,5);
				(1|4,0,7,7) => (1|4,0,7,7);
				(1|4,1,0,5) => (1|4,1,0,5);
				(1|4,1,1,0) => (1|4,1,1,0);
				(1|4,1,3,0) => (1|4,1,3,0);
				(1|4,2,0,0) => (1|4,2,0,0);
				(1|4,2,0,6) => (1|4,2,0,6);
				(1|4,2,1,0) => (1|4,2,1,0);
				(1|4,2,2,0) => (1|4,2,2,0);
				(1|4,2,5,0) => (1|4,2,5,0);
				(1|4,3,0,0) => (1|4,3,0,0);
				(1|4,5,0,1) => (1|4,5,0,1);
				(1|4,5,0,5) => (1|4,5,0,5);
				(1|4,5,5,5) => (1|4,5,5,5);
				(1|4,6,0,1) => (1|4,6,0,1);
				(1|4,6,0,2) => (1|4,6,0,2);
				(1|4,6,1,0) => (1|4,6,1,0);
				(1|4,6,5,0) => (1|4,6,5,0);
				(1|4,6,6,7) => (1|4,6,6,7);
				(1|4,7,0,0) => (1|4,7,0,0);
				(1|4,7,0,7) => (1|4,7,0,7);
				(1|4,7,7,7) => (1|4,7,7,7);
				(1|5,0,1,4) => (1|5,0,1,4);
				(1|5,0,2,6) => (1|5,0,2,6);
				(1|5,0,2,7) => (1|5,0,2,7);
				(1|5,0,3,2) => (1|5,0,3,2);
				(1|5,0,4,2) => (1|5,0,4,2);
				(1|5,0,4,6) => (1|5,0,4,6);
				(1|5,0,5,4) => (1|5,0,5,4);
				(1|5,0,7,2) => (1|5,0,7,2);
				(1|5,1,3,0) => (2|5,1,3,0);
				(1|5,2,0,1) => (1|5,2,0,1);
				(1|5,2,1,0) => (1|5,2,1,0);
				(1|5,2,4,0) => (1|5,2,4,0);
				(1|5,2,7,0) => (1|5,2,7,0);
				(1|5,2,7,7) => (1|5,2,7,7);
				(1|5,3,0,2) => (1|5,3,0,2);
				(1|5,3,0,7) => (1|5,3,0,7);
				(1|5,3,2,5) => (1|5,3,2,5);
				(1|5,3,5,6) => (1|5,3,5,6);
				(1|5,4,0,5) => (1|5,4,0,5);
				(1|5,4,1,0) => (1|5,4,1,0);
				(1|5,4,5,0) => (1|5,4,5,0);
				(1|5,4,5,5) => (1|5,4,5,5);
				(1|5,5,3,2) => (1|5,5,3,2);
				(1|5,5,4,0) => (1|5,5,4,0);
				(1|5,5,4,5) => (1|5,5,4,5);
				(1|5,5,5,4) => (1|5,5,5,4);
				(1|5,5,6,2) => (1|5,5,6,2);
				(1|5,6,2,0) => (1|5,6,2,0);
				(1|5,6,2,1) => (1|5,6,2,1);
				(1|5,6,2,5) => (1|5,6,2,5);
				(1|5,6,5,3) => (1|5,6,5,3);
				(1|5,7,0,1) => (1|5,7,0,1);
				(1|5,7,0,2) => (1|5,7,0,2);
				(1|5,7,0,3) => (1|5,7,0,3);
				(1|5,7,1,6) => (1|5,7,1,6);
				(1|5,7,2,7) => (1|5,7,2,7);
				(1|5,7,5,7) => (1|5,7,5,7);
				(1|5,7,6,3) => (1|5,7,6,3);
				(1|5,7,7,1) => (1|5,7,7,1);
				(1|6,0,1,1) => (2|6,0,1,1);
				(1|6,0,1,4) => (1|6,0,1,4);
				(1|6,0,2,1) => (1|6,0,2,1);
				(1|6,0,2,4) => (1|6,0,2,4);
				(1|6,0,2,7) => (1|6,0,2,7);
				(1|6,0,3,1) => (1|6,0,3,1);
				(1|6,0,3,2) => (1|6,0,3,2);
				(1|6,0,3,7) => (1|6,0,3,7);
				(1|6,0,6,2) => (1|6,0,6,2);
				(1|6,0,7,2) => (1|6,0,7,2);
				(1|6,1,0,4) => (1|6,1,0,4);
				(1|6,1,0,6) => (1|6,1,0,6);
				(1|6,1,1,7) => (1|6,1,1,7);
				(1|6,1,2,0) => (1|6,1,2,0);
				(1|6,1,3,0) => (1|6,1,3,0);
				(1|6,2,0,1) => (1|6,2,0,1);
				(1|6,2,0,2) => (1|6,2,0,2);
				(1|6,2,0,3) => (1|6,2,0,3);
				(1|6,2,0,5) => (1|6,2,0,5);
				(1|6,2,0,7) => (1|6,2,0,7);
				(1|6,2,1,0) => (1|6,2,1,0);
				(1|6,2,1,1) => (1|6,2,1,1);
				(1|6,2,1,2) => (1|6,2,1,2);
				(1|6,2,1,5) => (1|6,2,1,5);
				(1|6,2,5,5) => (1|6,2,5,5);
				(1|6,2,6,0) => (1|6,2,6,0);
				(1|6,2,7,0) => (1|6,2,7,0);
				(1|6,3,0,1) => (1|6,3,0,1);
				(1|6,3,0,2) => (1|6,3,0,2);
				(1|6,3,0,3) => (1|6,3,0,3);
				(1|6,3,0,6) => (1|6,3,0,6);
				(1|6,3,0,7) => (1|6,3,0,7);
				(1|6,3,1,6) => (1|6,3,1,6);
				(1|6,3,3,0) => (1|6,3,3,0);
				(1|6,3,5,7) => (1|6,3,5,7);
				(1|6,3,6,6) => (1|6,3,6,6);
				(1|6,3,7,0) => (1|6,3,7,0);
				(1|6,3,7,6) => (1|6,3,7,6);
				(1|6,4,2,0) => (1|6,4,2,0);
				(1|6,5,0,2) => (1|6,5,0,2);
				(1|6,5,0,4) => (1|6,5,0,4);
				(1|6,5,3,5) => (1|6,5,3,5);
				(1|6,5,7,1) => (1|6,5,7,1);
				(1|6,6,1,0) => (1|6,6,1,0);
				(1|6,6,3,0) => (1|6,6,3,0);
				(1|6,6,3,1) => (1|6,6,3,1);
				(1|6,6,3,6) => (1|6,6,3,6);
				(1|6,6,3,7) => (1|6,6,3,7);
				(1|6,6,6,3) => (1|6,6,6,3);
				(1|6,6,7,4) => (1|6,6,7,4);
				(1|6,7,0,2) => (1|6,7,0,2);
				(1|6,7,0,7) => (1|6,7,0,7);
				(1|6,7,2,7) => (1|6,7,2,7);
				(1|6,7,4,6) => (1|6,7,4,6);
				(1|6,7,7,3) => (1|6,7,7,3);
				(1|7,0,0,4) => (1|7,0,0,4);
				(1|7,0,1,1) => (1|7,0,1,1);
				(1|7,0,1,5) => (1|7,0,1,5);
				(1|7,0,2,3) => (1|7,0,2,3);
				(1|7,0,2,5) => (1|7,0,2,5);
				(1|7,0,2,6) => (1|7,0,2,6);
				(1|7,0,3,1) => (1|7,0,3,1);
				(1|7,0,3,2) => (1|7,0,3,2);
				(1|7,0,3,3) => (1|7,0,3,3);
				(1|7,0,3,5) => (1|7,0,3,5);
				(1|7,0,5,2) => (1|7,0,5,2);
				(1|7,0,6,2) => (1|7,0,6,2);
				(1|7,0,6,3) => (1|7,0,6,3);
				(1|7,0,7,1) => (1|7,0,7,1);
				(1|7,0,7,2) => (1|7,0,7,2);
				(1|7,0,7,4) => (1|7,0,7,4);
				(1|7,0,7,6) => (1|7,0,7,6);
				(1|7,1,1,0) => (1|7,1,1,0);
				(1|7,1,1,1) => (1|7,1,1,1);
				(1|7,1,2,0) => (1|7,1,2,0);
				(1|7,1,3,0) => (1|7,1,3,0);
				(1|7,1,5,7) => (1|7,1,5,7);
				(1|7,1,6,5) => (1|7,1,6,5);
				(1|7,1,7,0) => (1|7,1,7,0);
				(1|7,1,7,1) => (1|7,1,7,1);
				(1|7,2,0,1) => (1|7,2,0,1);
				(1|7,2,1,0) => (1|7,2,1,0);
				(1|7,2,5,0) => (1|7,2,5,0);
				(1|7,2,6,0) => (1|7,2,6,0);
				(1|7,2,7,0) => (1|7,2,7,0);
				(1|7,2,7,5) => (1|7,2,7,5);
				(1|7,2,7,6) => (1|7,2,7,6);
				(1|7,2,7,7) => (1|7,2,7,7);
				(1|7,3,0,1) => (1|7,3,0,1);
				(1|7,3,0,7) => (1|7,3,0,7);
				(1|7,3,6,7) => (1|7,3,6,7);
				(1|7,3,7,7) => (1|7,3,7,7);
				(1|7,4,0,0) => (1|7,4,0,0);
				(1|7,4,0,1) => (1|7,4,0,1);
				(1|7,4,0,7) => (1|7,4,0,7);
				(1|7,4,6,6) => (1|7,4,6,6);
				(1|7,4,7,0) => (1|7,4,7,0);
				(1|7,4,7,7) => (1|7,4,7,7);
				(1|7,5,0,2) => (1|7,5,0,2);
				(1|7,5,2,7) => (1|7,5,2,7);
				(1|7,5,3,0) => (1|7,5,3,0);
				(1|7,5,7,2) => (1|7,5,7,2);
				(1|7,5,7,5) => (1|7,5,7,5);
				(1|7,6,0,2) => (1|7,6,0,2);
				(1|7,6,0,3) => (1|7,6,0,3);
				(1|7,6,1,1) => (1|7,6,1,1);
				(1|7,6,2,0) => (1|7,6,2,0);
				(1|7,6,3,0) => (1|7,6,3,0);
				(1|7,6,3,5) => (1|7,6,3,5);
				(1|7,6,6,3) => (1|7,6,6,3);
				(1|7,6,7,0) => (1|7,6,7,0);
				(1|7,6,7,2) => (1|7,6,7,2);
				(1|7,7,1,5) => (1|7,7,1,5);
				(1|7,7,2,7) => (1|7,7,2,7);
				(1|7,7,3,0) => (1|7,7,3,0);
				(1|7,7,3,6) => (1|7,7,3,6);
				(1|7,7,3,7) => (1|7,7,3,7);
				(1|7,7,4,0) => (1|7,7,4,0);
				(1|7,7,4,7) => (1|7,7,4,7);
				(1|7,7,5,2) => (1|7,7,5,2);
				(1|7,7,7,2) => (1|7,7,7,2);
				(1|7,7,7,3) => (1|7,7,7,3);
				(1|7,7,7,4) => (1|7,7,7,4);
				(2|0,0,1,4) => (2|0,0,1,4);
				(2|0,0,2,2) => (2|0,0,2,2);
				(2|0,0,2,3) => (2|0,0,2,3);
				(2|0,0,2,4) => (2|0,0,2,4);
				(2|0,0,3,2) => (2|0,0,3,2);
				(2|0,0,4,3) => (2|0,0,4,3);
				(2|0,0,4,6) => (2|0,0,4,6);
				(2|0,0,4,7) => (2|0,0,4,7);
				(2|0,1,0,4) => (2|0,1,0,4);
				(2|0,1,1,1) => (2|0,1,1,1);
				(2|0,1,1,2) => (2|0,1,1,2);
				(2|0,1,1,6) => (4|0,1,1,6);
				(2|0,1,1,7) => (2|0,1,1,7);
				(2|0,1,2,1) => (2|0,1,2,1);
				(2|0,1,2,5) => (2|0,1,2,5);
				(2|0,1,3,3) => (2|0,1,3,3);
				(2|0,1,3,6) => (2|0,1,3,6);
				(2|0,1,4,0) => (2|0,1,4,0);
				(2|0,1,4,5) => (2|0,1,4,5);
				(2|0,1,4,6) => (2|0,1,4,6);
				(2|0,1,4,7) => (2|0,1,4,7);
				(2|0,1,5,2) => (2|0,1,5,2);
				(2|0,1,6,2) => (2|0,1,6,2);
				(2|0,1,6,3) => (2|0,1,6,3);
				(2|0,1,6,6) => (2|0,1,6,6);
				(2|0,1,7,3) => (2|0,1,7,3);
				(2|0,2,1,3) => (2|0,2,1,3);
				(2|0,2,2,0) => (2|0,2,2,0);
				(2|0,2,2,3) => (2|0,2,2,3);
				(2|0,2,2,5) => (5|0,2,2,5);
				(2|0,2,3,0) => (2|0,2,3,0);
				(2|0,2,3,1) => (2|0,2,3,1);
				(2|0,2,3,2) => (2|0,2,3,2);
				(2|0,2,3,3) => (2|0,2,3,3);
				(2|0,2,4,0) => (2|0,2,4,0);
				(2|0,2,5,3) => (2|0,2,5,3);
				(2|0,2,6,1) => (2|0,2,6,1);
				(2|0,2,7,5) => (2|0,2,7,5);
				(2|0,3,0,4) => (2|0,3,0,4);
				(2|0,3,1,6) => (2|0,3,1,6);
				(2|0,3,2,0) => (2|0,3,2,0);
				(2|0,3,2,6) => (2|0,3,2,6);
				(2|0,3,3,6) => (4|0,3,3,6);
				(2|0,3,4,7) => (2|0,3,4,7);
				(2|0,3,6,1) => (2|0,3,6,1);
				(2|0,3,6,2) => (2|0,3,6,2);
				(2|0,3,6,3) => (2|0,3,6,3);
				(2|0,3,7,1) => (2|0,3,7,1);
				(2|0,4,0,1) => (2|0,4,0,1);
				(2|0,4,0,3) => (2|0,4,0,3);
				(2|0,4,0,4) => (2|0,4,0,4);
				(2|0,4,0,7) => (2|0,4,0,7);
				(2|0,4,1,1) => (2|0,4,1,1);
				(2|0,4,3,0) => (2|0,4,3,0);
				(2|0,4,5,7) => (2|0,4,5,7);
				(2|0,4,6,0) => (2|0,4,6,0);
				(2|0,4,6,1) => (2|0,4,6,1);
				(2|0,4,7,0) => (2|0,4,7,0);
				(2|0,5,2,7) => (2|0,5,2,7);
				(2|0,5,4,5) => (2|0,5,4,5);
				(2|0,5,4,7) => (2|0,5,4,7);
				(2|0,5,6,3) => (2|0,5,6,3);
				(2|0,5,7,2) => (2|0,5,7,2);
				(2|0,5,7,3) => (2|0,5,7,3);
				(2|0,5,7,5) => (2|0,5,7,5);
				(2|0,6,2,7) => (2|0,6,2,7);
				(2|0,6,3,1) => (2|0,6,3,1);
				(2|0,6,4,5) => (2|0,6,4,5);
				(2|0,6,5,7) => (2|0,6,5,7);
				(2|0,6,6,3) => (2|0,6,6,3);
				(2|0,6,7,3) => (2|0,6,7,3);
				(2|0,6,7,7) => (2|0,6,7,7);
				(2|0,7,0,4) => (2|0,7,0,4);
				(2|0,7,1,1) => (2|0,7,1,1);
				(2|0,7,1,3) => (2|0,7,1,3);
				(2|0,7,1,6) => (2|0,7,1,6);
				(2|0,7,3,3) => (2|0,7,3,3);
				(2|0,7,5,1) => (2|0,7,5,1);
				(2|0,7,5,2) => (2|0,7,5,2);
				(2|0,7,5,6) => (2|0,7,5,6);
				(2|0,7,6,3) => (2|0,7,6,3);
				(2|0,7,7,1) => (2|0,7,7,1);
				(2|0,7,7,2) => (2|0,7,7,2);
				(2|0,7,7,4) => (2|0,7,7,4);
				(2|0,7,7,5) => (4|0,7,7,5);
				(2|0,7,7,6) => (2|0,7,7,6);
				(2|1,0,1,1) => (2|1,0,1,1);
				(2|1,0,1,2) => (2|1,0,1,2);
				(2|1,0,2,3) => (2|1,0,2,3);
				(2|1,0,2,6) => (2|1,0,2,6);
				(2|1,0,3,6) => (2|1,0,3,6);
				(2|1,0,3,7) => (2|1,0,3,7);
				(2|1,0,4,0) => (2|1,0,4,0);
				(2|1,0,4,1) => (2|1,0,4,1);
				(2|1,0,4,6) => (2|1,0,4,6);
				(2|1,0,6,3) => (2|1,0,6,3);
				(2|1,0,7,1) => (2|1,0,7,1);
				(2|1,0,7,5) => (2|1,0,7,5);
				(2|1,0,7,7) => (2|1,0,7,7);
				(2|1,1,0,1) => (2|1,1,0,1);
				(2|1,1,0,4) => (2|1,1,0,4);
				(2|1,1,0,7) => (2|1,1,0,7);
				(2|1,1,1,0) => (2|1,1,1,0);
				(2|1,1,2,0) => (2|1,1,2,0);
				(2|1,1,6,0) => (4|1,1,6,0);
				(2|1,1,7,0) => (2|1,1,7,0);
				(2|1,1,7,6) => (2|1,1,7,6);
				(2|1,2,0,1) => (2|1,2,0,1);
				(2|1,2,1,0) => (2|1,2,1,0);
				(2|1,2,5,0) => (2|1,2,5,0);
				(2|1,3,0,2) => (2|1,3,0,2);
				(2|1,3,0,7) => (2|1,3,0,7);
				(2|1,3,3,0) => (2|1,3,3,0);
				(2|1,3,5,3) => (2|1,3,5,3);
				(2|1,3,6,0) => (2|1,3,6,0);
				(2|1,4,0,0) => (2|1,4,0,0);
				(2|1,4,5,0) => (2|1,4,5,0);
				(2|1,4,6,0) => (2|1,4,6,0);
				(2|1,4,7,0) => (2|1,4,7,0);
				(2|1,5,2,0) => (2|1,5,2,0);
				(2|1,5,2,5) => (2|1,5,2,5);
				(2|1,5,7,6) => (2|1,5,7,6);
				(2|1,6,0,1) => (4|1,6,0,1);
				(2|1,6,0,3) => (2|1,6,0,3);
				(2|1,6,0,7) => (2|1,6,0,7);
				(2|1,6,2,0) => (2|1,6,2,0);
				(2|1,6,3,0) => (2|1,6,3,0);
				(2|1,6,6,0) => (2|1,6,6,0);
				(2|1,6,7,6) => (2|1,6,7,6);
				(2|1,6,7,7) => (2|1,6,7,7);
				(2|1,7,0,1) => (2|1,7,0,1);
				(2|1,7,3,0) => (2|1,7,3,0);
				(2|1,7,6,1) => (2|1,7,6,1);
				(2|1,7,7,6) => (2|1,7,7,6);
				(2|2,0,0,2) => (2|2,0,0,2);
				(2|2,0,0,3) => (2|2,0,0,3);
				(2|2,0,1,1) => (2|2,0,1,1);
				(2|2,0,1,5) => (2|2,0,1,5);
				(2|2,0,1,6) => (2|2,0,1,6);
				(2|2,0,2,3) => (2|2,0,2,3);
				(2|2,0,3,6) => (2|2,0,3,6);
				(2|2,0,5,7) => (2|2,0,5,7);
				(2|2,0,7,5) => (2|2,0,7,5);
				(2|2,0,7,7) => (2|2,0,7,7);
				(2|2,1,0,1) => (2|2,1,0,1);
				(2|2,1,3,0) => (2|2,1,3,0);
				(2|2,2,0,0) => (2|2,2,0,0);
				(2|2,2,3,0) => (2|2,2,3,0);
				(2|2,2,5,0) => (5|2,2,5,0);
				(2|2,3,0,0) => (2|2,3,0,0);
				(2|2,3,0,2) => (2|2,3,0,2);
				(2|2,3,1,0) => (2|2,3,1,0);
				(2|2,3,2,0) => (2|2,3,2,0);
				(2|2,3,3,0) => (2|2,3,3,0);
				(2|2,3,5,5) => (2|2,3,5,5);
				(2|2,4,0,0) => (2|2,4,0,0);
				(2|2,5,0,1) => (2|2,5,0,1);
				(2|2,5,0,2) => (5|2,5,0,2);
				(2|2,5,1,5) => (2|2,5,1,5);
				(2|2,5,2,5) => (2|2,5,2,5);
				(2|2,5,3,0) => (2|2,5,3,0);
				(2|2,5,6,5) => (2|2,5,6,5);
				(2|2,5,7,6) => (2|2,5,7,6);
				(2|2,6,0,3) => (2|2,6,0,3);
				(2|2,6,1,0) => (2|2,6,1,0);
				(2|2,6,5,5) => (2|2,6,5,5);
				(2|2,7,0,5) => (2|2,7,0,5);
				(2|2,7,0,6) => (2|2,7,0,6);
				(2|2,7,5,0) => (2|2,7,5,0);
				(2|2,7,5,7) => (2|2,7,5,7);
				(2|2,7,6,5) => (2|2,7,6,5);
				(2|2,7,7,7) => (2|2,7,7,7);
				(2|3,0,0,2) => (2|3,0,0,2);
				(2|3,0,0,4) => (2|3,0,0,4);
				(2|3,0,1,3) => (2|3,0,1,3);
				(2|3,0,1,6) => (2|3,0,1,6);
				(2|3,0,1,7) => (2|3,0,1,7);
				(2|3,0,2,1) => (2|3,0,2,1);
				(2|3,0,2,2) => (2|3,0,2,2);
				(2|3,0,2,3) => (2|3,0,2,3);
				(2|3,0,2,5) => (2|3,0,2,5);
				(2|3,0,3,6) => (2|3,0,3,6);
				(2|3,0,4,0) => (2|3,0,4,0);
				(2|3,0,5,6) => (2|3,0,5,6);
				(2|3,0,5,7) => (2|3,0,5,7);
				(2|3,0,6,6) => (2|3,0,6,6);
				(2|3,0,6,7) => (2|3,0,6,7);
				(2|3,0,7,1) => (2|3,0,7,1);
				(2|3,0,7,3) => (2|3,0,7,3);
				(2|3,0,7,6) => (2|3,0,7,6);
				(2|3,1,0,2) => (2|3,1,0,2);
				(2|3,1,0,6) => (2|3,1,0,6);
				(2|3,1,3,5) => (2|3,1,3,5);
				(2|3,1,6,0) => (2|3,1,6,0);
				(2|3,2,0,0) => (2|3,2,0,0);
				(2|3,2,0,2) => (2|3,2,0,2);
				(2|3,2,6,0) => (2|3,2,6,0);
				(2|3,3,0,1) => (2|3,3,0,1);
				(2|3,3,0,2) => (2|3,3,0,2);
				(2|3,3,0,7) => (2|3,3,0,7);
				(2|3,3,6,0) => (4|3,3,6,0);
				(2|3,4,7,0) => (2|3,4,7,0);
				(2|3,5,3,1) => (2|3,5,3,1);
				(2|3,5,5,2) => (2|3,5,5,2);
				(2|3,6,0,1) => (2|3,6,0,1);
				(2|3,6,0,3) => (4|3,6,0,3);
				(2|3,6,1,0) => (2|3,6,1,0);
				(2|3,6,2,0) => (2|3,6,2,0);
				(2|3,6,3,0) => (2|3,6,3,0);
				(2|3,7,1,0) => (2|3,7,1,0);
				(2|4,0,0,1) => (2|4,0,0,1);
				(2|4,0,0,2) => (2|4,0,0,2);
				(2|4,0,1,0) => (2|4,0,1,0);
				(2|4,0,3,0) => (2|4,0,3,0);
				(2|4,0,4,0) => (2|4,0,4,0);
				(2|4,0,7,0) => (2|4,0,7,0);
				(2|4,0,7,7) => (2|4,0,7,7);
				(2|4,1,1,0) => (2|4,1,1,0);
				(2|4,3,0,0) => (2|4,3,0,0);
				(2|4,5,0,1) => (2|4,5,0,1);
				(2|4,5,0,5) => (2|4,5,0,5);
				(2|4,5,0,6) => (2|4,5,0,6);
				(2|4,5,7,0) => (2|4,5,7,0);
				(2|4,6,0,0) => (2|4,6,0,0);
				(2|4,6,0,1) => (2|4,6,0,1);
				(2|4,6,1,0) => (2|4,6,1,0);
				(2|4,7,0,0) => (2|4,7,0,0);
				(2|4,7,0,1) => (2|4,7,0,1);
				(2|4,7,0,3) => (2|4,7,0,3);
				(2|4,7,0,5) => (2|4,7,0,5);
				(2|5,0,1,2) => (2|5,0,1,2);
				(2|5,0,1,4) => (2|5,0,1,4);
				(2|5,0,2,2) => (5|5,0,2,2);
				(2|5,0,2,7) => (2|5,0,2,7);
				(2|5,0,5,4) => (2|5,0,5,4);
				(2|5,0,5,7) => (2|5,0,5,7);
				(2|5,0,6,4) => (2|5,0,6,4);
				(2|5,0,7,7) => (4|5,0,7,7);
				(2|5,1,0,7) => (2|5,1,0,7);
				(2|5,1,5,2) => (2|5,1,5,2);
				(2|5,2,0,1) => (2|5,2,0,1);
				(2|5,2,0,7) => (2|5,2,0,7);
				(2|5,2,3,5) => (2|5,2,3,5);
				(2|5,2,5,1) => (2|5,2,5,1);
				(2|5,2,5,2) => (2|5,2,5,2);
				(2|5,2,5,6) => (2|5,2,5,6);
				(2|5,2,6,5) => (2|5,2,6,5);
				(2|5,2,7,0) => (2|5,2,7,0);
				(2|5,2,7,6) => (2|5,2,7,6);
				(2|5,3,0,2) => (2|5,3,0,2);
				(2|5,3,1,3) => (2|5,3,1,3);
				(2|5,4,5,0) => (2|5,4,5,0);
				(2|5,4,7,0) => (2|5,4,7,0);
				(2|5,5,2,3) => (2|5,5,2,3);
				(2|5,5,2,6) => (2|5,5,2,6);
				(2|5,5,7,6) => (2|5,5,7,6);
				(2|5,5,7,7) => (2|5,5,7,7);
				(2|5,6,0,7) => (2|5,6,0,7);
				(2|5,6,3,0) => (2|5,6,3,0);
				(2|5,6,5,2) => (2|5,6,5,2);
				(2|5,6,6,7) => (2|5,6,6,7);
				(2|5,6,7,6) => (2|5,6,7,6);
				(2|5,7,0,4) => (2|5,7,0,4);
				(2|5,7,0,6) => (2|5,7,0,6);
				(2|5,7,2,0) => (2|5,7,2,0);
				(2|5,7,2,7) => (2|5,7,2,7);
				(2|5,7,3,0) => (2|5,7,3,0);
				(2|5,7,5,0) => (2|5,7,5,0);
				(2|5,7,6,1) => (2|5,7,6,1);
				(2|5,7,6,2) => (2|5,7,6,2);
				(2|5,7,6,5) => (2|5,7,6,5);
				(2|5,7,6,6) => (2|5,7,6,6);
				(2|5,7,7,5) => (2|5,7,7,5);
				(2|6,0,0,4) => (2|6,0,0,4);
				(2|6,0,1,1) => (4|6,0,1,1);
				(2|6,0,1,3) => (2|6,0,1,3);
				(2|6,0,1,4) => (2|6,0,1,4);
				(2|6,0,1,6) => (2|6,0,1,6);
				(2|6,0,3,1) => (2|6,0,3,1);
				(2|6,0,3,2) => (2|6,0,3,2);
				(2|6,0,3,3) => (4|6,0,3,3);
				(2|6,0,7,1) => (2|6,0,7,1);
				(2|6,0,7,5) => (2|6,0,7,5);
				(2|6,0,7,7) => (2|6,0,7,7);
				(2|6,1,0,2) => (2|6,1,0,2);
				(2|6,1,0,3) => (2|6,1,0,3);
				(2|6,1,0,4) => (2|6,1,0,4);
				(2|6,1,1,7) => (2|6,1,1,7);
				(2|6,1,5,7) => (2|6,1,5,7);
				(2|6,1,6,7) => (2|6,1,6,7);
				(2|6,1,7,7) => (2|6,1,7,7);
				(2|6,2,0,1) => (2|6,2,0,1);
				(2|6,2,0,3) => (2|6,2,0,3);
				(2|6,2,5,7) => (2|6,2,5,7);
				(2|6,2,7,0) => (2|6,2,7,0);
				(2|6,3,0,1) => (2|6,3,0,1);
				(2|6,3,0,3) => (2|6,3,0,3);
				(2|6,3,0,5) => (2|6,3,0,5);
				(2|6,3,0,6) => (2|6,3,0,6);
				(2|6,3,0,7) => (2|6,3,0,7);
				(2|6,3,1,0) => (2|6,3,1,0);
				(2|6,4,5,0) => (2|6,4,5,0);
				(2|6,5,2,5) => (2|6,5,2,5);
				(2|6,5,2,7) => (2|6,5,2,7);
				(2|6,5,5,2) => (2|6,5,5,2);
				(2|6,5,5,7) => (2|6,5,5,7);
				(2|6,5,6,7) => (2|6,5,6,7);
				(2|6,5,7,0) => (2|6,5,7,0);
				(2|6,5,7,6) => (2|6,5,7,6);
				(2|6,6,0,1) => (2|6,6,0,1);
				(2|6,6,3,0) => (2|6,6,3,0);
				(2|6,6,5,7) => (2|6,6,5,7);
				(2|6,6,7,5) => (2|6,6,7,5);
				(2|6,7,3,0) => (2|6,7,3,0);
				(2|6,7,5,6) => (2|6,7,5,6);
				(2|6,7,6,1) => (2|6,7,6,1);
				(2|6,7,6,5) => (2|6,7,6,5);
				(2|6,7,7,0) => (2|6,7,7,0);
				(2|6,7,7,1) => (2|6,7,7,1);
				(2|7,0,0,4) => (2|7,0,0,4);
				(2|7,0,1,1) => (2|7,0,1,1);
				(2|7,0,1,4) => (2|7,0,1,4);
				(2|7,0,3,4) => (2|7,0,3,4);
				(2|7,0,4,0) => (2|7,0,4,0);
				(2|7,0,4,5) => (2|7,0,4,5);
				(2|7,0,5,2) => (2|7,0,5,2);
				(2|7,0,5,4) => (2|7,0,5,4);
				(2|7,0,6,2) => (2|7,0,6,2);
				(2|7,0,6,5) => (2|7,0,6,5);
				(2|7,0,6,7) => (2|7,0,6,7);
				(2|7,1,0,3) => (2|7,1,0,3);
				(2|7,1,0,7) => (2|7,1,0,7);
				(2|7,1,1,0) => (2|7,1,1,0);
				(2|7,1,3,0) => (2|7,1,3,0);
				(2|7,1,6,0) => (2|7,1,6,0);
				(2|7,1,6,7) => (2|7,1,6,7);
				(2|7,2,0,5) => (2|7,2,0,5);
				(2|7,2,0,7) => (2|7,2,0,7);
				(2|7,2,7,5) => (2|7,2,7,5);
				(2|7,2,7,7) => (2|7,2,7,7);
				(2|7,3,0,1) => (2|7,3,0,1);
				(2|7,3,0,5) => (2|7,3,0,5);
				(2|7,3,0,6) => (2|7,3,0,6);
				(2|7,3,3,0) => (2|7,3,3,0);
				(2|7,4,0,7) => (2|7,4,0,7);
				(2|7,5,0,2) => (2|7,5,0,2);
				(2|7,5,0,5) => (2|7,5,0,5);
				(2|7,5,0,7) => (4|7,5,0,7);
				(2|7,5,1,0) => (2|7,5,1,0);
				(2|7,5,2,0) => (2|7,5,2,0);
				(2|7,5,5,7) => (2|7,5,5,7);
				(2|7,5,6,0) => (2|7,5,6,0);
				(2|7,5,6,6) => (2|7,5,6,6);
				(2|7,5,7,2) => (2|7,5,7,2);
				(2|7,6,0,7) => (2|7,6,0,7);
				(2|7,6,1,1) => (2|7,6,1,1);
				(2|7,6,1,5) => (2|7,6,1,5);
				(2|7,6,1,6) => (2|7,6,1,6);
				(2|7,6,1,7) => (2|7,6,1,7);
				(2|7,6,2,5) => (2|7,6,2,5);
				(2|7,6,3,0) => (2|7,6,3,0);
				(2|7,6,5,2) => (2|7,6,5,2);
				(2|7,6,5,5) => (2|7,6,5,5);
				(2|7,6,5,6) => (2|7,6,5,6);
				(2|7,6,6,5) => (2|7,6,6,5);
				(2|7,7,0,6) => (2|7,7,0,6);
				(2|7,7,1,0) => (2|7,7,1,0);
				(2|7,7,1,6) => (2|7,7,1,6);
				(2|7,7,2,0) => (2|7,7,2,0);
				(2|7,7,2,7) => (2|7,7,2,7);
				(2|7,7,4,0) => (2|7,7,4,0);
				(2|7,7,5,0) => (4|7,7,5,0);
				(2|7,7,5,5) => (2|7,7,5,5);
				(2|7,7,6,0) => (2|7,7,6,0);
				(2|7,7,6,1) => (2|7,7,6,1);
				(2|7,7,7,2) => (2|7,7,7,2);
				(3|0,0,2,2) => (3|0,0,2,2);
				(3|0,0,2,3) => (3|0,0,2,3);
				(3|0,0,2,7) => (3|0,0,2,7);
				(3|0,0,4,2) => (3|0,0,4,2);
				(3|0,0,4,6) => (3|0,0,4,6);
				(3|0,0,4,7) => (3|0,0,4,7);
				(3|0,0,6,4) => (3|0,0,6,4);
				(3|0,0,7,4) => (3|0,0,7,4);
				(3|0,1,2,1) => (3|0,1,2,1);
				(3|0,1,2,4) => (3|0,1,2,4);
				(3|0,1,3,7) => (3|0,1,3,7);
				(3|0,1,4,6) => (3|0,1,4,6);
				(3|0,1,5,2) => (3|0,1,5,2);
				(3|0,1,6,2) => (3|0,1,6,2);
				(3|0,1,7,1) => (3|0,1,7,1);
				(3|0,1,7,3) => (3|0,1,7,3);
				(3|0,1,7,4) => (3|0,1,7,4);
				(3|0,1,7,6) => (3|0,1,7,6);
				(3|0,2,0,4) => (3|0,2,0,4);
				(3|0,2,2,0) => (3|0,2,2,0);
				(3|0,2,2,6) => (3|0,2,2,6);
				(3|0,2,3,0) => (3|0,2,3,0);
				(3|0,2,3,1) => (3|0,2,3,1);
				(3|0,2,4,6) => (3|0,2,4,6);
				(3|0,2,5,1) => (3|0,2,5,1);
				(3|0,2,6,1) => (3|0,2,6,1);
				(3|0,2,6,3) => (3|0,2,6,3);
				(3|0,2,6,5) => (3|0,2,6,5);
				(3|0,2,6,6) => (3|0,2,6,6);
				(3|0,2,6,7) => (3|0,2,6,7);
				(3|0,2,7,0) => (3|0,2,7,0);
				(3|0,2,7,5) => (3|0,2,7,5);
				(3|0,2,7,6) => (3|0,2,7,6);
				(3|0,3,1,3) => (3|0,3,1,3);
				(3|0,3,2,5) => (3|0,3,2,5);
				(3|0,3,2,6) => (3|0,3,2,6);
				(3|0,3,4,6) => (3|0,3,4,6);
				(3|0,3,5,7) => (3|0,3,5,7);
				(3|0,3,7,7) => (3|0,3,7,7);
				(3|0,4,0,2) => (3|0,4,0,2);
				(3|0,4,0,4) => (3|0,4,0,4);
				(3|0,4,0,6) => (3|0,4,0,6);
				(3|0,4,1,1) => (3|0,4,1,1);
				(3|0,4,2,0) => (3|0,4,2,0);
				(3|0,4,5,5) => (3|0,4,5,5);
				(3|0,4,6,0) => (3|0,4,6,0);
				(3|0,4,6,1) => (3|0,4,6,1);
				(3|0,4,6,5) => (3|0,4,6,5);
				(3|0,4,7,0) => (3|0,4,7,0);
				(3|0,5,2,4) => (3|0,5,2,4);
				(3|0,5,2,7) => (3|0,5,2,7);
				(3|0,5,4,5) => (3|0,5,4,5);
				(3|0,5,4,7) => (3|0,5,4,7);
				(3|0,5,6,2) => (3|0,5,6,2);
				(3|0,5,7,2) => (3|0,5,7,2);
				(3|0,6,0,4) => (3|0,6,0,4);
				(3|0,6,2,7) => (3|0,6,2,7);
				(3|0,6,3,1) => (3|0,6,3,1);
				(3|0,6,3,7) => (3|0,6,3,7);
				(3|0,6,4,0) => (3|0,6,4,0);
				(3|0,6,4,5) => (3|0,6,4,5);
				(3|0,6,4,7) => (3|0,6,4,7);
				(3|0,6,6,1) => (3|0,6,6,1);
				(3|0,6,6,2) => (3|0,6,6,2);
				(3|0,6,6,3) => (3|0,6,6,3);
				(3|0,6,6,7) => (3|0,6,6,7);
				(3|0,6,7,2) => (3|0,6,7,2);
				(3|0,6,7,3) => (3|0,6,7,3);
				(3|0,6,7,7) => (3|0,6,7,7);
				(3|0,7,1,1) => (3|0,7,1,1);
				(3|0,7,1,6) => (3|0,7,1,6);
				(3|0,7,3,7) => (3|0,7,3,7);
				(3|0,7,4,0) => (3|0,7,4,0);
				(3|0,7,5,1) => (3|0,7,5,1);
				(3|0,7,5,2) => (3|0,7,5,2);
				(3|0,7,7,3) => (3|0,7,7,3);
				(3|1,0,1,2) => (3|1,0,1,2);
				(3|1,0,1,7) => (3|1,0,1,7);
				(3|1,0,2,3) => (3|1,0,2,3);
				(3|1,0,2,5) => (3|1,0,2,5);
				(3|1,0,2,6) => (3|1,0,2,6);
				(3|1,0,4,1) => (3|1,0,4,1);
				(3|1,0,4,6) => (3|1,0,4,6);
				(3|1,0,6,3) => (3|1,0,6,3);
				(3|1,0,6,6) => (3|1,0,6,6);
				(3|1,0,7,1) => (3|1,0,7,1);
				(3|1,0,7,5) => (3|1,0,7,5);
				(3|1,1,0,4) => (3|1,1,0,4);
				(3|1,1,0,7) => (3|1,1,0,7);
				(3|1,2,1,0) => (3|1,2,1,0);
				(3|1,2,4,0) => (3|1,2,4,0);
				(3|1,2,5,2) => (3|1,2,5,2);
				(3|1,3,0,3) => (3|1,3,0,3);
				(3|1,3,7,0) => (3|1,3,7,0);
				(3|1,4,6,0) => (3|1,4,6,0);
				(3|1,5,2,0) => (3|1,5,2,0);
				(3|1,5,2,5) => (3|1,5,2,5);
				(3|1,5,7,5) => (3|1,5,7,5);
				(3|1,5,7,7) => (3|1,5,7,7);
				(3|1,6,0,7) => (3|1,6,0,7);
				(3|1,6,2,0) => (3|1,6,2,0);
				(3|1,6,7,6) => (3|1,6,7,6);
				(3|1,6,7,7) => (3|1,6,7,7);
				(3|1,7,1,0) => (3|1,7,1,0);
				(3|1,7,3,0) => (3|1,7,3,0);
				(3|1,7,4,0) => (3|1,7,4,0);
				(3|1,7,6,0) => (3|1,7,6,0);
				(3|1,7,6,7) => (3|1,7,6,7);
				(3|2,0,0,2) => (3|2,0,0,2);
				(3|2,0,0,4) => (3|2,0,0,4);
				(3|2,0,1,5) => (3|2,0,1,5);
				(3|2,0,1,6) => (3|2,0,1,6);
				(3|2,0,4,0) => (3|2,0,4,0);
				(3|2,0,5,6) => (3|2,0,5,6);
				(3|2,0,5,7) => (3|2,0,5,7);
				(3|2,0,6,6) => (3|2,0,6,6);
				(3|2,0,6,7) => (3|2,0,6,7);
				(3|2,0,7,5) => (3|2,0,7,5);
				(3|2,1,0,1) => (3|2,1,0,1);
				(3|2,1,2,5) => (3|2,1,2,5);
				(3|2,2,0,0) => (3|2,2,0,0);
				(3|2,2,2,5) => (5|2,2,2,5);
				(3|2,2,5,2) => (5|2,2,5,2);
				(3|2,2,6,0) => (3|2,2,6,0);
				(3|2,3,0,0) => (3|2,3,0,0);
				(3|2,3,1,0) => (3|2,3,1,0);
				(3|2,4,0,1) => (3|2,4,0,1);
				(3|2,4,0,5) => (3|2,4,0,5);
				(3|2,4,6,0) => (3|2,4,6,0);
				(3|2,5,0,3) => (3|2,5,0,3);
				(3|2,5,1,0) => (3|2,5,1,0);
				(3|2,5,1,5) => (3|2,5,1,5);
				(3|2,5,2,1) => (3|2,5,2,1);
				(3|2,5,2,2) => (5|2,5,2,2);
				(3|2,5,7,6) => (3|2,5,7,6);
				(3|2,6,0,2) => (3|2,6,0,2);
				(3|2,6,0,3) => (3|2,6,0,3);
				(3|2,6,1,0) => (3|2,6,1,0);
				(3|2,6,3,0) => (3|2,6,3,0);
				(3|2,6,5,0) => (3|2,6,5,0);
				(3|2,6,6,0) => (3|2,6,6,0);
				(3|2,6,7,0) => (3|2,6,7,0);
				(3|2,7,0,0) => (3|2,7,0,0);
				(3|2,7,0,5) => (3|2,7,0,5);
				(3|2,7,0,6) => (3|2,7,0,6);
				(3|2,7,5,0) => (3|2,7,5,0);
				(3|2,7,6,0) => (3|2,7,6,0);
				(3|2,7,6,5) => (3|2,7,6,5);
				(3|2,7,6,6) => (3|2,7,6,6);
				(3|2,7,6,7) => (3|2,7,6,7);
				(3|2,7,7,7) => (3|2,7,7,7);
				(3|3,0,0,2) => (3|3,0,0,2);
				(3|3,0,1,7) => (3|3,0,1,7);
				(3|3,0,2,6) => (3|3,0,2,6);
				(3|3,0,3,1) => (3|3,0,3,1);
				(3|3,0,6,6) => (3|3,0,6,6);
				(3|3,0,6,7) => (3|3,0,6,7);
				(3|3,0,7,7) => (3|3,0,7,7);
				(3|3,1,0,2) => (3|3,1,0,2);
				(3|3,1,0,6) => (3|3,1,0,6);
				(3|3,1,3,0) => (3|3,1,3,0);
				(3|3,2,5,0) => (3|3,2,5,0);
				(3|3,2,6,0) => (3|3,2,6,0);
				(3|3,4,6,0) => (3|3,4,6,0);
				(3|3,5,7,0) => (3|3,5,7,0);
				(3|3,7,0,1) => (3|3,7,0,1);
				(3|3,7,0,6) => (3|3,7,0,6);
				(3|3,7,0,7) => (3|3,7,0,7);
				(3|3,7,7,0) => (3|3,7,7,0);
				(3|3,7,7,7) => (3|3,7,7,7);
				(3|4,0,0,6) => (3|4,0,0,6);
				(3|4,0,0,7) => (3|4,0,0,7);
				(3|4,0,1,2) => (3|4,0,1,2);
				(3|4,0,1,7) => (3|4,0,1,7);
				(3|4,0,2,0) => (3|4,0,2,0);
				(3|4,0,4,0) => (3|4,0,4,0);
				(3|4,0,5,2) => (3|4,0,5,2);
				(3|4,0,6,0) => (3|4,0,6,0);
				(3|4,1,1,0) => (3|4,1,1,0);
				(3|4,2,0,0) => (3|4,2,0,0);
				(3|4,5,0,5) => (3|4,5,0,5);
				(3|4,5,0,6) => (3|4,5,0,6);
				(3|4,5,5,0) => (3|4,5,5,0);
				(3|4,6,0,0) => (3|4,6,0,0);
				(3|4,6,0,1) => (3|4,6,0,1);
				(3|4,6,0,2) => (3|4,6,0,2);
				(3|4,6,0,3) => (3|4,6,0,3);
				(3|4,6,1,0) => (3|4,6,1,0);
				(3|4,6,5,0) => (3|4,6,5,0);
				(3|4,7,0,0) => (3|4,7,0,0);
				(3|4,7,0,5) => (3|4,7,0,5);
				(3|4,7,0,6) => (3|4,7,0,6);
				(3|5,0,2,6) => (3|5,0,2,6);
				(3|5,0,2,7) => (3|5,0,2,7);
				(3|5,0,3,2) => (3|5,0,3,2);
				(3|5,0,4,5) => (3|5,0,4,5);
				(3|5,0,4,6) => (3|5,0,4,6);
				(3|5,0,5,4) => (3|5,0,5,4);
				(3|5,0,6,4) => (3|5,0,6,4);
				(3|5,1,0,2) => (3|5,1,0,2);
				(3|5,1,0,7) => (3|5,1,0,7);
				(3|5,1,5,2) => (3|5,1,5,2);
				(3|5,1,5,7) => (3|5,1,5,7);
				(3|5,2,0,1) => (3|5,2,0,1);
				(3|5,2,0,7) => (3|5,2,0,7);
				(3|5,2,1,2) => (3|5,2,1,2);
				(3|5,2,2,2) => (5|5,2,2,2);
				(3|5,2,4,0) => (3|5,2,4,0);
				(3|5,2,5,1) => (3|5,2,5,1);
				(3|5,2,7,0) => (3|5,2,7,0);
				(3|5,2,7,6) => (3|5,2,7,6);
				(3|5,4,5,0) => (3|5,4,5,0);
				(3|5,4,7,0) => (3|5,4,7,0);
				(3|5,5,0,4) => (3|5,5,0,4);
				(3|5,5,5,6) => (3|5,5,5,6);
				(3|5,5,6,5) => (3|5,5,6,5);
				(3|5,5,6,6) => (3|5,5,6,6);
				(3|5,6,2,0) => (3|5,6,2,0);
				(3|5,6,5,5) => (3|5,6,5,5);
				(3|5,6,5,7) => (3|5,6,5,7);
				(3|5,6,6,5) => (3|5,6,6,5);
				(3|5,6,7,6) => (3|5,6,7,6);
				(3|5,7,0,3) => (3|5,7,0,3);
				(3|5,7,2,0) => (3|5,7,2,0);
				(3|5,7,5,1) => (3|5,7,5,1);
				(3|5,7,5,6) => (3|5,7,5,6);
				(3|5,7,6,2) => (3|5,7,6,2);
				(3|5,7,7,1) => (3|5,7,7,1);
				(3|6,0,0,4) => (3|6,0,0,4);
				(3|6,0,1,4) => (3|6,0,1,4);
				(3|6,0,1,7) => (3|6,0,1,7);
				(3|6,0,2,2) => (3|6,0,2,2);
				(3|6,0,2,4) => (3|6,0,2,4);
				(3|6,0,2,6) => (3|6,0,2,6);
				(3|6,0,2,7) => (3|6,0,2,7);
				(3|6,0,3,2) => (3|6,0,3,2);
				(3|6,0,3,4) => (3|6,0,3,4);
				(3|6,0,4,0) => (3|6,0,4,0);
				(3|6,0,7,1) => (3|6,0,7,1);
				(3|6,1,0,2) => (3|6,1,0,2);
				(3|6,1,0,4) => (3|6,1,0,4);
				(3|6,1,0,6) => (3|6,1,0,6);
				(3|6,1,6,7) => (3|6,1,6,7);
				(3|6,2,0,1) => (3|6,2,0,1);
				(3|6,2,0,5) => (3|6,2,0,5);
				(3|6,2,0,6) => (3|6,2,0,6);
				(3|6,2,5,7) => (3|6,2,5,7);
				(3|6,2,7,0) => (3|6,2,7,0);
				(3|6,2,7,6) => (3|6,2,7,6);
				(3|6,3,0,2) => (3|6,3,0,2);
				(3|6,3,0,6) => (3|6,3,0,6);
				(3|6,3,1,0) => (3|6,3,1,0);
				(3|6,3,7,0) => (3|6,3,7,0);
				(3|6,4,0,0) => (3|6,4,0,0);
				(3|6,4,5,0) => (3|6,4,5,0);
				(3|6,4,7,0) => (3|6,4,7,0);
				(3|6,5,0,2) => (3|6,5,0,2);
				(3|6,5,0,4) => (3|6,5,0,4);
				(3|6,5,2,7) => (3|6,5,2,7);
				(3|6,5,5,5) => (3|6,5,5,5);
				(3|6,5,5,6) => (3|6,5,5,6);
				(3|6,5,6,7) => (3|6,5,6,7);
				(3|6,5,7,5) => (3|6,5,7,5);
				(3|6,6,0,2) => (3|6,6,0,2);
				(3|6,6,1,0) => (3|6,6,1,0);
				(3|6,6,2,0) => (3|6,6,2,0);
				(3|6,6,2,7) => (3|6,6,2,7);
				(3|6,6,3,0) => (3|6,6,3,0);
				(3|6,6,5,5) => (3|6,6,5,5);
				(3|6,6,7,0) => (3|6,6,7,0);
				(3|6,7,0,2) => (3|6,7,0,2);
				(3|6,7,0,6) => (3|6,7,0,6);
				(3|6,7,1,7) => (3|6,7,1,7);
				(3|6,7,2,0) => (3|6,7,2,0);
				(3|6,7,2,7) => (3|6,7,2,7);
				(3|6,7,3,0) => (3|6,7,3,0);
				(3|6,7,6,1) => (3|6,7,6,1);
				(3|6,7,6,5) => (3|6,7,6,5);
				(3|6,7,7,0) => (3|6,7,7,0);
				(3|6,7,7,1) => (3|6,7,7,1);
				(3|7,0,0,2) => (3|7,0,0,2);
				(3|7,0,0,4) => (3|7,0,0,4);
				(3|7,0,1,3) => (3|7,0,1,3);
				(3|7,0,2,6) => (3|7,0,2,6);
				(3|7,0,3,5) => (3|7,0,3,5);
				(3|7,0,3,7) => (3|7,0,3,7);
				(3|7,0,5,2) => (3|7,0,5,2);
				(3|7,0,5,4) => (3|7,0,5,4);
				(3|7,0,6,2) => (3|7,0,6,2);
				(3|7,0,6,3) => (3|7,0,6,3);
				(3|7,0,6,4) => (3|7,0,6,4);
				(3|7,0,6,6) => (3|7,0,6,6);
				(3|7,0,6,7) => (3|7,0,6,7);
				(3|7,0,7,3) => (3|7,0,7,3);
				(3|7,1,0,1) => (3|7,1,0,1);
				(3|7,1,1,0) => (3|7,1,1,0);
				(3|7,1,5,7) => (3|7,1,5,7);
				(3|7,1,6,0) => (3|7,1,6,0);
				(3|7,1,6,7) => (3|7,1,6,7);
				(3|7,1,7,6) => (3|7,1,7,6);
				(3|7,2,0,5) => (3|7,2,0,5);
				(3|7,2,0,6) => (3|7,2,0,6);
				(3|7,2,7,6) => (3|7,2,7,6);
				(3|7,2,7,7) => (3|7,2,7,7);
				(3|7,3,0,1) => (3|7,3,0,1);
				(3|7,3,0,6) => (3|7,3,0,6);
				(3|7,3,0,7) => (3|7,3,0,7);
				(3|7,3,7,0) => (3|7,3,7,0);
				(3|7,3,7,7) => (3|7,3,7,7);
				(3|7,4,0,0) => (3|7,4,0,0);
				(3|7,4,0,1) => (3|7,4,0,1);
				(3|7,5,0,2) => (3|7,5,0,2);
				(3|7,5,1,0) => (3|7,5,1,0);
				(3|7,5,1,5) => (3|7,5,1,5);
				(3|7,5,2,0) => (3|7,5,2,0);
				(3|7,5,6,5) => (3|7,5,6,5);
				(3|7,6,0,1) => (3|7,6,0,1);
				(3|7,6,0,2) => (3|7,6,0,2);
				(3|7,6,1,6) => (3|7,6,1,6);
				(3|7,6,2,5) => (3|7,6,2,5);
				(3|7,6,5,2) => (3|7,6,5,2);
				(3|7,6,5,6) => (3|7,6,5,6);
				(3|7,6,6,2) => (3|7,6,6,2);
				(3|7,6,7,1) => (3|7,6,7,1);
				(3|7,6,7,2) => (3|7,6,7,2);
				(3|7,7,0,3) => (3|7,7,0,3);
				(3|7,7,0,6) => (3|7,7,0,6);
				(3|7,7,1,5) => (3|7,7,1,5);
				(3|7,7,1,6) => (3|7,7,1,6);
				(3|7,7,2,7) => (3|7,7,2,7);
				(3|7,7,3,0) => (3|7,7,3,0);
				(3|7,7,3,7) => (3|7,7,3,7);
				(3|7,7,7,2) => (3|7,7,7,2);
				(3|7,7,7,3) => (3|7,7,7,3);
				(4|0,0,1,4) => (4|0,0,1,4);
				(4|0,0,2,3) => (4|0,0,2,3);
				(4|0,0,4,7) => (4|0,0,4,7);
				(4|0,1,1,1) => (4|0,1,1,1);
				(4|0,1,1,3) => (4|0,1,1,3);
				(4|0,1,1,6) => (5|0,1,1,6);
				(4|0,1,1,7) => (4|0,1,1,7);
				(4|0,1,2,2) => (4|0,1,2,2);
				(4|0,1,2,3) => (4|0,1,2,3);
				(4|0,1,2,5) => (4|0,1,2,5);
				(4|0,1,4,0) => (4|0,1,4,0);
				(4|0,1,4,6) => (4|0,1,4,6);
				(4|0,1,4,7) => (4|0,1,4,7);
				(4|0,1,5,3) => (4|0,1,5,3);
				(4|0,1,5,7) => (4|0,1,5,7);
				(4|0,1,6,3) => (4|0,1,6,3);
				(4|0,1,6,5) => (4|0,1,6,5);
				(4|0,2,0,4) => (4|0,2,0,4);
				(4|0,2,1,7) => (4|0,2,1,7);
				(4|0,2,2,7) => (4|0,2,2,7);
				(4|0,2,3,0) => (4|0,2,3,0);
				(4|0,2,3,1) => (4|0,2,3,1);
				(4|0,2,7,6) => (4|0,2,7,6);
				(4|0,3,0,4) => (4|0,3,0,4);
				(4|0,3,1,3) => (4|0,3,1,3);
				(4|0,3,2,2) => (4|0,3,2,2);
				(4|0,3,2,6) => (4|0,3,2,6);
				(4|0,3,3,3) => (4|0,3,3,3);
				(4|0,3,3,6) => (5|0,3,3,6);
				(4|0,3,4,6) => (4|0,3,4,6);
				(4|0,3,6,1) => (4|0,3,6,1);
				(4|0,3,7,6) => (4|0,3,7,6);
				(4|0,4,0,2) => (4|0,4,0,2);
				(4|0,4,0,3) => (4|0,4,0,3);
				(4|0,4,0,4) => (4|0,4,0,4);
				(4|0,4,0,5) => (4|0,4,0,5);
				(4|0,4,0,6) => (4|0,4,0,6);
				(4|0,4,1,1) => (4|0,4,1,1);
				(4|0,4,6,5) => (4|0,4,6,5);
				(4|0,4,7,0) => (4|0,4,7,0);
				(4|0,5,0,4) => (4|0,5,0,4);
				(4|0,5,2,5) => (4|0,5,2,5);
				(4|0,5,2,7) => (4|0,5,2,7);
				(4|0,5,3,2) => (4|0,5,3,2);
				(4|0,5,4,7) => (4|0,5,4,7);
				(4|0,5,5,2) => (4|0,5,5,2);
				(4|0,5,5,7) => (4|0,5,5,7);
				(4|0,5,6,1) => (4|0,5,6,1);
				(4|0,5,6,3) => (4|0,5,6,3);
				(4|0,5,7,2) => (4|0,5,7,2);
				(4|0,6,0,4) => (4|0,6,0,4);
				(4|0,6,0,6) => (4|0,6,0,6);
				(4|0,6,1,1) => (4|0,6,1,1);
				(4|0,6,2,7) => (4|0,6,2,7);
				(4|0,6,4,5) => (4|0,6,4,5);
				(4|0,6,5,1) => (4|0,6,5,1);
				(4|0,6,6,1) => (4|0,6,6,1);
				(4|0,6,6,7) => (4|0,6,6,7);
				(4|0,6,7,1) => (4|0,6,7,1);
				(4|0,6,7,3) => (4|0,6,7,3);
				(4|0,6,7,6) => (4|0,6,7,6);
				(4|0,7,1,1) => (4|0,7,1,1);
				(4|0,7,1,6) => (4|0,7,1,6);
				(4|0,7,1,7) => (4|0,7,1,7);
				(4|0,7,2,7) => (4|0,7,2,7);
				(4|0,7,4,7) => (4|0,7,4,7);
				(4|0,7,5,2) => (4|0,7,5,2);
				(4|0,7,5,5) => (4|0,7,5,5);
				(4|0,7,5,6) => (4|0,7,5,6);
				(4|0,7,6,3) => (4|0,7,6,3);
				(4|0,7,6,6) => (4|0,7,6,6);
				(4|0,7,6,7) => (4|0,7,6,7);
				(4|0,7,7,1) => (4|0,7,7,1);
				(4|0,7,7,2) => (4|0,7,7,2);
				(4|1,0,1,1) => (4|1,0,1,1);
				(4|1,0,2,3) => (4|1,0,2,3);
				(4|1,0,3,6) => (4|1,0,3,6);
				(4|1,0,4,1) => (4|1,0,4,1);
				(4|1,0,5,6) => (4|1,0,5,6);
				(4|1,0,6,1) => (4|1,0,6,1);
				(4|1,0,6,5) => (4|1,0,6,5);
				(4|1,0,6,6) => (4|1,0,6,6);
				(4|1,0,6,7) => (4|1,0,6,7);
				(4|1,0,7,1) => (4|1,0,7,1);
				(4|1,0,7,7) => (4|1,0,7,7);
				(4|1,1,0,1) => (4|1,1,0,1);
				(4|1,1,0,4) => (4|1,1,0,4);
				(4|1,1,0,6) => (4|1,1,0,6);
				(4|1,1,0,7) => (4|1,1,0,7);
				(4|1,1,1,0) => (4|1,1,1,0);
				(4|1,1,3,0) => (4|1,1,3,0);
				(4|1,1,6,0) => (5|1,1,6,0);
				(4|1,1,7,0) => (4|1,1,7,0);
				(4|1,2,2,0) => (4|1,2,2,0);
				(4|1,2,3,0) => (4|1,2,3,0);
				(4|1,2,5,0) => (4|1,2,5,0);
				(4|1,2,5,2) => (4|1,2,5,2);
				(4|1,3,0,1) => (4|1,3,0,1);
				(4|1,3,0,3) => (4|1,3,0,3);
				(4|1,4,0,0) => (4|1,4,0,0);
				(4|1,4,6,0) => (4|1,4,6,0);
				(4|1,4,7,0) => (4|1,4,7,0);
				(4|1,5,2,5) => (4|1,5,2,5);
				(4|1,5,3,0) => (4|1,5,3,0);
				(4|1,5,7,0) => (4|1,5,7,0);
				(4|1,5,7,7) => (4|1,5,7,7);
				(4|1,6,0,1) => (5|1,6,0,1);
				(4|1,6,0,7) => (4|1,6,0,7);
				(4|1,6,3,0) => (4|1,6,3,0);
				(4|1,6,5,0) => (4|1,6,5,0);
				(4|1,6,7,5) => (4|1,6,7,5);
				(4|1,6,7,6) => (4|1,6,7,6);
				(4|1,7,0,1) => (4|1,7,0,1);
				(4|1,7,0,2) => (4|1,7,0,2);
				(4|1,7,0,7) => (4|1,7,0,7);
				(4|1,7,5,7) => (4|1,7,5,7);
				(4|2,0,1,2) => (4|2,0,1,2);
				(4|2,0,3,2) => (4|2,0,3,2);
				(4|2,0,4,0) => (4|2,0,4,0);
				(4|2,0,5,3) => (4|2,0,5,3);
				(4|2,0,5,5) => (4|2,0,5,5);
				(4|2,0,5,7) => (4|2,0,5,7);
				(4|2,0,7,5) => (4|2,0,7,5);
				(4|2,0,7,7) => (4|2,0,7,7);
				(4|2,1,2,5) => (4|2,1,2,5);
				(4|2,1,7,0) => (4|2,1,7,0);
				(4|2,2,0,1) => (4|2,2,0,1);
				(4|2,2,0,3) => (4|2,2,0,3);
				(4|2,2,7,0) => (4|2,2,7,0);
				(4|2,3,0,0) => (4|2,3,0,0);
				(4|2,3,0,1) => (4|2,3,0,1);
				(4|2,3,1,0) => (4|2,3,1,0);
				(4|2,5,0,1) => (4|2,5,0,1);
				(4|2,5,0,5) => (4|2,5,0,5);
				(4|2,5,1,5) => (4|2,5,1,5);
				(4|2,5,2,1) => (4|2,5,2,1);
				(4|2,6,0,3) => (4|2,6,0,3);
				(4|2,7,0,2) => (4|2,7,0,2);
				(4|2,7,0,5) => (4|2,7,0,5);
				(4|2,7,0,6) => (4|2,7,0,6);
				(4|2,7,0,7) => (4|2,7,0,7);
				(4|2,7,5,7) => (4|2,7,5,7);
				(4|2,7,6,0) => (4|2,7,6,0);
				(4|2,7,6,7) => (4|2,7,6,7);
				(4|3,0,0,2) => (4|3,0,0,2);
				(4|3,0,1,1) => (4|3,0,1,1);
				(4|3,0,1,2) => (4|3,0,1,2);
				(4|3,0,1,5) => (4|3,0,1,5);
				(4|3,0,1,6) => (4|3,0,1,6);
				(4|3,0,3,1) => (4|3,0,3,1);
				(4|3,0,3,3) => (4|3,0,3,3);
				(4|3,0,4,0) => (4|3,0,4,0);
				(4|3,0,5,6) => (4|3,0,5,6);
				(4|3,0,6,7) => (4|3,0,6,7);
				(4|3,0,7,6) => (4|3,0,7,6);
				(4|3,1,0,2) => (4|3,1,0,2);
				(4|3,1,3,0) => (4|3,1,3,0);
				(4|3,2,0,5) => (4|3,2,0,5);
				(4|3,2,2,0) => (4|3,2,2,0);
				(4|3,2,6,0) => (4|3,2,6,0);
				(4|3,3,0,3) => (4|3,3,0,3);
				(4|3,3,3,0) => (4|3,3,3,0);
				(4|3,3,6,0) => (5|3,3,6,0);
				(4|3,4,6,0) => (4|3,4,6,0);
				(4|3,6,0,3) => (5|3,6,0,3);
				(4|3,6,1,0) => (4|3,6,1,0);
				(4|3,7,6,0) => (4|3,7,6,0);
				(4|4,0,0,1) => (4|4,0,0,1);
				(4|4,0,2,0) => (4|4,0,2,0);
				(4|4,0,3,0) => (4|4,0,3,0);
				(4|4,0,4,0) => (4|4,0,4,0);
				(4|4,0,5,0) => (4|4,0,5,0);
				(4|4,0,6,0) => (4|4,0,6,0);
				(4|4,1,1,0) => (4|4,1,1,0);
				(4|4,5,0,6) => (4|4,5,0,6);
				(4|4,6,0,1) => (4|4,6,0,1);
				(4|4,6,0,3) => (4|4,6,0,3);
				(4|4,6,5,0) => (4|4,6,5,0);
				(4|4,7,0,0) => (4|4,7,0,0);
				(4|4,7,0,1) => (4|4,7,0,1);
				(4|4,7,0,5) => (4|4,7,0,5);
				(4|4,7,0,7) => (4|4,7,0,7);
				(4|5,0,1,2) => (4|5,0,1,2);
				(4|5,0,1,6) => (4|5,0,1,6);
				(4|5,0,4,0) => (4|5,0,4,0);
				(4|5,0,4,6) => (4|5,0,4,6);
				(4|5,0,5,2) => (4|5,0,5,2);
				(4|5,0,6,4) => (4|5,0,6,4);
				(4|5,0,7,5) => (4|5,0,7,5);
				(4|5,1,0,6) => (4|5,1,0,6);
				(4|5,1,5,2) => (4|5,1,5,2);
				(4|5,1,6,7) => (4|5,1,6,7);
				(4|5,2,0,5) => (4|5,2,0,5);
				(4|5,2,0,7) => (4|5,2,0,7);
				(4|5,2,1,2) => (4|5,2,1,2);
				(4|5,2,5,0) => (4|5,2,5,0);
				(4|5,2,5,1) => (4|5,2,5,1);
				(4|5,2,7,0) => (4|5,2,7,0);
				(4|5,3,0,1) => (4|5,3,0,1);
				(4|5,3,2,0) => (4|5,3,2,0);
				(4|5,4,7,0) => (4|5,4,7,0);
				(4|5,5,0,7) => (4|5,5,0,7);
				(4|5,5,2,0) => (4|5,5,2,0);
				(4|5,5,7,0) => (4|5,5,7,0);
				(4|5,5,7,7) => (4|5,5,7,7);
				(4|5,6,0,7) => (4|5,6,0,7);
				(4|5,6,1,0) => (4|5,6,1,0);
				(4|5,6,3,0) => (4|5,6,3,0);
				(4|5,6,5,7) => (4|5,6,5,7);
				(4|5,6,7,6) => (4|5,6,7,6);
				(4|5,7,0,1) => (4|5,7,0,1);
				(4|5,7,0,5) => (4|5,7,0,5);
				(4|5,7,1,7) => (4|5,7,1,7);
				(4|5,7,2,0) => (4|5,7,2,0);
				(4|5,7,2,7) => (4|5,7,2,7);
				(4|5,7,5,6) => (4|5,7,5,6);
				(4|5,7,7,1) => (4|5,7,7,1);
				(4|5,7,7,5) => (4|5,7,7,5);
				(4|6,0,1,1) => (5|6,0,1,1);
				(4|6,0,1,4) => (4|6,0,1,4);
				(4|6,0,2,7) => (4|6,0,2,7);
				(4|6,0,3,2) => (4|6,0,3,2);
				(4|6,0,3,3) => (5|6,0,3,3);
				(4|6,0,3,4) => (4|6,0,3,4);
				(4|6,0,3,7) => (4|6,0,3,7);
				(4|6,0,4,0) => (4|6,0,4,0);
				(4|6,0,6,0) => (4|6,0,6,0);
				(4|6,0,6,7) => (4|6,0,6,7);
				(4|6,0,7,1) => (4|6,0,7,1);
				(4|6,0,7,5) => (4|6,0,7,5);
				(4|6,0,7,6) => (4|6,0,7,6);
				(4|6,1,0,3) => (4|6,1,0,3);
				(4|6,1,0,5) => (4|6,1,0,5);
				(4|6,1,0,6) => (4|6,1,0,6);
				(4|6,1,1,0) => (4|6,1,1,0);
				(4|6,1,6,7) => (4|6,1,6,7);
				(4|6,2,7,0) => (4|6,2,7,0);
				(4|6,3,0,1) => (4|6,3,0,1);
				(4|6,3,0,5) => (4|6,3,0,5);
				(4|6,3,0,7) => (4|6,3,0,7);
				(4|6,4,5,0) => (4|6,4,5,0);
				(4|6,5,0,1) => (4|6,5,0,1);
				(4|6,5,0,4) => (4|6,5,0,4);
				(4|6,5,1,0) => (4|6,5,1,0);
				(4|6,5,6,7) => (4|6,5,6,7);
				(4|6,5,7,5) => (4|6,5,7,5);
				(4|6,6,0,7) => (4|6,6,0,7);
				(4|6,6,1,0) => (4|6,6,1,0);
				(4|6,6,7,0) => (4|6,6,7,0);
				(4|6,7,0,6) => (4|6,7,0,6);
				(4|6,7,0,7) => (4|6,7,0,7);
				(4|6,7,1,0) => (4|6,7,1,0);
				(4|6,7,2,7) => (4|6,7,2,7);
				(4|6,7,3,0) => (4|6,7,3,0);
				(4|6,7,5,1) => (4|6,7,5,1);
				(4|6,7,6,0) => (4|6,7,6,0);
				(4|6,7,6,1) => (4|6,7,6,1);
				(4|6,7,6,5) => (4|6,7,6,5);
				(4|7,0,0,4) => (4|7,0,0,4);
				(4|7,0,1,1) => (4|7,0,1,1);
				(4|7,0,1,4) => (4|7,0,1,4);
				(4|7,0,1,5) => (4|7,0,1,5);
				(4|7,0,2,1) => (4|7,0,2,1);
				(4|7,0,2,2) => (4|7,0,2,2);
				(4|7,0,5,2) => (4|7,0,5,2);
				(4|7,0,5,4) => (4|7,0,5,4);
				(4|7,0,5,5) => (4|7,0,5,5);
				(4|7,0,6,2) => (4|7,0,6,2);
				(4|7,0,6,6) => (4|7,0,6,6);
				(4|7,0,7,1) => (4|7,0,7,1);
				(4|7,0,7,2) => (4|7,0,7,2);
				(4|7,0,7,4) => (4|7,0,7,4);
				(4|7,0,7,6) => (4|7,0,7,6);
				(4|7,1,0,6) => (4|7,1,0,6);
				(4|7,1,0,7) => (4|7,1,0,7);
				(4|7,1,1,0) => (4|7,1,1,0);
				(4|7,1,5,7) => (4|7,1,5,7);
				(4|7,1,6,0) => (4|7,1,6,0);
				(4|7,1,7,0) => (4|7,1,7,0);
				(4|7,1,7,5) => (4|7,1,7,5);
				(4|7,2,0,5) => (4|7,2,0,5);
				(4|7,2,0,7) => (4|7,2,0,7);
				(4|7,2,7,0) => (4|7,2,7,0);
				(4|7,2,7,5) => (4|7,2,7,5);
				(4|7,2,7,6) => (4|7,2,7,6);
				(4|7,3,0,6) => (4|7,3,0,6);
				(4|7,4,7,0) => (4|7,4,7,0);
				(4|7,5,1,6) => (4|7,5,1,6);
				(4|7,5,2,0) => (4|7,5,2,0);
				(4|7,5,5,0) => (4|7,5,5,0);
				(4|7,5,5,7) => (4|7,5,5,7);
				(4|7,5,6,0) => (4|7,5,6,0);
				(4|7,5,6,5) => (4|7,5,6,5);
				(4|7,5,7,1) => (4|7,5,7,1);
				(4|7,5,7,2) => (4|7,5,7,2);
				(4|7,6,0,2) => (4|7,6,0,2);
				(4|7,6,0,3) => (4|7,6,0,3);
				(4|7,6,0,6) => (4|7,6,0,6);
				(4|7,6,1,6) => (4|7,6,1,6);
				(4|7,6,3,0) => (4|7,6,3,0);
				(4|7,6,5,6) => (4|7,6,5,6);
				(4|7,6,6,0) => (4|7,6,6,0);
				(4|7,6,7,0) => (4|7,6,7,0);
				(4|7,6,7,2) => (4|7,6,7,2);
				(4|7,7,1,0) => (4|7,7,1,0);
				(4|7,7,1,5) => (4|7,7,1,5);
				(4|7,7,2,0) => (4|7,7,2,0);
				(4|7,7,5,5) => (4|7,7,5,5);
				(5|0,0,1,4) => (5|0,0,1,4);
				(5|0,0,2,3) => (5|0,0,2,3);
				(5|0,0,4,6) => (5|0,0,4,6);
				(5|0,0,4,7) => (5|0,0,4,7);
				(5|0,0,5,4) => (5|0,0,5,4);
				(5|0,0,6,4) => (5|0,0,6,4);
				(5|0,0,7,1) => (5|0,0,7,1);
				(5|0,0,7,4) => (5|0,0,7,4);
				(5|0,1,1,6) => (6|0,1,1,6);
				(5|0,1,1,7) => (5|0,1,1,7);
				(5|0,1,2,1) => (5|0,1,2,1);
				(5|0,1,2,5) => (5|0,1,2,5);
				(5|0,1,3,4) => (5|0,1,3,4);
				(5|0,1,4,0) => (5|0,1,4,0);
				(5|0,1,4,6) => (5|0,1,4,6);
				(5|0,1,6,3) => (5|0,1,6,3);
				(5|0,1,7,1) => (5|0,1,7,1);
				(5|0,1,7,2) => (5|0,1,7,2);
				(5|0,1,7,5) => (5|0,1,7,5);
				(5|0,1,7,6) => (5|0,1,7,6);
				(5|0,1,7,7) => (5|0,1,7,7);
				(5|0,2,0,2) => (5|0,2,0,2);
				(5|0,2,2,2) => (5|0,2,2,2);
				(5|0,2,2,3) => (5|0,2,2,3);
				(5|0,2,2,5) => (6|0,2,2,5);
				(5|0,2,3,0) => (5|0,2,3,0);
				(5|0,2,3,1) => (5|0,2,3,1);
				(5|0,2,3,4) => (5|0,2,3,4);
				(5|0,2,6,7) => (5|0,2,6,7);
				(5|0,2,7,6) => (5|0,2,7,6);
				(5|0,3,0,3) => (5|0,3,0,3);
				(5|0,3,0,4) => (5|0,3,0,4);
				(5|0,3,3,6) => (6|0,3,3,6);
				(5|0,3,4,6) => (5|0,3,4,6);
				(5|0,3,6,1) => (5|0,3,6,1);
				(5|0,3,6,3) => (5|0,3,6,3);
				(5|0,3,6,5) => (5|0,3,6,5);
				(5|0,3,7,7) => (5|0,3,7,7);
				(5|0,4,0,3) => (5|0,4,0,3);
				(5|0,4,0,4) => (5|0,4,0,4);
				(5|0,4,0,5) => (5|0,4,0,5);
				(5|0,4,1,3) => (5|0,4,1,3);
				(5|0,4,1,6) => (5|0,4,1,6);
				(5|0,4,2,4) => (5|0,4,2,4);
				(5|0,4,5,4) => (5|0,4,5,4);
				(5|0,4,6,0) => (5|0,4,6,0);
				(5|0,4,6,1) => (5|0,4,6,1);
				(5|0,4,6,5) => (5|0,4,6,5);
				(5|0,4,7,0) => (5|0,4,7,0);
				(5|0,4,7,5) => (5|0,4,7,5);
				(5|0,5,0,4) => (5|0,5,0,4);
				(5|0,5,2,4) => (5|0,5,2,4);
				(5|0,5,3,4) => (5|0,5,3,4);
				(5|0,5,4,0) => (5|0,5,4,0);
				(5|0,5,5,6) => (5|0,5,5,6);
				(5|0,5,6,1) => (5|0,5,6,1);
				(5|0,5,6,2) => (5|0,5,6,2);
				(5|0,5,6,3) => (5|0,5,6,3);
				(5|0,5,6,4) => (5|0,5,6,4);
				(5|0,5,7,1) => (5|0,5,7,1);
				(5|0,5,7,2) => (5|0,5,7,2);
				(5|0,5,7,3) => (5|0,5,7,3);
				(5|0,5,7,4) => (5|0,5,7,4);
				(5|0,5,7,6) => (5|0,5,7,6);
				(5|0,6,1,6) => (5|0,6,1,6);
				(5|0,6,1,7) => (5|0,6,1,7);
				(5|0,6,2,7) => (5|0,6,2,7);
				(5|0,6,4,0) => (5|0,6,4,0);
				(5|0,6,4,5) => (5|0,6,4,5);
				(5|0,6,4,7) => (5|0,6,4,7);
				(5|0,6,5,1) => (5|0,6,5,1);
				(5|0,6,5,2) => (5|0,6,5,2);
				(5|0,6,5,5) => (5|0,6,5,5);
				(5|0,6,5,7) => (5|0,6,5,7);
				(5|0,6,6,1) => (5|0,6,6,1);
				(5|0,6,6,6) => (5|0,6,6,6);
				(5|0,6,6,7) => (5|0,6,6,7);
				(5|0,6,7,3) => (5|0,6,7,3);
				(5|0,7,1,0) => (5|0,7,1,0);
				(5|0,7,2,4) => (5|0,7,2,4);
				(5|0,7,2,5) => (5|0,7,2,5);
				(5|0,7,3,1) => (5|0,7,3,1);
				(5|0,7,3,5) => (5|0,7,3,5);
				(5|0,7,4,0) => (5|0,7,4,0);
				(5|0,7,5,6) => (5|0,7,5,6);
				(5|0,7,6,2) => (5|0,7,6,2);
				(5|0,7,6,6) => (5|0,7,6,6);
				(5|0,7,7,3) => (5|0,7,7,3);
				(5|1,0,0,7) => (5|1,0,0,7);
				(5|1,0,1,2) => (5|1,0,1,2);
				(5|1,0,1,7) => (5|1,0,1,7);
				(5|1,0,2,3) => (5|1,0,2,3);
				(5|1,0,3,6) => (5|1,0,3,6);
				(5|1,0,4,6) => (5|1,0,4,6);
				(5|1,0,5,6) => (5|1,0,5,6);
				(5|1,0,5,7) => (5|1,0,5,7);
				(5|1,0,6,5) => (5|1,0,6,5);
				(5|1,0,6,6) => (5|1,0,6,6);
				(5|1,0,7,3) => (5|1,0,7,3);
				(5|1,1,6,0) => (6|1,1,6,0);
				(5|1,1,7,0) => (5|1,1,7,0);
				(5|1,2,1,0) => (5|1,2,1,0);
				(5|1,2,2,2) => (5|1,2,2,2);
				(5|1,2,5,0) => (5|1,2,5,0);
				(5|1,2,6,5) => (5|1,2,6,5);
				(5|1,3,0,4) => (5|1,3,0,4);
				(5|1,3,4,0) => (5|1,3,4,0);
				(5|1,4,0,0) => (5|1,4,0,0);
				(5|1,4,6,0) => (5|1,4,6,0);
				(5|1,5,6,6) => (5|1,5,6,6);
				(5|1,6,0,1) => (6|1,6,0,1);
				(5|1,6,0,4) => (5|1,6,0,4);
				(5|1,6,0,6) => (5|1,6,0,6);
				(5|1,6,3,0) => (5|1,6,3,0);
				(5|1,6,5,5) => (5|1,6,5,5);
				(5|1,6,6,5) => (5|1,6,6,5);
				(5|1,6,6,6) => (5|1,6,6,6);
				(5|1,6,7,6) => (5|1,6,7,6);
				(5|1,6,7,7) => (5|1,6,7,7);
				(5|1,7,0,1) => (5|1,7,0,1);
				(5|1,7,0,6) => (5|1,7,0,6);
				(5|1,7,1,0) => (5|1,7,1,0);
				(5|1,7,2,0) => (5|1,7,2,0);
				(5|1,7,5,0) => (5|1,7,5,0);
				(5|1,7,5,7) => (5|1,7,5,7);
				(5|1,7,6,0) => (5|1,7,6,0);
				(5|1,7,7,0) => (5|1,7,7,0);
				(5|2,0,1,7) => (5|2,0,1,7);
				(5|2,0,2,0) => (5|2,0,2,0);
				(5|2,0,2,2) => (5|2,0,2,2);
				(5|2,0,5,6) => (5|2,0,5,6);
				(5|2,0,5,7) => (5|2,0,5,7);
				(5|2,0,6,5) => (5|2,0,6,5);
				(5|2,0,7,6) => (5|2,0,7,6);
				(5|2,1,0,1) => (5|2,1,0,1);
				(5|2,1,2,2) => (5|2,1,2,2);
				(5|2,2,0,2) => (5|2,2,0,2);
				(5|2,2,1,2) => (5|2,2,1,2);
				(5|2,2,2,0) => (5|2,2,2,0);
				(5|2,2,2,1) => (5|2,2,2,1);
				(5|2,2,2,5) => (6|2,2,2,5);
				(5|2,2,3,0) => (5|2,2,3,0);
				(5|2,2,5,0) => (6|2,2,5,0);
				(5|2,2,5,2) => (6|2,2,5,2);
				(5|2,3,0,0) => (5|2,3,0,0);
				(5|2,3,0,2) => (5|2,3,0,2);
				(5|2,3,1,0) => (5|2,3,1,0);
				(5|2,3,4,0) => (5|2,3,4,0);
				(5|2,4,0,4) => (5|2,4,0,4);
				(5|2,4,0,5) => (5|2,4,0,5);
				(5|2,4,0,7) => (5|2,4,0,7);
				(5|2,5,0,1) => (5|2,5,0,1);
				(5|2,5,0,2) => (6|2,5,0,2);
				(5|2,5,0,7) => (5|2,5,0,7);
				(5|2,5,2,2) => (6|2,5,2,2);
				(5|2,5,5,3) => (5|2,5,5,3);
				(5|2,5,7,6) => (5|2,5,7,6);
				(5|2,6,3,5) => (5|2,6,3,5);
				(5|2,6,5,1) => (5|2,6,5,1);
				(5|2,6,5,5) => (5|2,6,5,5);
				(5|2,6,7,0) => (5|2,6,7,0);
				(5|2,7,0,6) => (5|2,7,0,6);
				(5|2,7,5,7) => (5|2,7,5,7);
				(5|2,7,6,0) => (5|2,7,6,0);
				(5|3,0,0,2) => (5|3,0,0,2);
				(5|3,0,1,6) => (5|3,0,1,6);
				(5|3,0,2,2) => (5|3,0,2,2);
				(5|3,0,3,0) => (5|3,0,3,0);
				(5|3,0,3,6) => (5|3,0,3,6);
				(5|3,0,4,0) => (5|3,0,4,0);
				(5|3,0,4,1) => (5|3,0,4,1);
				(5|3,0,5,6) => (5|3,0,5,6);
				(5|3,0,5,7) => (5|3,0,5,7);
				(5|3,0,6,7) => (5|3,0,6,7);
				(5|3,0,7,7) => (5|3,0,7,7);
				(5|3,1,0,2) => (5|3,1,0,2);
				(5|3,1,0,7) => (5|3,1,0,7);
				(5|3,2,5,5) => (5|3,2,5,5);
				(5|3,3,6,0) => (6|3,3,6,0);
				(5|3,4,0,1) => (5|3,4,0,1);
				(5|3,4,0,2) => (5|3,4,0,2);
				(5|3,4,0,5) => (5|3,4,0,5);
				(5|3,4,6,0) => (5|3,4,6,0);
				(5|3,5,0,7) => (5|3,5,0,7);
				(5|3,5,2,6) => (5|3,5,2,6);
				(5|3,5,5,5) => (5|3,5,5,5);
				(5|3,6,0,3) => (6|3,6,0,3);
				(5|3,6,1,0) => (5|3,6,1,0);
				(5|3,6,3,0) => (5|3,6,3,0);
				(5|3,6,5,0) => (5|3,6,5,0);
				(5|3,7,7,0) => (5|3,7,7,0);
				(5|3,7,7,6) => (5|3,7,7,6);
				(5|4,0,0,1) => (5|4,0,0,1);
				(5|4,0,0,5) => (5|4,0,0,5);
				(5|4,0,0,6) => (5|4,0,0,6);
				(5|4,0,0,7) => (5|4,0,0,7);
				(5|4,0,1,3) => (5|4,0,1,3);
				(5|4,0,2,3) => (5|4,0,2,3);
				(5|4,0,3,0) => (5|4,0,3,0);
				(5|4,0,4,0) => (5|4,0,4,0);
				(5|4,0,4,2) => (5|4,0,4,2);
				(5|4,0,4,5) => (5|4,0,4,5);
				(5|4,0,5,0) => (5|4,0,5,0);
				(5|4,0,5,2) => (5|4,0,5,2);
				(5|4,0,5,3) => (5|4,0,5,3);
				(5|4,0,5,6) => (5|4,0,5,6);
				(5|4,0,5,7) => (5|4,0,5,7);
				(5|4,0,7,2) => (5|4,0,7,2);
				(5|4,1,3,0) => (5|4,1,3,0);
				(5|4,1,6,0) => (5|4,1,6,0);
				(5|4,2,4,0) => (5|4,2,4,0);
				(5|4,5,0,6) => (5|4,5,0,6);
				(5|4,5,4,0) => (5|4,5,4,0);
				(5|4,6,0,0) => (5|4,6,0,0);
				(5|4,6,0,1) => (5|4,6,0,1);
				(5|4,6,0,3) => (5|4,6,0,3);
				(5|4,6,1,0) => (5|4,6,1,0);
				(5|4,6,5,0) => (5|4,6,5,0);
				(5|4,7,0,0) => (5|4,7,0,0);
				(5|4,7,0,6) => (5|4,7,0,6);
				(5|4,7,5,0) => (5|4,7,5,0);
				(5|5,0,1,2) => (5|5,0,1,2);
				(5|5,0,1,7) => (5|5,0,1,7);
				(5|5,0,2,2) => (6|5,0,2,2);
				(5|5,0,3,6) => (5|5,0,3,6);
				(5|5,0,4,0) => (5|5,0,4,0);
				(5|5,0,4,6) => (5|5,0,4,6);
				(5|5,0,4,7) => (5|5,0,4,7);
				(5|5,0,6,4) => (5|5,0,6,4);
				(5|5,0,6,5) => (5|5,0,6,5);
				(5|5,0,7,2) => (5|5,0,7,2);
				(5|5,0,7,3) => (5|5,0,7,3);
				(5|5,1,0,6) => (5|5,1,0,6);
				(5|5,1,2,6) => (5|5,1,2,6);
				(5|5,1,6,5) => (5|5,1,6,5);
				(5|5,1,6,6) => (5|5,1,6,6);
				(5|5,2,0,6) => (5|5,2,0,6);
				(5|5,2,2,2) => (6|5,2,2,2);
				(5|5,2,4,0) => (5|5,2,4,0);
				(5|5,2,6,3) => (5|5,2,6,3);
				(5|5,2,6,5) => (5|5,2,6,5);
				(5|5,3,2,5) => (5|5,3,2,5);
				(5|5,3,4,0) => (5|5,3,4,0);
				(5|5,3,5,5) => (5|5,3,5,5);
				(5|5,4,0,0) => (5|5,4,0,0);
				(5|5,4,0,4) => (5|5,4,0,4);
				(5|5,5,0,6) => (5|5,5,0,6);
				(5|5,5,1,6) => (5|5,5,1,6);
				(5|5,5,2,6) => (5|5,5,2,6);
				(5|5,5,3,2) => (5|5,5,3,2);
				(5|5,5,3,5) => (5|5,5,3,5);
				(5|5,5,5,3) => (5|5,5,5,3);
				(5|5,5,5,5) => (5|5,5,5,5);
				(5|5,5,5,7) => (5|5,5,5,7);
				(5|5,5,6,0) => (5|5,5,6,0);
				(5|5,5,7,5) => (5|5,5,7,5);
				(5|5,5,7,6) => (5|5,5,7,6);
				(5|5,6,0,5) => (5|5,6,0,5);
				(5|5,6,0,7) => (5|5,6,0,7);
				(5|5,6,1,0) => (5|5,6,1,0);
				(5|5,6,2,0) => (5|5,6,2,0);
				(5|5,6,3,0) => (5|5,6,3,0);
				(5|5,6,4,0) => (5|5,6,4,0);
				(5|5,6,5,6) => (5|5,6,5,6);
				(5|5,6,6,1) => (5|5,6,6,1);
				(5|5,6,7,6) => (5|5,6,7,6);
				(5|5,7,0,6) => (5|5,7,0,6);
				(5|5,7,1,0) => (5|5,7,1,0);
				(5|5,7,1,7) => (5|5,7,1,7);
				(5|5,7,2,0) => (5|5,7,2,0);
				(5|5,7,2,7) => (5|5,7,2,7);
				(5|5,7,3,0) => (5|5,7,3,0);
				(5|5,7,4,0) => (5|5,7,4,0);
				(5|5,7,5,5) => (5|5,7,5,5);
				(5|5,7,6,0) => (5|5,7,6,0);
				(5|5,7,6,2) => (5|5,7,6,2);
				(5|5,7,6,5) => (5|5,7,6,5);
				(5|6,0,0,4) => (5|6,0,0,4);
				(5|6,0,1,1) => (6|6,0,1,1);
				(5|6,0,1,4) => (5|6,0,1,4);
				(5|6,0,1,7) => (5|6,0,1,7);
				(5|6,0,2,7) => (5|6,0,2,7);
				(5|6,0,3,3) => (6|6,0,3,3);
				(5|6,0,3,4) => (5|6,0,3,4);
				(5|6,0,4,1) => (5|6,0,4,1);
				(5|6,0,5,5) => (5|6,0,5,5);
				(5|6,0,5,7) => (5|6,0,5,7);
				(5|6,0,6,1) => (5|6,0,6,1);
				(5|6,0,6,6) => (5|6,0,6,6);
				(5|6,0,7,5) => (5|6,0,7,5);
				(5|6,0,7,6) => (5|6,0,7,6);
				(5|6,1,0,3) => (5|6,1,0,3);
				(5|6,1,0,4) => (5|6,1,0,4);
				(5|6,1,0,5) => (5|6,1,0,5);
				(5|6,1,0,6) => (5|6,1,0,6);
				(5|6,1,5,6) => (5|6,1,5,6);
				(5|6,1,6,0) => (5|6,1,6,0);
				(5|6,1,6,6) => (5|6,1,6,6);
				(5|6,1,6,7) => (5|6,1,6,7);
				(5|6,1,7,0) => (5|6,1,7,0);
				(5|6,2,0,5) => (5|6,2,0,5);
				(5|6,2,0,7) => (5|6,2,0,7);
				(5|6,2,5,7) => (5|6,2,5,7);
				(5|6,2,7,0) => (5|6,2,7,0);
				(5|6,3,0,1) => (5|6,3,0,1);
				(5|6,3,0,3) => (5|6,3,0,3);
				(5|6,3,0,5) => (5|6,3,0,5);
				(5|6,3,5,2) => (5|6,3,5,2);
				(5|6,3,7,7) => (5|6,3,7,7);
				(5|6,4,0,0) => (5|6,4,0,0);
				(5|6,4,0,5) => (5|6,4,0,5);
				(5|6,4,5,0) => (5|6,4,5,0);
				(5|6,4,7,0) => (5|6,4,7,0);
				(5|6,5,0,3) => (5|6,5,0,3);
				(5|6,5,0,4) => (5|6,5,0,4);
				(5|6,5,1,0) => (5|6,5,1,0);
				(5|6,5,1,2) => (5|6,5,1,2);
				(5|6,5,1,6) => (5|6,5,1,6);
				(5|6,5,2,0) => (5|6,5,2,0);
				(5|6,5,5,0) => (5|6,5,5,0);
				(5|6,5,5,1) => (5|6,5,5,1);
				(5|6,5,5,2) => (5|6,5,5,2);
				(5|6,5,5,7) => (5|6,5,5,7);
				(5|6,5,6,5) => (5|6,5,6,5);
				(5|6,5,6,7) => (5|6,5,6,7);
				(5|6,5,7,0) => (5|6,5,7,0);
				(5|6,6,0,6) => (5|6,6,0,6);
				(5|6,6,0,7) => (5|6,6,0,7);
				(5|6,6,1,0) => (5|6,6,1,0);
				(5|6,6,1,5) => (5|6,6,1,5);
				(5|6,6,1,6) => (5|6,6,1,6);
				(5|6,6,5,1) => (5|6,6,5,1);
				(5|6,6,6,0) => (5|6,6,6,0);
				(5|6,6,6,1) => (5|6,6,6,1);
				(5|6,6,7,0) => (5|6,6,7,0);
				(5|6,6,7,7) => (5|6,6,7,7);
				(5|6,7,0,2) => (5|6,7,0,2);
				(5|6,7,0,6) => (5|6,7,0,6);
				(5|6,7,3,0) => (5|6,7,3,0);
				(5|6,7,6,1) => (5|6,7,6,1);
				(5|6,7,6,5) => (5|6,7,6,5);
				(5|6,7,7,1) => (5|6,7,7,1);
				(5|6,7,7,6) => (5|6,7,7,6);
				(5|7,0,0,4) => (5|7,0,0,4);
				(5|7,0,1,1) => (5|7,0,1,1);
				(5|7,0,1,7) => (5|7,0,1,7);
				(5|7,0,2,6) => (5|7,0,2,6);
				(5|7,0,3,7) => (5|7,0,3,7);
				(5|7,0,6,1) => (5|7,0,6,1);
				(5|7,0,6,2) => (5|7,0,6,2);
				(5|7,0,6,4) => (5|7,0,6,4);
				(5|7,0,6,5) => (5|7,0,6,5);
				(5|7,0,6,6) => (5|7,0,6,6);
				(5|7,1,0,0) => (5|7,1,0,0);
				(5|7,1,0,1) => (5|7,1,0,1);
				(5|7,1,0,5) => (5|7,1,0,5);
				(5|7,1,6,7) => (5|7,1,6,7);
				(5|7,1,7,5) => (5|7,1,7,5);
				(5|7,2,0,1) => (5|7,2,0,1);
				(5|7,2,0,5) => (5|7,2,0,5);
				(5|7,2,4,0) => (5|7,2,4,0);
				(5|7,2,5,0) => (5|7,2,5,0);
				(5|7,2,7,5) => (5|7,2,7,5);
				(5|7,3,0,5) => (5|7,3,0,5);
				(5|7,3,0,6) => (5|7,3,0,6);
				(5|7,3,0,7) => (5|7,3,0,7);
				(5|7,3,1,0) => (5|7,3,1,0);
				(5|7,3,5,0) => (5|7,3,5,0);
				(5|7,4,0,0) => (5|7,4,0,0);
				(5|7,4,0,5) => (5|7,4,0,5);
				(5|7,5,0,1) => (5|7,5,0,1);
				(5|7,5,0,4) => (5|7,5,0,4);
				(5|7,5,5,5) => (5|7,5,5,5);
				(5|7,5,6,0) => (5|7,5,6,0);
				(5|7,5,7,1) => (5|7,5,7,1);
				(5|7,5,7,2) => (5|7,5,7,2);
				(5|7,6,0,1) => (5|7,6,0,1);
				(5|7,6,0,2) => (5|7,6,0,2);
				(5|7,6,0,5) => (5|7,6,0,5);
				(5|7,6,1,6) => (5|7,6,1,6);
				(5|7,6,2,0) => (5|7,6,2,0);
				(5|7,6,2,5) => (5|7,6,2,5);
				(5|7,6,3,7) => (5|7,6,3,7);
				(5|7,6,5,5) => (5|7,6,5,5);
				(5|7,6,5,6) => (5|7,6,5,6);
				(5|7,6,6,0) => (5|7,6,6,0);
				(5|7,6,6,7) => (5|7,6,6,7);
				(5|7,7,0,1) => (5|7,7,0,1);
				(5|7,7,0,3) => (5|7,7,0,3);
				(5|7,7,1,6) => (5|7,7,1,6);
				(5|7,7,3,0) => (5|7,7,3,0);
				(5|7,7,6,3) => (5|7,7,6,3);
				(5|7,7,6,6) => (5|7,7,6,6);
				(5|7,7,7,7) => (5|7,7,7,7);
				(6|0,0,2,4) => (6|0,0,2,4);
				(6|0,0,4,6) => (6|0,0,4,6);
				(6|0,0,4,7) => (6|0,0,4,7);
				(6|0,0,7,1) => (6|0,0,7,1);
				(6|0,0,7,4) => (6|0,0,7,4);
				(6|0,1,0,4) => (6|0,1,0,4);
				(6|0,1,1,7) => (6|0,1,1,7);
				(6|0,1,2,1) => (6|0,1,2,1);
				(6|0,1,2,2) => (6|0,1,2,2);
				(6|0,1,2,5) => (6|0,1,2,5);
				(6|0,1,4,6) => (6|0,1,4,6);
				(6|0,1,5,7) => (6|0,1,5,7);
				(6|0,1,6,1) => (6|0,1,6,1);
				(6|0,1,6,5) => (6|0,1,6,5);
				(6|0,1,6,7) => (6|0,1,6,7);
				(6|0,1,7,2) => (6|0,1,7,2);
				(6|0,1,7,5) => (6|0,1,7,5);
				(6|0,1,7,6) => (6|0,1,7,6);
				(6|0,2,1,6) => (6|0,2,1,6);
				(6|0,2,2,2) => (6|0,2,2,2);
				(6|0,2,2,5) => (7|0,2,2,5);
				(6|0,2,3,3) => (6|0,2,3,3);
				(6|0,2,4,0) => (6|0,2,4,0);
				(6|0,2,4,5) => (6|0,2,4,5);
				(6|0,2,4,6) => (6|0,2,4,6);
				(6|0,2,5,3) => (6|0,2,5,3);
				(6|0,2,5,4) => (6|0,2,5,4);
				(6|0,2,6,7) => (6|0,2,6,7);
				(6|0,2,7,7) => (6|0,2,7,7);
				(6|0,3,0,4) => (6|0,3,0,4);
				(6|0,3,1,6) => (6|0,3,1,6);
				(6|0,3,2,6) => (6|0,3,2,6);
				(6|0,3,4,6) => (6|0,3,4,6);
				(6|0,3,5,2) => (6|0,3,5,2);
				(6|0,3,6,3) => (6|0,3,6,3);
				(6|0,4,0,1) => (6|0,4,0,1);
				(6|0,4,0,3) => (6|0,4,0,3);
				(6|0,4,0,4) => (6|0,4,0,4);
				(6|0,4,0,5) => (6|0,4,0,5);
				(6|0,4,0,6) => (6|0,4,0,6);
				(6|0,4,1,1) => (6|0,4,1,1);
				(6|0,4,1,3) => (6|0,4,1,3);
				(6|0,4,6,0) => (6|0,4,6,0);
				(6|0,4,6,5) => (6|0,4,6,5);
				(6|0,4,7,0) => (6|0,4,7,0);
				(6|0,4,7,1) => (6|0,4,7,1);
				(6|0,4,7,5) => (6|0,4,7,5);
				(6|0,5,0,4) => (6|0,5,0,4);
				(6|0,5,1,3) => (3|0,5,1,3);
				(6|0,5,2,3) => (6|0,5,2,3);
				(6|0,5,2,5) => (6|0,5,2,5);
				(6|0,5,2,7) => (6|0,5,2,7);
				(6|0,5,6,3) => (6|0,5,6,3);
				(6|0,5,7,1) => (6|0,5,7,1);
				(6|0,5,7,4) => (6|0,5,7,4);
				(6|0,5,7,5) => (6|0,5,7,5);
				(6|0,5,7,6) => (6|0,5,7,6);
				(6|0,6,0,4) => (6|0,6,0,4);
				(6|0,6,1,6) => (6|0,6,1,6);
				(6|0,6,1,7) => (6|0,6,1,7);
				(6|0,6,2,7) => (6|0,6,2,7);
				(6|0,6,4,1) => (6|0,6,4,1);
				(6|0,6,4,5) => (7|0,6,4,5);
				(6|0,6,5,5) => (6|0,6,5,5);
				(6|0,6,5,7) => (6|0,6,5,7);
				(6|0,6,6,1) => (6|0,6,6,1);
				(6|0,6,7,5) => (6|0,6,7,5);
				(6|0,6,7,7) => (6|0,6,7,7);
				(6|0,7,1,0) => (6|0,7,1,0);
				(6|0,7,1,1) => (6|0,7,1,1);
				(6|0,7,3,7) => (6|0,7,3,7);
				(6|0,7,4,0) => (6|0,7,4,0);
				(6|0,7,4,7) => (6|0,7,4,7);
				(6|0,7,5,3) => (6|0,7,5,3);
				(6|0,7,5,5) => (6|0,7,5,5);
				(6|0,7,5,7) => (6|0,7,5,7);
				(6|0,7,7,3) => (6|0,7,7,3);
				(6|0,7,7,4) => (6|0,7,7,4);
				(6|1,0,0,7) => (6|1,0,0,7);
				(6|1,0,1,2) => (6|1,0,1,2);
				(6|1,0,1,6) => (6|1,0,1,6);
				(6|1,0,4,0) => (6|1,0,4,0);
				(6|1,0,4,1) => (6|1,0,4,1);
				(6|1,0,4,7) => (6|1,0,4,7);
				(6|1,0,5,7) => (6|1,0,5,7);
				(6|1,0,6,4) => (6|1,0,6,4);
				(6|1,0,6,6) => (6|1,0,6,6);
				(6|1,0,7,1) => (6|1,0,7,1);
				(6|1,1,0,4) => (6|1,1,0,4);
				(6|1,1,0,7) => (6|1,1,0,7);
				(6|1,1,7,0) => (6|1,1,7,0);
				(6|1,2,1,0) => (6|1,2,1,0);
				(6|1,2,2,0) => (6|1,2,2,0);
				(6|1,2,5,0) => (6|1,2,5,0);
				(6|1,3,0,4) => (6|1,3,0,4);
				(6|1,3,0,5) => (3|1,3,0,5);
				(6|1,4,6,0) => (6|1,4,6,0);
				(6|1,5,7,0) => (6|1,5,7,0);
				(6|1,5,7,7) => (6|1,5,7,7);
				(6|1,6,0,2) => (6|1,6,0,2);
				(6|1,6,0,3) => (6|1,6,0,3);
				(6|1,6,0,6) => (6|1,6,0,6);
				(6|1,6,1,0) => (6|1,6,1,0);
				(6|1,6,5,0) => (6|1,6,5,0);
				(6|1,6,7,0) => (6|1,6,7,0);
				(6|1,7,0,1) => (6|1,7,0,1);
				(6|1,7,0,6) => (6|1,7,0,6);
				(6|1,7,2,0) => (6|1,7,2,0);
				(6|1,7,2,5) => (6|1,7,2,5);
				(6|1,7,5,0) => (6|1,7,5,0);
				(6|1,7,5,7) => (6|1,7,5,7);
				(6|1,7,6,0) => (6|1,7,6,0);
				(6|1,7,7,7) => (6|1,7,7,7);
				(6|2,0,1,2) => (6|2,0,1,2);
				(6|2,0,1,7) => (6|2,0,1,7);
				(6|2,0,2,2) => (6|2,0,2,2);
				(6|2,0,3,5) => (6|2,0,3,5);
				(6|2,1,0,1) => (6|2,1,0,1);
				(6|2,1,6,0) => (6|2,1,6,0);
				(6|2,2,0,1) => (6|2,2,0,1);
				(6|2,2,0,2) => (6|2,2,0,2);
				(6|2,2,2,0) => (6|2,2,2,0);
				(6|2,2,2,5) => (7|2,2,2,5);
				(6|2,2,5,0) => (7|2,2,5,0);
				(6|2,2,5,2) => (7|2,2,5,2);
				(6|2,3,0,5) => (6|2,3,0,5);
				(6|2,3,3,0) => (6|2,3,3,0);
				(6|2,4,0,0) => (6|2,4,0,0);
				(6|2,4,5,0) => (6|2,4,5,0);
				(6|2,4,6,0) => (6|2,4,6,0);
				(6|2,5,0,1) => (6|2,5,0,1);
				(6|2,5,0,2) => (7|2,5,0,2);
				(6|2,5,0,5) => (6|2,5,0,5);
				(6|2,5,1,7) => (6|2,5,1,7);
				(6|2,5,2,2) => (7|2,5,2,2);
				(6|2,5,3,0) => (6|2,5,3,0);
				(6|2,5,4,0) => (6|2,5,4,0);
				(6|2,5,5,6) => (6|2,5,5,6);
				(6|2,6,0,3) => (6|2,6,0,3);
				(6|2,6,7,0) => (6|2,6,7,0);
				(6|2,7,0,5) => (6|2,7,0,5);
				(6|2,7,0,6) => (6|2,7,0,6);
				(6|2,7,6,7) => (6|2,7,6,7);
				(6|2,7,7,0) => (6|2,7,7,0);
				(6|3,0,2,3) => (6|3,0,2,3);
				(6|3,0,2,5) => (6|3,0,2,5);
				(6|3,0,3,6) => (6|3,0,3,6);
				(6|3,0,4,0) => (6|3,0,4,0);
				(6|3,0,4,1) => (6|3,0,4,1);
				(6|3,0,5,1) => (3|3,0,5,1);
				(6|3,0,5,2) => (6|3,0,5,2);
				(6|3,0,5,6) => (6|3,0,5,6);
				(6|3,0,7,5) => (6|3,0,7,5);
				(6|3,0,7,7) => (6|3,0,7,7);
				(6|3,1,6,0) => (6|3,1,6,0);
				(6|3,2,6,0) => (6|3,2,6,0);
				(6|3,3,0,2) => (6|3,3,0,2);
				(6|3,4,6,0) => (6|3,4,6,0);
				(6|3,5,2,0) => (6|3,5,2,0);
				(6|3,5,3,5) => (6|3,5,3,5);
				(6|3,6,3,0) => (6|3,6,3,0);
				(6|3,7,0,7) => (6|3,7,0,7);
				(6|3,7,7,7) => (6|3,7,7,7);
				(6|4,0,0,2) => (6|4,0,0,2);
				(6|4,0,0,7) => (6|4,0,0,7);
				(6|4,0,1,0) => (6|4,0,1,0);
				(6|4,0,2,5) => (6|4,0,2,5);
				(6|4,0,3,0) => (6|4,0,3,0);
				(6|4,0,4,0) => (6|4,0,4,0);
				(6|4,0,5,0) => (6|4,0,5,0);
				(6|4,0,5,7) => (6|4,0,5,7);
				(6|4,0,6,0) => (6|4,0,6,0);
				(6|4,0,7,7) => (6|4,0,7,7);
				(6|4,1,0,6) => (6|4,1,0,6);
				(6|4,1,1,0) => (6|4,1,1,0);
				(6|4,1,3,0) => (6|4,1,3,0);
				(6|4,5,0,2) => (6|4,5,0,2);
				(6|4,5,0,6) => (7|4,5,0,6);
				(6|4,6,0,0) => (6|4,6,0,0);
				(6|4,6,0,1) => (6|4,6,0,1);
				(6|4,6,0,2) => (6|4,6,0,2);
				(6|4,6,0,3) => (6|4,6,0,3);
				(6|4,6,5,0) => (6|4,6,5,0);
				(6|4,7,0,0) => (6|4,7,0,0);
				(6|4,7,0,7) => (6|4,7,0,7);
				(6|4,7,1,0) => (6|4,7,1,0);
				(6|4,7,5,0) => (6|4,7,5,0);
				(6|5,0,1,2) => (6|5,0,1,2);
				(6|5,0,1,6) => (6|5,0,1,6);
				(6|5,0,1,7) => (6|5,0,1,7);
				(6|5,0,2,2) => (7|5,0,2,2);
				(6|5,0,2,4) => (6|5,0,2,4);
				(6|5,0,4,0) => (6|5,0,4,0);
				(6|5,0,4,6) => (6|5,0,4,6);
				(6|5,0,4,7) => (6|5,0,4,7);
				(6|5,0,5,2) => (6|5,0,5,2);
				(6|5,0,5,7) => (6|5,0,5,7);
				(6|5,0,6,4) => (7|5,0,6,4);
				(6|5,0,6,5) => (6|5,0,6,5);
				(6|5,0,6,7) => (6|5,0,6,7);
				(6|5,0,7,5) => (6|5,0,7,5);
				(6|5,1,3,0) => (3|5,1,3,0);
				(6|5,1,7,2) => (6|5,1,7,2);
				(6|5,2,0,3) => (6|5,2,0,3);
				(6|5,2,2,2) => (7|5,2,2,2);
				(6|5,2,3,0) => (6|5,2,3,0);
				(6|5,2,5,0) => (6|5,2,5,0);
				(6|5,2,7,0) => (6|5,2,7,0);
				(6|5,3,0,2) => (6|5,3,0,2);
				(6|5,3,0,7) => (6|5,3,0,7);
				(6|5,3,5,3) => (6|5,3,5,3);
				(6|5,4,0,2) => (6|5,4,0,2);
				(6|5,5,0,6) => (6|5,5,0,6);
				(6|5,5,0,7) => (6|5,5,0,7);
				(6|5,5,5,5) => (6|5,5,5,5);
				(6|5,5,6,2) => (6|5,5,6,2);
				(6|5,5,7,7) => (6|5,5,7,7);
				(6|5,6,2,5) => (6|5,6,2,5);
				(6|5,6,3,0) => (6|5,6,3,0);
				(6|5,6,6,7) => (6|5,6,6,7);
				(6|5,6,7,6) => (6|5,6,7,6);
				(6|5,6,7,7) => (6|5,6,7,7);
				(6|5,7,0,1) => (6|5,7,0,1);
				(6|5,7,0,6) => (6|5,7,0,6);
				(6|5,7,0,7) => (6|5,7,0,7);
				(6|5,7,1,0) => (6|5,7,1,0);
				(6|5,7,1,7) => (6|5,7,1,7);
				(6|5,7,4,0) => (6|5,7,4,0);
				(6|5,7,5,0) => (6|5,7,5,0);
				(6|5,7,5,7) => (6|5,7,5,7);
				(6|5,7,6,0) => (6|5,7,6,0);
				(6|5,7,6,7) => (6|5,7,6,7);
				(6|5,7,7,1) => (6|5,7,7,1);
				(6|5,7,7,5) => (6|5,7,7,5);
				(6|6,0,0,4) => (6|6,0,0,4);
				(6|6,0,1,4) => (6|6,0,1,4);
				(6|6,0,1,7) => (6|6,0,1,7);
				(6|6,0,2,1) => (6|6,0,2,1);
				(6|6,0,2,4) => (6|6,0,2,4);
				(6|6,0,3,1) => (6|6,0,3,1);
				(6|6,0,3,2) => (6|6,0,3,2);
				(6|6,0,3,4) => (6|6,0,3,4);
				(6|6,0,4,0) => (6|6,0,4,0);
				(6|6,0,5,7) => (6|6,0,5,7);
				(6|6,0,6,1) => (6|6,0,6,1);
				(6|6,1,0,1) => (6|6,1,0,1);
				(6|6,1,0,6) => (6|6,1,0,6);
				(6|6,1,6,0) => (6|6,1,6,0);
				(6|6,1,7,0) => (6|6,1,7,0);
				(6|6,2,5,5) => (6|6,2,5,5);
				(6|6,2,7,0) => (6|6,2,7,0);
				(6|6,3,0,3) => (6|6,3,0,3);
				(6|6,3,0,5) => (6|6,3,0,5);
				(6|6,4,1,0) => (6|6,4,1,0);
				(6|6,4,5,0) => (7|6,4,5,0);
				(6|6,5,0,1) => (6|6,5,0,1);
				(6|6,5,0,4) => (6|6,5,0,4);
				(6|6,5,5,0) => (6|6,5,5,0);
				(6|6,5,6,7) => (6|6,5,6,7);
				(6|6,5,7,0) => (6|6,5,7,0);
				(6|6,6,1,0) => (6|6,6,1,0);
				(6|6,6,7,5) => (6|6,6,7,5);
				(6|6,7,0,1) => (6|6,7,0,1);
				(6|6,7,0,2) => (6|6,7,0,2);
				(6|6,7,2,7) => (6|6,7,2,7);
				(6|6,7,5,0) => (6|6,7,5,0);
				(6|6,7,5,6) => (6|6,7,5,6);
				(6|6,7,5,7) => (6|6,7,5,7);
				(6|6,7,6,5) => (6|6,7,6,5);
				(6|6,7,7,0) => (6|6,7,7,0);
				(6|6,7,7,5) => (6|6,7,7,5);
				(6|7,0,0,4) => (6|7,0,0,4);
				(6|7,0,1,1) => (6|7,0,1,1);
				(6|7,0,1,5) => (6|7,0,1,5);
				(6|7,0,1,6) => (6|7,0,1,6);
				(6|7,0,2,6) => (6|7,0,2,6);
				(6|7,0,2,7) => (6|7,0,2,7);
				(6|7,0,5,2) => (6|7,0,5,2);
				(6|7,0,6,1) => (6|7,0,6,1);
				(6|7,0,6,2) => (6|7,0,6,2);
				(6|7,0,6,5) => (6|7,0,6,5);
				(6|7,0,6,7) => (6|7,0,6,7);
				(6|7,0,7,3) => (6|7,0,7,3);
				(6|7,0,7,4) => (6|7,0,7,4);
				(6|7,0,7,5) => (6|7,0,7,5);
				(6|7,1,0,0) => (6|7,1,0,0);
				(6|7,1,0,4) => (6|7,1,0,4);
				(6|7,1,0,5) => (6|7,1,0,5);
				(6|7,1,1,0) => (6|7,1,1,0);
				(6|7,1,5,7) => (6|7,1,5,7);
				(6|7,1,7,5) => (6|7,1,7,5);
				(6|7,1,7,7) => (6|7,1,7,7);
				(6|7,2,0,1) => (6|7,2,0,1);
				(6|7,2,5,1) => (6|7,2,5,1);
				(6|7,2,7,6) => (6|7,2,7,6);
				(6|7,3,0,7) => (6|7,3,0,7);
				(6|7,3,7,0) => (6|7,3,7,0);
				(6|7,3,7,7) => (6|7,3,7,7);
				(6|7,4,0,0) => (6|7,4,0,0);
				(6|7,4,0,5) => (6|7,4,0,5);
				(6|7,4,0,7) => (6|7,4,0,7);
				(6|7,4,7,0) => (6|7,4,7,0);
				(6|7,5,0,1) => (6|7,5,0,1);
				(6|7,5,0,4) => (6|7,5,0,4);
				(6|7,5,0,5) => (6|7,5,0,5);
				(6|7,5,0,6) => (6|7,5,0,6);
				(6|7,5,3,0) => (6|7,5,3,0);
				(6|7,5,5,0) => (6|7,5,5,0);
				(6|7,5,5,7) => (6|7,5,5,7);
				(6|7,5,6,6) => (6|7,5,6,6);
				(6|7,5,6,7) => (6|7,5,6,7);
				(6|7,5,7,0) => (6|7,5,7,0);
				(6|7,5,7,1) => (6|7,5,7,1);
				(6|7,5,7,5) => (6|7,5,7,5);
				(6|7,5,7,6) => (6|7,5,7,6);
				(6|7,6,0,1) => (6|7,6,0,1);
				(6|7,6,0,5) => (6|7,6,0,5);
				(6|7,6,5,6) => (6|7,6,5,6);
				(6|7,6,7,2) => (6|7,6,7,2);
				(6|7,6,7,5) => (6|7,6,7,5);
				(6|7,7,0,2) => (6|7,7,0,2);
				(6|7,7,0,6) => (6|7,7,0,6);
				(6|7,7,1,5) => (6|7,7,1,5);
				(6|7,7,1,7) => (6|7,7,1,7);
				(6|7,7,3,0) => (6|7,7,3,0);
				(6|7,7,3,7) => (6|7,7,3,7);
				(6|7,7,4,0) => (6|7,7,4,0);
				(6|7,7,5,5) => (6|7,7,5,5);
				(6|7,7,5,6) => (6|7,7,5,6);
				(6|7,7,7,1) => (6|7,7,7,1);
				(6|7,7,7,3) => (6|7,7,7,3);
				(7|0,0,1,4) => (7|0,0,1,4);
				(7|0,0,3,3) => (7|0,0,3,3);
				(7|0,0,4,5) => (7|0,0,4,5);
				(7|0,0,4,6) => (7|0,0,4,6);
				(7|0,0,6,4) => (7|0,0,6,4);
				(7|0,0,7,2) => (7|0,0,7,2);
				(7|0,1,1,1) => (7|0,1,1,1);
				(7|0,1,1,4) => (7|0,1,1,4);
				(7|0,1,1,7) => (7|0,1,1,7);
				(7|0,1,2,1) => (7|0,1,2,1);
				(7|0,1,2,4) => (7|0,1,2,4);
				(7|0,1,2,7) => (7|0,1,2,7);
				(7|0,1,3,4) => (7|0,1,3,4);
				(7|0,1,3,7) => (7|0,1,3,7);
				(7|0,1,4,0) => (7|0,1,4,0);
				(7|0,1,4,1) => (7|0,1,4,1);
				(7|0,1,4,6) => (7|0,1,4,6);
				(7|0,1,5,2) => (7|0,1,5,2);
				(7|0,1,6,3) => (7|0,1,6,3);
				(7|0,1,6,7) => (7|0,1,6,7);
				(7|0,1,7,1) => (7|0,1,7,1);
				(7|0,1,7,6) => (7|0,1,7,6);
				(7|0,1,7,7) => (7|0,1,7,7);
				(7|0,2,1,6) => (7|0,2,1,6);
				(7|0,2,2,5) => (0|0,2,2,5);
				(7|0,2,3,1) => (7|0,2,3,1);
				(7|0,2,3,2) => (7|0,2,3,2);
				(7|0,2,4,6) => (7|0,2,4,6);
				(7|0,2,5,1) => (7|0,2,5,1);
				(7|0,2,5,3) => (7|0,2,5,3);
				(7|0,2,7,3) => (7|0,2,7,3);
				(7|0,2,7,6) => (7|0,2,7,6);
				(7|0,2,7,7) => (7|0,2,7,7);
				(7|0,3,0,4) => (7|0,3,0,4);
				(7|0,3,1,6) => (7|0,3,1,6);
				(7|0,3,2,6) => (7|0,3,2,6);
				(7|0,3,3,0) => (7|0,3,3,0);
				(7|0,3,3,6) => (0|0,3,3,6);
				(7|0,3,6,3) => (7|0,3,6,3);
				(7|0,3,6,5) => (7|0,3,6,5);
				(7|0,3,7,6) => (7|0,3,7,6);
				(7|0,4,0,3) => (7|0,4,0,3);
				(7|0,4,0,4) => (7|0,4,0,4);
				(7|0,4,0,5) => (7|0,4,0,5);
				(7|0,4,0,7) => (7|0,4,0,7);
				(7|0,4,1,1) => (7|0,4,1,1);
				(7|0,4,1,5) => (7|0,4,1,5);
				(7|0,4,5,0) => (7|0,4,5,0);
				(7|0,4,6,0) => (7|0,4,6,0);
				(7|0,4,6,1) => (7|0,4,6,1);
				(7|0,4,6,5) => (7|0,4,6,5);
				(7|0,5,0,4) => (7|0,5,0,4);
				(7|0,5,2,1) => (7|0,5,2,1);
				(7|0,5,3,7) => (0|0,5,3,7);
				(7|0,5,6,2) => (7|0,5,6,2);
				(7|0,5,6,3) => (7|0,5,6,3);
				(7|0,5,7,1) => (7|0,5,7,1);
				(7|0,5,7,3) => (7|0,5,7,3);
				(7|0,5,7,6) => (7|0,5,7,6);
				(7|0,6,1,6) => (7|0,6,1,6);
				(7|0,6,2,7) => (7|0,6,2,7);
				(7|0,6,3,2) => (7|0,6,3,2);
				(7|0,6,3,6) => (7|0,6,3,6);
				(7|0,6,4,0) => (7|0,6,4,0);
				(7|0,6,4,1) => (7|0,6,4,1);
				(7|0,6,5,2) => (7|0,6,5,2);
				(7|0,6,5,7) => (7|0,6,5,7);
				(7|0,6,6,1) => (7|0,6,6,1);
				(7|0,6,6,4) => (7|0,6,6,4);
				(7|0,6,6,6) => (7|0,6,6,6);
				(7|0,6,6,7) => (7|0,6,6,7);
				(7|0,6,7,3) => (7|0,6,7,3);
				(7|0,6,7,7) => (7|0,6,7,7);
				(7|0,7,0,4) => (7|0,7,0,4);
				(7|0,7,1,3) => (7|0,7,1,3);
				(7|0,7,1,6) => (7|0,7,1,6);
				(7|0,7,2,0) => (7|0,7,2,0);
				(7|0,7,2,2) => (7|0,7,2,2);
				(7|0,7,2,7) => (7|0,7,2,7);
				(7|0,7,3,1) => (7|0,7,3,1);
				(7|0,7,4,7) => (7|0,7,4,7);
				(7|0,7,5,1) => (7|0,7,5,1);
				(7|0,7,5,2) => (7|0,7,5,2);
				(7|0,7,5,3) => (7|0,7,5,3);
				(7|0,7,5,7) => (7|0,7,5,7);
				(7|0,7,6,1) => (7|0,7,6,1);
				(7|0,7,6,2) => (7|0,7,6,2);
				(7|0,7,6,7) => (7|0,7,6,7);
				(7|0,7,7,2) => (7|0,7,7,2);
				(7|0,7,7,6) => (7|0,7,7,6);
				(7|1,0,1,1) => (7|1,0,1,1);
				(7|1,0,1,2) => (7|1,0,1,2);
				(7|1,0,1,4) => (7|1,0,1,4);
				(7|1,0,1,7) => (7|1,0,1,7);
				(7|1,0,2,3) => (7|1,0,2,3);
				(7|1,0,2,5) => (7|1,0,2,5);
				(7|1,0,4,1) => (7|1,0,4,1);
				(7|1,0,4,6) => (7|1,0,4,6);
				(7|1,0,5,2) => (7|1,0,5,2);
				(7|1,0,5,7) => (7|1,0,5,7);
				(7|1,0,6,4) => (7|1,0,6,4);
				(7|1,0,6,6) => (7|1,0,6,6);
				(7|1,0,7,3) => (7|1,0,7,3);
				(7|1,0,7,5) => (7|1,0,7,5);
				(7|1,0,7,6) => (7|1,0,7,6);
				(7|1,1,0,1) => (7|1,1,0,1);
				(7|1,1,0,4) => (7|1,1,0,4);
				(7|1,1,1,0) => (7|1,1,1,0);
				(7|1,1,4,0) => (7|1,1,4,0);
				(7|1,1,7,0) => (7|1,1,7,0);
				(7|1,2,1,0) => (7|1,2,1,0);
				(7|1,2,4,0) => (7|1,2,4,0);
				(7|1,2,6,3) => (7|1,2,6,3);
				(7|1,2,7,0) => (7|1,2,7,0);
				(7|1,3,0,7) => (7|1,3,0,7);
				(7|1,3,4,0) => (7|1,3,4,0);
				(7|1,3,7,0) => (7|1,3,7,0);
				(7|1,4,0,0) => (7|1,4,0,0);
				(7|1,4,0,1) => (7|1,4,0,1);
				(7|1,4,1,0) => (7|1,4,1,0);
				(7|1,4,6,0) => (7|1,4,6,0);
				(7|1,5,0,4) => (7|1,5,0,4);
				(7|1,5,2,0) => (7|1,5,2,0);
				(7|1,5,5,7) => (7|1,5,5,7);
				(7|1,5,6,5) => (7|1,5,6,5);
				(7|1,5,6,6) => (7|1,5,6,6);
				(7|1,6,0,2) => (7|1,6,0,2);
				(7|1,6,0,3) => (7|1,6,0,3);
				(7|1,6,0,6) => (7|1,6,0,6);
				(7|1,6,0,7) => (7|1,6,0,7);
				(7|1,6,2,5) => (7|1,6,2,5);
				(7|1,6,3,0) => (7|1,6,3,0);
				(7|1,6,5,7) => (7|1,6,5,7);
				(7|1,6,6,7) => (7|1,6,6,7);
				(7|1,6,7,0) => (7|1,6,7,0);
				(7|1,6,7,7) => (7|1,6,7,7);
				(7|1,7,0,1) => (7|1,7,0,1);
				(7|1,7,1,0) => (7|1,7,1,0);
				(7|1,7,6,0) => (7|1,7,6,0);
				(7|1,7,6,3) => (7|1,7,6,3);
				(7|1,7,7,0) => (7|1,7,7,0);
				(7|2,0,0,7) => (7|2,0,0,7);
				(7|2,0,1,5) => (7|2,0,1,5);
				(7|2,0,2,3) => (7|2,0,2,3);
				(7|2,0,5,6) => (7|2,0,5,6);
				(7|2,0,6,3) => (7|2,0,6,3);
				(7|2,0,6,5) => (7|2,0,6,5);
				(7|2,0,7,2) => (7|2,0,7,2);
				(7|2,0,7,5) => (7|2,0,7,5);
				(7|2,0,7,6) => (7|2,0,7,6);
				(7|2,0,7,7) => (7|2,0,7,7);
				(7|2,1,0,1) => (7|2,1,0,1);
				(7|2,1,0,5) => (7|2,1,0,5);
				(7|2,1,6,0) => (7|2,1,6,0);
				(7|2,2,0,7) => (7|2,2,0,7);
				(7|2,2,2,3) => (7|2,2,2,3);
				(7|2,2,3,2) => (7|2,2,3,2);
				(7|2,2,5,0) => (0|2,2,5,0);
				(7|2,3,1,0) => (7|2,3,1,0);
				(7|2,3,2,0) => (7|2,3,2,0);
				(7|2,3,2,2) => (7|2,3,2,2);
				(7|2,3,2,5) => (7|2,3,2,5);
				(7|2,3,2,6) => (7|2,3,2,6);
				(7|2,4,0,1) => (7|2,4,0,1);
				(7|2,4,6,0) => (7|2,4,6,0);
				(7|2,5,0,2) => (0|2,5,0,2);
				(7|2,5,1,0) => (7|2,5,1,0);
				(7|2,5,1,6) => (7|2,5,1,6);
				(7|2,5,2,3) => (7|2,5,2,3);
				(7|2,5,3,0) => (7|2,5,3,0);
				(7|2,6,0,3) => (7|2,6,0,3);
				(7|2,6,2,3) => (7|2,6,2,3);
				(7|2,6,3,1) => (7|2,6,3,1);
				(7|2,7,0,1) => (7|2,7,0,1);
				(7|2,7,0,6) => (7|2,7,0,6);
				(7|2,7,0,7) => (7|2,7,0,7);
				(7|2,7,3,0) => (7|2,7,3,0);
				(7|2,7,6,0) => (7|2,7,6,0);
				(7|2,7,6,7) => (7|2,7,6,7);
				(7|2,7,7,0) => (7|2,7,7,0);
				(7|3,0,0,3) => (7|3,0,0,3);
				(7|3,0,1,6) => (7|3,0,1,6);
				(7|3,0,2,5) => (7|3,0,2,5);
				(7|3,0,2,7) => (7|3,0,2,7);
				(7|3,0,3,6) => (7|3,0,3,6);
				(7|3,0,4,0) => (7|3,0,4,0);
				(7|3,0,5,6) => (7|3,0,5,6);
				(7|3,0,5,7) => (7|3,0,5,7);
				(7|3,0,6,7) => (7|3,0,6,7);
				(7|3,0,7,1) => (7|3,0,7,1);
				(7|3,0,7,5) => (7|3,0,7,5);
				(7|3,1,0,2) => (7|3,1,0,2);
				(7|3,1,0,7) => (7|3,1,0,7);
				(7|3,1,2,6) => (7|3,1,2,6);
				(7|3,1,6,0) => (7|3,1,6,0);
				(7|3,1,7,6) => (7|3,1,7,6);
				(7|3,2,0,2) => (7|3,2,0,2);
				(7|3,2,0,6) => (7|3,2,0,6);
				(7|3,2,2,2) => (7|3,2,2,2);
				(7|3,2,5,2) => (7|3,2,5,2);
				(7|3,2,6,0) => (7|3,2,6,0);
				(7|3,2,6,2) => (7|3,2,6,2);
				(7|3,3,0,0) => (7|3,3,0,0);
				(7|3,3,6,0) => (0|3,3,6,0);
				(7|3,4,0,1) => (7|3,4,0,1);
				(7|3,5,6,6) => (7|3,5,6,6);
				(7|3,6,0,3) => (0|3,6,0,3);
				(7|3,6,0,6) => (7|3,6,0,6);
				(7|3,6,3,0) => (7|3,6,3,0);
				(7|3,6,5,0) => (7|3,6,5,0);
				(7|3,6,5,5) => (7|3,6,5,5);
				(7|3,7,0,1) => (7|3,7,0,1);
				(7|3,7,0,5) => (0|3,7,0,5);
				(7|3,7,6,0) => (7|3,7,6,0);
				(7|3,7,6,7) => (7|3,7,6,7);
				(7|3,7,7,5) => (7|3,7,7,5);
				(7|4,0,0,1) => (7|4,0,0,1);
				(7|4,0,0,6) => (7|4,0,0,6);
				(7|4,0,1,1) => (7|4,0,1,1);
				(7|4,0,1,2) => (7|4,0,1,2);
				(7|4,0,1,3) => (7|4,0,1,3);
				(7|4,0,3,0) => (7|4,0,3,0);
				(7|4,0,4,0) => (7|4,0,4,0);
				(7|4,0,5,0) => (7|4,0,5,0);
				(7|4,0,6,6) => (7|4,0,6,6);
				(7|4,0,7,0) => (7|4,0,7,0);
				(7|4,1,0,1) => (7|4,1,0,1);
				(7|4,1,0,6) => (7|4,1,0,6);
				(7|4,1,1,0) => (7|4,1,1,0);
				(7|4,1,5,0) => (7|4,1,5,0);
				(7|4,5,0,0) => (7|4,5,0,0);
				(7|4,6,0,0) => (7|4,6,0,0);
				(7|4,6,0,1) => (7|4,6,0,1);
				(7|4,6,0,2) => (7|4,6,0,2);
				(7|4,6,1,0) => (7|4,6,1,0);
				(7|4,6,5,0) => (7|4,6,5,0);
				(7|4,7,0,7) => (7|4,7,0,7);
				(7|5,0,0,4) => (7|5,0,0,4);
				(7|5,0,2,2) => (0|5,0,2,2);
				(7|5,0,3,6) => (7|5,0,3,6);
				(7|5,0,4,0) => (7|5,0,4,0);
				(7|5,0,4,1) => (7|5,0,4,1);
				(7|5,0,4,6) => (7|5,0,4,6);
				(7|5,1,0,2) => (7|5,1,0,2);
				(7|5,1,0,7) => (7|5,1,0,7);
				(7|5,1,5,6) => (7|5,1,5,6);
				(7|5,1,6,2) => (7|5,1,6,2);
				(7|5,2,0,1) => (7|5,2,0,1);
				(7|5,2,0,6) => (7|5,2,0,6);
				(7|5,2,0,7) => (7|5,2,0,7);
				(7|5,2,1,0) => (7|5,2,1,0);
				(7|5,2,3,2) => (7|5,2,3,2);
				(7|5,3,0,2) => (7|5,3,0,2);
				(7|5,3,0,7) => (7|5,3,0,7);
				(7|5,3,6,5) => (7|5,3,6,5);
				(7|5,3,7,0) => (0|5,3,7,0);
				(7|5,3,7,7) => (7|5,3,7,7);
				(7|5,5,3,6) => (7|5,5,3,6);
				(7|5,5,6,6) => (7|5,5,6,6);
				(7|5,5,7,1) => (7|5,5,7,1);
				(7|5,6,2,0) => (7|5,6,2,0);
				(7|5,6,3,0) => (7|5,6,3,0);
				(7|5,6,5,1) => (7|5,6,5,1);
				(7|5,6,6,1) => (7|5,6,6,1);
				(7|5,6,6,3) => (7|5,6,6,3);
				(7|5,6,6,5) => (7|5,6,6,5);
				(7|5,6,7,7) => (7|5,6,7,7);
				(7|5,7,0,6) => (7|5,7,0,6);
				(7|5,7,0,7) => (7|5,7,0,7);
				(7|5,7,1,0) => (7|5,7,1,0);
				(7|5,7,1,5) => (7|5,7,1,5);
				(7|5,7,1,6) => (7|5,7,1,6);
				(7|5,7,3,0) => (7|5,7,3,0);
				(7|5,7,6,0) => (7|5,7,6,0);
				(7|5,7,6,7) => (7|5,7,6,7);
				(7|5,7,7,6) => (7|5,7,7,6);
				(7|6,0,0,4) => (7|6,0,0,4);
				(7|6,0,1,4) => (7|6,0,1,4);
				(7|6,0,1,7) => (7|6,0,1,7);
				(7|6,0,2,1) => (7|6,0,2,1);
				(7|6,0,2,4) => (7|6,0,2,4);
				(7|6,0,2,7) => (7|6,0,2,7);
				(7|6,0,3,1) => (7|6,0,3,1);
				(7|6,0,3,2) => (7|6,0,3,2);
				(7|6,0,3,3) => (0|6,0,3,3);
				(7|6,0,3,7) => (7|6,0,3,7);
				(7|6,0,5,7) => (7|6,0,5,7);
				(7|6,0,6,1) => (7|6,0,6,1);
				(7|6,0,6,3) => (7|6,0,6,3);
				(7|6,0,6,6) => (7|6,0,6,6);
				(7|6,0,7,1) => (7|6,0,7,1);
				(7|6,0,7,7) => (7|6,0,7,7);
				(7|6,1,0,4) => (7|6,1,0,4);
				(7|6,1,0,6) => (7|6,1,0,6);
				(7|6,1,0,7) => (7|6,1,0,7);
				(7|6,1,5,6) => (7|6,1,5,6);
				(7|6,1,6,0) => (7|6,1,6,0);
				(7|6,2,0,5) => (7|6,2,0,5);
				(7|6,2,0,7) => (7|6,2,0,7);
				(7|6,2,3,2) => (7|6,2,3,2);
				(7|6,2,5,1) => (7|6,2,5,1);
				(7|6,2,7,0) => (7|6,2,7,0);
				(7|6,3,0,1) => (7|6,3,0,1);
				(7|6,3,0,3) => (7|6,3,0,3);
				(7|6,3,0,5) => (7|6,3,0,5);
				(7|6,3,1,2) => (7|6,3,1,2);
				(7|6,3,1,7) => (7|6,3,1,7);
				(7|6,3,2,0) => (7|6,3,2,0);
				(7|6,3,5,6) => (7|6,3,5,6);
				(7|6,3,6,0) => (7|6,3,6,0);
				(7|6,4,0,0) => (7|6,4,0,0);
				(7|6,4,0,6) => (7|6,4,0,6);
				(7|6,4,1,0) => (7|6,4,1,0);
				(7|6,5,0,3) => (7|6,5,0,3);
				(7|6,5,0,4) => (7|6,5,0,4);
				(7|6,5,1,5) => (7|6,5,1,5);
				(7|6,5,2,0) => (7|6,5,2,0);
				(7|6,5,5,3) => (7|6,5,5,3);
				(7|6,5,5,6) => (7|6,5,5,6);
				(7|6,5,7,0) => (7|6,5,7,0);
				(7|6,5,7,1) => (7|6,5,7,1);
				(7|6,5,7,7) => (7|6,5,7,7);
				(7|6,6,0,6) => (7|6,6,0,6);
				(7|6,6,1,0) => (7|6,6,1,0);
				(7|6,6,1,5) => (7|6,6,1,5);
				(7|6,6,3,5) => (7|6,6,3,5);
				(7|6,6,4,0) => (7|6,6,4,0);
				(7|6,6,5,5) => (7|6,6,5,5);
				(7|6,6,6,0) => (7|6,6,6,0);
				(7|6,6,7,0) => (7|6,6,7,0);
				(7|6,6,7,1) => (7|6,6,7,1);
				(7|6,7,0,1) => (7|6,7,0,1);
				(7|6,7,0,6) => (7|6,7,0,6);
				(7|6,7,0,7) => (7|6,7,0,7);
				(7|6,7,1,6) => (7|6,7,1,6);
				(7|6,7,2,7) => (7|6,7,2,7);
				(7|6,7,3,0) => (7|6,7,3,0);
				(7|6,7,3,7) => (7|6,7,3,7);
				(7|6,7,5,7) => (7|6,7,5,7);
				(7|6,7,7,0) => (7|6,7,7,0);
				(7|6,7,7,1) => (7|6,7,7,1);
				(7|6,7,7,5) => (7|6,7,7,5);
				(7|6,7,7,7) => (7|6,7,7,7);
				(7|7,0,1,1) => (7|7,0,1,1);
				(7|7,0,1,2) => (7|7,0,1,2);
				(7|7,0,1,3) => (7|7,0,1,3);
				(7|7,0,1,6) => (7|7,0,1,6);
				(7|7,0,1,7) => (7|7,0,1,7);
				(7|7,0,2,7) => (7|7,0,2,7);
				(7|7,0,4,0) => (7|7,0,4,0);
				(7|7,0,5,3) => (0|7,0,5,3);
				(7|7,0,6,2) => (7|7,0,6,2);
				(7|7,0,6,5) => (7|7,0,6,5);
				(7|7,0,6,6) => (7|7,0,6,6);
				(7|7,0,6,7) => (7|7,0,6,7);
				(7|7,0,7,2) => (7|7,0,7,2);
				(7|7,0,7,4) => (7|7,0,7,4);
				(7|7,0,7,5) => (7|7,0,7,5);
				(7|7,0,7,6) => (7|7,0,7,6);
				(7|7,1,0,1) => (7|7,1,0,1);
				(7|7,1,0,5) => (7|7,1,0,5);
				(7|7,1,3,0) => (7|7,1,3,0);
				(7|7,1,5,5) => (7|7,1,5,5);
				(7|7,1,6,0) => (7|7,1,6,0);
				(7|7,1,6,5) => (7|7,1,6,5);
				(7|7,1,6,6) => (7|7,1,6,6);
				(7|7,1,6,7) => (7|7,1,6,7);
				(7|7,2,0,0) => (7|7,2,0,0);
				(7|7,2,0,7) => (7|7,2,0,7);
				(7|7,2,2,0) => (7|7,2,2,0);
				(7|7,2,7,0) => (7|7,2,7,0);
				(7|7,2,7,6) => (7|7,2,7,6);
				(7|7,3,0,2) => (7|7,3,0,2);
				(7|7,3,0,5) => (7|7,3,0,5);
				(7|7,3,0,6) => (7|7,3,0,6);
				(7|7,3,1,0) => (7|7,3,1,0);
				(7|7,3,7,6) => (7|7,3,7,6);
				(7|7,4,7,0) => (7|7,4,7,0);
				(7|7,5,1,0) => (7|7,5,1,0);
				(7|7,5,2,0) => (7|7,5,2,0);
				(7|7,5,3,0) => (7|7,5,3,0);
				(7|7,5,3,7) => (7|7,5,3,7);
				(7|7,5,6,7) => (7|7,5,6,7);
				(7|7,5,7,0) => (7|7,5,7,0);
				(7|7,5,7,6) => (7|7,5,7,6);
				(7|7,6,0,1) => (7|7,6,0,1);
				(7|7,6,0,2) => (7|7,6,0,2);
				(7|7,6,0,3) => (7|7,6,0,3);
				(7|7,6,0,5) => (7|7,6,0,5);
				(7|7,6,0,7) => (7|7,6,0,7);
				(7|7,6,1,0) => (7|7,6,1,0);
				(7|7,6,2,0) => (7|7,6,2,0);
				(7|7,6,3,1) => (7|7,6,3,1);
				(7|7,6,5,7) => (7|7,6,5,7);
				(7|7,6,7,0) => (7|7,6,7,0);
				(7|7,6,7,2) => (7|7,6,7,2);
				(7|7,6,7,3) => (7|7,6,7,3);
				(7|7,6,7,5) => (7|7,6,7,5);
				(7|7,6,7,7) => (7|7,6,7,7);
				(7|7,7,0,1) => (7|7,7,0,1);
				(7|7,7,0,2) => (7|7,7,0,2);
				(7|7,7,0,6) => (7|7,7,0,6);
				(7|7,7,1,6) => (7|7,7,1,6);
				(7|7,7,2,0) => (7|7,7,2,0);
				(7|7,7,5,3) => (7|7,7,5,3);
				(7|7,7,5,6) => (7|7,7,5,6);
				(7|7,7,6,0) => (7|7,7,6,0);
				(7|7,7,6,5) => (7|7,7,6,5);
				(7|7,7,6,7) => (7|7,7,6,7);
				(7|7,7,7,6) => (7|7,7,7,6);
				(7|7,7,7,7) => (7|7,7,7,7);
				%  round 2: 3004 added (total 8573). ;
			</transitionRules>
		</Hash>
	</Rule>
	<Design>
		<valueRange>(0.000, 7.000)</valueRange>
		<cellFillColor>
			<stateRGBAColor value="0.000">255, 255, 255, 200</stateRGBAColor>
			<stateRGBAColor value="1.000">  0, 255, 255, 200</stateRGBAColor>
			<stateRGBAColor value="2.000">255, 170,   0, 200</stateRGBAColor>
			<stateRGBAColor value="3.000">255,   0,  55, 200</stateRGBAColor>
			<stateRGBAColor value="4.000">128, 100, 255, 200</stateRGBAColor>
			<stateRGBAColor value="5.000">109, 224,  81, 200</stateRGBAColor>
			<stateRGBAColor value="6.000">135,   0, 204, 200</stateRGBAColor>
			<stateRGBAColor value="7.000">  0,   0, 255, 200</stateRGBAColor>
		</cellFillColor>
		<lineRGBAColor>128, 128, 128, 128</lineRGBAColor>
		<activeCellRGBAColor>0, 50, 180, 30</activeCellRGBAColor>
		<activeLineRGBAColor>0, 50, 200, 120</activeLineRGBAColor>
		<undefinedRGBAColor>255, 0, 0, 255</undefinedRGBAColor>
	</Design>
</CellularAutomaton>